Identifikatornummer,Nachname,Vorname,Mädchenname,Alternative Schreibweise,Letzte freiwillige Wohnadresse,Längengrad (freiwillige Wohnadresse),Breitengrad (freiwillige Wohnadresse),Letzte erzwungene Wohnadresse,Längengrad (erzwungene Wohnadresse),Breitengrad (erzwungene Wohnadresse),Geburtsdatum,Geburtsort,Todesdatum,Sterbeort (Bezeichnung),Längengrad (Sterbeort),Breitengrad (Sterbeort),Opferkategorie,Biografie,Geschlecht,Jugendlich,Erinnerungszeichen (DERLA Nummer),Literatur,,
1,Adler,Erwin,-,-,"Mariahilferstraße 13, 8020 Graz",15.43338116,47.07220566,-,-,-,14.01.1884,"Mürzzuschlag, Steiermark",-,-,-,-,jüdischeopfer;jüdisch,"Sohn von Adler Ignatz und Rosa, geb. Kronberger; als Geburtsdaten findet sich neben dem 14.01.1884 auch der 14.02.1884; als Geburtsort neben Mürzzuschlag, Steiermark findet sich auch Lackenbach, Burgenland; Deportation von Zagreb in unbekanntes Lager",männlich,nein,-,DÖW; Geni; MyHeritage,,
2,Altmann,Ernst,-,-,"Annenstraße 9, 8020 Graz",15.43133551,47.07102645,-,-,-,22.11.1910,"Graz, Steiermark",22.12.1938,KZ Dachau,11.46869264,48.26883841,jüdischeopfer;jüdisch,"Sohn von Altmann Albert und Elise, geb. Bienenstock; Bruder von Altmann Ferdinand; tätig als Marktlieferant; Verhaftung im Zuge des Novemberpogroms; 12.11.1938 Deportation nach Dachau, wo er laut der Todesfallmeldung an einer Herz-Kreislauf-Schwäche verstarb",männlich,nein,-,"DÖW; Yad Vashem Auswanderungsfragebogen; Geni; Lamprecht, G./ Halbrainer, H./ Haizl, J.: Annenstraße 1938. Raub und Vertreibung. Graz 2025.",,
3,Altmann,Ferdinand,-,-,"Annenstraße 9/2, 8020 Graz",15.43133551,47.07102645,-,-,-,23.03.1898,"Graz, Steiermark",31.12.1943,Nisko am San,22.14128036,50.51927431,jüdischeopfer;jüdisch,"Sohn von Altmann Albert und Elise, geb. Bienenstock; verheiratet mit Klementine; Vater von Egon und Norbert; Betreiber eines Gold- und Silberwarengeschäfts am Südtirolerplatz 8; seit April; ausgetreten aus der israelitischen Kultusgemeinde am 08.08.1924; seit April 1937 Geschäftsführer des Stampiglien Geschäfts seiner Mutter Elise; bis 1937 wohnhaft in der Annenstraße 28 und dann in der Annenstraße 34;  wieder eingetreten in die Israelitische Kultusgemeinde am 08.06.1938; zuletzt wohnhaft ab Juli 1938 in der Annenstraße 9, 8020 Graz; Zwangsübersiedlung nach Wien; 27.10.1939 Deportation von Wien nach Nisko, wo er in der Folge umkam",männlich,nein,-,"DÖW; Auswanderungsfragebogen; Geni;  Lamprecht, G./ Halbrainer, H./ Haizl, J.: Annenstraße 1938. Raub und Vertreibung. Graz 2025.",,
4,Anders,Paula,Pollak,Pauline,"Heinrichstraße 103, 8010 Graz",15.45514259,47.08300352,"Untere Viaduktgasse 53/6, 1030 Wien",16.38712121,48.20640118,06.07.1882,"Graz, Steiermark",29.11.1941,Kaunas,23.90122225,54.90262053,jüdischeopfer;jüdisch,"Tochter von Pollak Leopold und Emilie, geb. Deutsch; 1. Ehe mit Berger Alfred; Mutter von Bronyi Ruth, geb. Berger; Tod von Ehemann Alfred am 11.02.1917; 2. Ehe mit dem Grazer Rechtsanwalt Dr. Paul Anders; Hausfrau; bis 1933 zunächst wohnhaft in der Grillparzerstraße 4, 8010 Graz; von 1933 bis 1938 wohnhaft in der Villa Platzer in der Heinrichstraße 103, 8010 Graz; Mitte Jänner 1939 musstesie ausziehen; kurzzeitig wohnhaft in der Beethovenstraße 30 bei Lotte Maulwurf; am 09.02.1939 Abmeldung in Graz und Zwangsübersiedlung nach Wien; während des 2. Weltkriegs in Untere Viaduktgasse 53/6, 1030 Wien; 23.11.1941 Deportation von Wien nach Kaunas, wo sie ermordet wird",weiblich,nein,o:derla.sty492,"Yad Vashem; DERLA; DÖW; Geni; Hummelbrunner, R./ Pollet-Kammerlander, D./ Rosmann, H./ Thümmel, E.: Erinnern Sie sich? 282 abgebrochene Häuser in Graz. Graz 2023.; Halbrainer, H./ Lamprecht, G./ Rigerl, G.: Orte und Zeichen der Erinnerung. Erinnerungszeichen für die Opfer von Nationalsozialismus und Krieg in der Steiermark. Graz 2018, S. 196.; Halbrainer, H.: Opfer rassistischer Verfolgung aus dem Bezirk Geidorf. In: Halbrainer, H./ Lamprecht, G.: Jüdisches Geidorf? Eine historische Spurensuche. Graz 2020, S. 68.",,"als Geburtsdatum finden sich der 06.07.1883 und der 06.07.1885 auf Yad Vashem und der 06.07.1882 auf DERLA, DÖW und bei Halbrainer; auf Yad Vashem findet sich Sterbedatum 1940 in Riga, Lettland und auf DÖW und in Halbrainer 29.11.1941 in Kaunas, Litauen"
5,Arnold,August,-,-,"Lendplatz 5, 8020 Graz",15.43155086,47.07417726,-,-,-,25.01.1909,"Graz, Steiermark",-,-,-,-,jüdischeopfer;jüdisch,"Sohn von Arnold Moritz und Marjama Perl, geb. Munczek; Schüler des Realgymnasiums 1918-1920; wohnhaft während 2. WK in Lendplatz 5, 8020 Graz;  Deportation von Fužine in unbekanntes Lager",männlich,nein,-,DÖW; Yad Vashem; Geni,,
6,Arnold,Melanie,-,Mella,"Lendplatz 5, 8020 Graz",15.43155086,47.07417726,"Tandelmarktgasse 5a, 1020 Wien",16.37881285,48.21730861,13.12.1913,"Graz, Steiermark",-,-,-,-,jüdischeopfer;jüdisch,"Tochter von Arnold Moritz und Marjama Perl, geb. Munczek; vor dem 2. Weltkrieg wohnhaft am Lendplazt 5, 8020 Graz; Zwangsumsiedlung nach Wien; während des 2. Weltkriegs in einer Sammelwohnung in der Tandelmarktgasse 5a, 1020 Wien; 02.11.1941 Deportation von Wien nach Litzmannstadt",weiblich,nein,-,DÖW; Yad Vashem; Geni,,unklar seit wann in Wien; laut Herbert Birett in Wien wohnhaft
7,Arnold,Salomon,-,-,"Lendplatz 5, 8020 Graz",15.43155086,47.07417726,-,-,-,12.05.1907,"Stanislau, Ukraine",-,-,-,-,jüdischeopfer;jüdisch,"Sohn von Arnold Moritz und Marjama Perl, geb. Munczek; wohnhaft vor und während 2. WK in Lendplatz 5, 8020 Graz; 17.07.1942 Deportation von Wien nach Auschwitz",männlich,nein,-,DÖW; Geni,,
8,Arway,Magda,Leschziner,Arvay,"Nibelungengasse 4, 8010 Graz",15.45370986,47.06735882,"Müllnergasse 24/10, 1090 Wien",16.36381787,48.22285113,12.12.1890,"Breslau, Polen",1943,-,-,-,jüdischeopfer;jüdisch,"Tochter von Leschziner Max Markus und Euphemie Friederike; verheiratet mit Arvay Geza; Mutter von Lichtmann Lilly und Arvay Heinz; im Jahr 1938 lebte sie noch in Graz; während 2. Weltkrieg in einer Sammelwohnung in der Müllnergasse 24/10, 1090 Wien; 17.07.1942 Deportation von Wien nach Auschwitz",weiblich,nein,-,Yad Vashem; DÖW; Auswanderungsfragebogen; Geni,,"als Geburtsdatum finden sich auf Yad Vashem das Jahr 1891 und das Jahr 1990, laut Auswanderungsfragebogen ist das Geburtsdatum der 12.12.1890"
9,Asatanowicz,Abraham,-,-,"Grieskai 46, 8020 Graz",15.43388054,47.06539463,"Zweiglgasse 14, 8020 Graz ",15.43229999,47.06471990,22.07.1896,"Sanok, Polen",-,-,-,-,jüdischeopfer;jüdisch,"als Geburtsdatum findet sich neben dem 22.07.1896 auch der 02.06.1896; Heirat am 16.04.1922 in Krakau mit Helene, geb. Dattner; Vater von Karl, Rosa und Bernhard; Kaufmann; wohnhaft in Sarwolin, Polen, dann Zuwanderung nach Graz; zuletzt tätig als Gemüsehändler; nach 1938 Zwangsumsiedlung in die Sammelwohnung in Zweigelgasse 14, 8020 Graz, mit weiteren jüdischen Familien; Deportation von Polen in ein unbekanntes Lager",männlich,nein,-,DÖW; Auswanderungsfragebogen; Geni,,"Geburtsdatum laut Auswanderungsfrageborgen am 02.06.1896, aber sonst überall 22.07.1896"
10,Asatanowicz,Bernhard,-,Harry Asatanowicz,"Grieskai 46, 8020 Graz",15.43388054,47.06539463,"Zweiglgasse 14, 8020 Graz ",15.43229999,47.06471990,13.02.1934,"Graz, Steiermark",-,-,-,-,jüdischeopfer;jüdisch,"Sohn von Asatanowicz Abraham und Helene, geb. Dattner; als Geburtsdaten finden sich auch der 12.02.1934 und das Jahr 1935; nach 1938 Zwangsumsiedlung in die Sammelwohnung in Zweigelgasse 14, 8020 Graz, mit weiteren jüdischen Familien; Deportation von Polen in ein unbekanntes Lager",männlich,ja,-,DÖW; Yad Vashem; Auswanderungsfragebogen; Geni,,Bild verfügbar; Geburtsdatum auf Yad Vashem 1935
11,Asatanowicz,Helene,Dattner,Hela Assatanovitz,"Grieskai 46, 8020 Graz",15.43388054,47.06539463,"Zweiglgasse 14, 8020 Graz ",15.43229999,47.06471990,14.08.1895,"Zator, Polen",1942,Nowy Targ,20.03333634,49.48334932,jüdischeopfer;jüdisch,"Tochter von Dattner David und Sarah; als Geburtsdatum wird neben dem 14.08.1895 auch der 17.06.1895 und das Jahr 1898 angegeben; verheiratet mit Asatanowicz Abraham; Mutter von Karl, Rosa und Bernhard; Hausfrau; wohnhaft in Graz; nach 1938 Zwangsumsiedlung in die Sammelwohnung in Zweigelgasse 14, 8020 Graz, mit weiteren jüdischen Familien ",weiblich,nein,-,DÖW; Yad Vashem; Auswanderungsfragebogen; Geni,,"mehrere Geburtsdaten und Schreibweisen, auch Sterbeort Novy Targ zu überprüfen"
12,Barber,Stefan,-,Stephan,"Feuerbachgasse 16, 8020 Graz",15.43167373,47.06992512,-,-,-,09.03.1900,"Frankfurt an der Oder, Deutschland",02.03.1942,"Bernburg an der Saale, Tötungsanstalt",11.72926966,51.78731508,jüdischeopfer;als Jude verfolgt,Mittelschulbesuch in Graz; 09.03.1914 übergetreten zum Katholizismus; während 2. WK in Graz;  15.10.1938 Deportation von Graz nach Buchenwald; als Sterbedatum wird neben dem 02.03.1942 auch der 14.03.1942 angegeben; als Sterbeort wird neben Bernburg an der Saale auch das KZ Buchenwald angegeben,männlich,nein,-,DÖW; Gedenkbuch des deutschen Bundesarchivs; Geni,,"laut Gedenkbuch des deutschen Bundesarchivs Tod in Bernburg an der Saale am 02. März. 1942, sonst 14.03.1942 in Buchenwald (DÖW); zum Übertriit zum Katholizismus konnte ich nichts finden (stammt aus Vorgängerdatei)"
13,Bart,Anna,Nagler,-,Graz,-,-,-,-,-,1895,"Czernowitz, Ukraine",1940,KZ Dachau,11.46869264,48.26883841,jüdischeopfer;jüdisch,verheiratet mit Bart Leon; Mutter von Bart Heinz; Apothekerin,weiblich,nein,-,Yad Vashem; Geni,,
14,Bart,Heinz,-,Heinc Halpern-Bart,Graz,-,-,-,-,-,1921,"Graz, Steiermark",1940,KZ Dachau,11.46869264,48.26883841,jüdischeopfer;jüdisch,"Sohn von Bart Leon und Anna, geb. Nagler; Schüler",männlich,ja,-,Yad Vashem; Geni,,
15,Beer,Jakob Osias,-,Jacob; Janek; Janeck Jakob; Yaakov Ber,"Rösselmühlgasse 40, 8020 Graz",15.42743666,47.06662276,-,-,-,22.08.1898,"Żabnica, Polen",1944,KZ Auschwitz,19.17371606,50.03774115,jüdischeopfer;jüdisch,"Sohn von Beer Matityahu (Mattes) und Rosalia, geb. Posner; Heirat am 21.07.1921 in Drohobycz mit Frieda Frimet, geb. Schwarz; auch der 21.07.1929 wird als Hochzeitstag genannt; Vater von Theodor Maximilian und Stella; Privatbeamter; zugewandert nach Graz aus Radymno; vor und während 2. WK in Graz, Elisabethinergasse 40 und Rösselmühlgasse 40; dann in Frankreich; Transport 29 von Drancy nach Auschwitz am 07.09.1942, wo er ermordet wurde",männlich,nein,-,DÖW; Yad Vashem; Geni,,Bild verfügbar
16,Beer,Frieda Frimet,Schwarz,Frieda Schwartz ,"Elisabethinergasse 40, 8020 Graz",15.42739750,47.06580288,-,-,-,13.02.1900,"Drohobycz, Ukraine",1944,KZ Auschwitz,19.17371606,50.03774115,jüdischeopfer;jüdisch,"Tochter von Schwarz David; verheiratet mit Beer Jakob Osias; Mutter von Theodor und Stella; vor dem 2. Weltkrieg wohnhaft in Graz; während 2. WK in Paris; Transport 29 von Drancy nach Auschwitz am 07.09.1942, wo sie ermordet wurde",weiblich,nein,-,DÖW; Yad Vashem; Geni,,laut DÖW andere Adresse in Graz als ihr Mann
17,Beer,Theodor Maximilian,-,Teodor Ber; Tommie,Graz (vermutlich wohnhaft bei Eltern),-,-,-,-,-,12.08.1933,"Graz-Eggenberg, Steiermark",16.07.1943,KZ Sobibor,23.59556641,51.44625184,jüdischeopfer;jüdisch,"Sohn von Beer Jakob Osias und Frieda Frimet Beer, geb. Schwarz; vor dem 2. Weltkrieg in Graz-Eggenberg; während des 2. Weltkriegs in Westerbork; Deportation von Westerbork nach Sobibor, wo er ermodet wurde",männlich,ja,-,Yad Vashem; DÖW; Geni,,
18,Benčić ,Alexander,-,-,"Joanneumring 5, 8010 Graz",15.44101292,47.06740573,-,-,-,27.06.1890,"Sisak, Kroation",1942,KZ Jasenovac,16.92189235,45.27730038,jüdischeopfer;jüdisch,"verheiratet mit Sidonie, geb. Brecher; 1938 Flucht nach Zagreb mit Ehefrau Sidonie; er starb im Jahr 1942 im KZ Jasenovac",männlich,nein,-,Yad Vashem; DERLA (Sidonie Bencic); Geni,,"der 27.06.1890 findet sich als Gebrutsdatum mit dem Geburtsort auf Geni, auf Yad Vashem nur Geburtsjahr 1890 "
19,Benčić ,Sidonie,Brecher,-,"Joanneumring 5, 8010 Graz",15.44101292,47.06740573,-,-,-,30.05.1898,"Sobotište, Slowakei",1942,KZ Jasenovac,16.92189235,45.27730038,jüdischeopfer;jüdisch,"Tochter von Brecher Max und Rudolfine, geb. Rosenbaum; verheiratet mit Bencic Alexander; 1938 Flucht nach Zagreb; nach dem Einmarsch der Deutschen Truppen wurde sie in das KZ Jasenovac verbracht und dort 1942 ermordet; als Sterbedatum wird auch der 31.12.1941 angegeben",weiblich,nein,o:derla.sty488,"DÖW; DERLA; Yad Vashem; Geni; Halbrainer, H./ Lamprecht, G./ Rigerl, G.: Orte und Zeichen der Erinnerung. Erinnerungszeichen für die Opfer von Nationalsozialismus und Krieg in der Steiermark. Graz 2018, S. 193.",,Bild verfügbar; in Yad Vahsem anderes Sterbedatum als in DERLA
20,Bendiner,Alois,-,-,"Strauchergasse 8, 8020 Graz",15.42832448,47.07218621,-,-,-,26.01.1876,"Mureck, Steiermark",-,Kroatien,-,-,jüdischeopfer;jüdisch,"Sohn von Bendiner Philipp und Rosa, geb. Stern; verheiratet mit Bendiner Julie, geb. Haas; Vater von Roth Amalia, Bendiner Hertha, Philipp, Helmut und Maurer Ilse; Holzhändler in Graz; 1929 Tod seiner Ehefrau Julie; 1939 Flucht aus Graz nach Zagreb; während der NS-Herrschaft in Kroatien ums Leben gekommen",männlich,nein,o:derla.sty490,"DERLA; Auswanderungsfragebogen; Geni; Halbrainer, H./ Lamprecht, G./ Rigerl, G.: Orte und Zeichen der Erinnerung. Erinnerungszeichen für die Opfer von Nationalsozialismus und Krieg in der Steiermark. Graz 2018, S. 194.",,
21,Berger,Ignaz,-,Ignatz,"Elisabethinergasse 34, 8020 Graz",15.42683284,47.06662832,"Floßgasse 9, 1020 Wien",16.37458410,48.21761255,07.10.1875,"Sološnica, Slowakei",1941,Minsk,27.54284303,53.90986134,jüdischeopfer;jüdisch,"Sohn von Berger Hermann und Henriette; verheiratet mit Berger Olga, geb. Deutsch; Vater von Sommer Marta und Berger Walter Hermann;  wohnhaft in Graz; während 2. WK in Esteplatz 7, 1030 Wien und zuletzt in in einer Sammelwohnung in der Flossgasse 9/10, 1020 Wien; 28.11.1941 Deportation nach Minsk ins Ghetto, wo er starb",männlich,nein,o:derla.vie1289,Yad Vashem; DERLA; DÖW; Stolperstein von Walter Berger,,Bild verfügbar unter Yad Vashem
22,Berger,Olga,Deutsch,-,"Elisabethinergasse 34, 8020 Graz",15.42683284,47.06662832,"Floßgasse 9, 1020 Wien",16.37458410,48.21761255,24.08.1887,"Walpersbach, Niederösterreich",1941,Minsk,27.54284303,53.90986134,jüdischeopfer;jüdisch,"Tochter von Deutsch Samuel Wilhelmine, geb. Seidl; verheiratet mit Berger Ignaz; Mutter von Sommer Marta und Berger Walter Hermann;  wohnhaft in Graz; während 2. WK in Esteplatz 7, 1030 Wien und zuletzt in in einer Sammelwohnung in der Flossgasse 9/10, 1020 Wien; 28.11.1941 Deportation nach Minsk ins Ghetto, wo sie starb",weiblich,nein,o:derla.vie1290,Yad Vashem; DERLA; DÖW; Stolperstein von Walter Berger,,Bild verfügbar unter Yad Vashem; neben dem 24.08.1887 (DERLA; DÖW) findet sich auch der 10.08.1887 (Yad Vashem) und der 12.09.1887 (Geni) als Geburtsdatum
23,Berger ,Regina,-,-,Graz,-,-,-,-,-,-,"Graz, Steiermark",-,-,-,-,jüdischeopfer;jüdisch,Deportation von Belgien in unbekanntes Lager,weiblich,,-,DÖW; Yad Vashem,,kaum Informationen vorhanden
24,Bienenstock,Heinrich,-,-,"Kindermanngasse 20, 8020 Graz",15.42512173,47.06680825,"Berggasse 20, 1090 Wien",16.36335792,48.21841871,19.11.1888,"Graz, Steiermark",-,-,-,-,jüdischeopfer;jüdisch,"Sohn von Bienenstock Jacob und Antonie Miriam Trana, geb. Rosenblum; 1. Ehe mit Josepha, geb. Leitner; 2. Ehe mit Olga, geb. Stern; selbständig tätig als Optiker und Uhrmacher; vor dem 2. Weltkrieg in Kindermanngasse 20, 8020 Graz; während des 2. Weltkriegs in einer Sammelwohnung Berggasse 20, 1090 Wien; 19.02.1941 Deportation von Wien nach Kielce ",männlich,nein,-,DÖW; Yad Vashem; Auswanderungsfragebogen; Geni,,
25,Bienenstock,Markus,-,-,"Schörgelgasse 82, 8010 Graz",15.46266836,47.06622060,"Fleischmarkt 14, 1010 Wien",16.37663990,48.21063243,22.10.1884,"Graz, Steiermark",21.08.1942,Maly Trostinec,27.70358964,53.83507935,jüdischeopfer;jüdisch,"Sohn von Bienenstock Jacob und Antonie Miriam Trana, geb. Rosenblum; Ehe mit Angela, geb. Pogorecnik; Vater von Epstein Angela; seit Geburt in Graz wohnhaft; selbstständiger Stattler- und Riemermeister; vor dem 2. Weltkrieg in der Schörgelgasse 82, 88010 Graz; während des 2. Weltkriegs in einer Sammelwohnung in Fleischmarkt 14, 1010 Wien; 17.08.1942 Deportation von Wien nach Maly Trostinec, wo er ermordet wurde",männlich,nein,-,DÖW; Yad Vashem; Auswanderungsfragebogen; Geni,,als Geburtsdatum wird neben dem 22.10.1884 (Geni; Auswanderungsfragebogen) auch der 22.10.1864 (DÖW) angegeben
26,Bienenstock,Olga,Stern,-,"Kindermanngasse 20, 8020 Graz",15.42512173,47.06680825,"Berggasse 20, 1090 Wien",16.36335792,48.21841871,25.10.1893,"Körmend, Ungarn",-,-,-,-,jüdischeopfer;jüdisch,"verheiratet mit Bienenstock Heinrich; vor dem 2. Weltkrieg mit Ehemann in Kindermanngasse 20, 8020 Graz; während des 2. Weltkriegs in einer Sammelwohnung in Beggasse 20, 1090 Wien; 19.02.1941 Deportation von Wien nach Kielce",weiblich,nein,-,DÖW; Yad Vashem; Auswanderungsfragebogen; Geni,,
27,Biller,Rosa,Rapaport,-,"Keesgasse 7, 8010 Graz",15.43971063,47.06570680,"Leopoldsgasse 20, 1020 Wien",16.37647227,48.21956282,03.06.1866,Graz,11.05.1942,Maly Trostinec,27.70358964,53.83507935,jüdischeopfer;jüdisch,"Tochter von Rapaport Leopold und Cäcilie; verheiratet mit Biller Bernhard; Mutter von Biller Hans; Hausfrau; vor dem 2. Weltkrieg in Graz; im Verzeichnis der von Graz nach Wien übersiedelten Juden; zuletzt wohnhaft in der Leopoldsgasse 20, 1020 Wien; 06.05.1942 Deportation von Wien nach Maly Trostinec, wo sie ermordet wurde",weiblich,nein,-,Verzeichnis der von Graz nach Wien übersiedelten Juden; DÖW; Yad Vashem; Geni,,
28,Bittner,Salo,-,-,"Josef-Huber-Gasse 2/1, 8020 Graz",15.42677831,47.06656599,-,-,-,29.02.1896,"Boryslaw, Ukraine",02.12.1944,KZ Mauthausen,14.50013769,48.25707907,jüdischeopfer;jüdisch,wohnhaft in Graz seit 1923; Ausbildung als Bohrmeister und Beamter; tätig als Kaufmann und zuletzt arbeitslos; Deportation nach Płaszów; 10.08.1944 Überstellung von Płaszów nach Mauthausen,männlich,nein,-,DÖW; Auswanderungsfragebogen,,
29,Blüh,Wilhelm,-,-,"Annenstraße 31, 8020 Graz",15.42650569,47.07099634,-,-,-,04.10.1880,"Visoka, Kroatien",07.12.1941,"Ljubljana, Slowenien",14.50446027,46.05587690,jüdischeopfer;jüdisch,"Sohn von Blüh Moritz und Regina, geb. Taussig; 21.12.1909 Heirat in der Grazer Synagoge mit Adele, geb. Wurmfeld; Vater von Blüh Hans, Scharfstein Gertrude und Blüh Alfred; seit Anfang des 20. Jahrhunderts in Graz; seit 1909 Betreiber einer Ledergroßhandlung in der Leonhardstraße 12; von 1912 bis 1919 wohnhaft in der Annenstraße 25, 8020 Graz; von 1914 bis 1918 Militärdienst; seit 1919 wohnhaft in der Annenstraße 31, 8020 Graz; 01.08.1922 Tod der Ehefrau Adele; 1926 Heirat mit Olga, geb. Fleischer; bis 1938 Betreiber eines Lederhandelsgeschäftes und einer Schuhoberteilfabrik in der Annenstraße 31, 8020 Graz; März 1938 Haft im KZ Dachau; nach dem ""Anschluss"" 1938 Arisierung der Betriebe und des Hauses; im Zuge der Progromnacht erneute Verhaftung und er wird in n das KZ Dachau verbracht; im Dezember 1938 Ende der Schutzhaft im KZ Dachau und Rückkehr nach Graz; Anfang April 1939 Flucht nach Zagreb; nach dem Einmarsch der Wehrmacht in Jugoslawien im April 1941 Fortsetzung der Flucht; ab 1941 Zwangsarbeit im Lager Jastrebarsko; Gelungene Flucht aus dem Lager Jastrebarsko nach Ljubljana; 07.12.1941 Tod von Wilhelm Blüh durch einen Herzinfarkt aufgrund der Strapzen der Inhaftierungen, der Flucht und der Zwangsarbeit",männlich,nein,o:derla.sty264,"DERLA; Stolpersteine; Geni; Bodlos, I./ Lamprecht, G.: Die Geschichte der Familie Blüh. In: Halbrainer, H./ Lamprecht, G.: Jüdischer Gries. Eine Spurensuche. Graz 2022, S. 119-123.; Lamprecht, G./ Halbrainer, H./ Haizl, J.: Annenstraße 1938. Raub und Vertreibung. Graz 2025.",,Bild verfügbar unter Stolpersteine
30,Blühweis,Alois,-,-,"Griesgasse 22, 8020 Graz",15.43354447,47.06875948,-,-,-,29.05.1876,"Krizovljan-Cestica, Kroatien",1942/43,KZ Jasenovac,16.92189235,45.27730038,jüdischeopfer;jüdisch,"Sohn von Blühweiss Moritz und Helena, geb. Moses; wohnhaft in Graz seit ca. 1900; 1906 Heirat mit Hermine, geb. Jassniger; Vater von Gertrude und Helma; Lehrling von Eduard Hofmann in der Lederbranche; 1916 Einzug in die Elisabethstraße 35, 8010 Graz; 1917 Kauf des Hauses in der Griesgasse 22, 8020 Graz; 1917 Übernahme des Leder- und Maschinenriemenbetriebs seines Lehrherrn Eduard Hoffmann; in der Griesgasse 22, 8020 Graz; 17.05.1937 Tod von Hermine Blühweis; Misshandlung im Zuge der Novemberprogrome;  Liquidierung des Ledergeschäfts; januar 1939 Flucht nach Jugoslawien mit Tochter Helma; während des 2. Weltkriegs wohnhaft in Zagreb bei seiner Schwester; weitere Flucht von Tochter Helma nach Triest, die die Shoah überlebt; 09.02.1942 Deportation von Zagreb nach Jasenovac, wo er 1942/43 ermordet wird",männlich,nein,o:derla.sty266,"DÖW; DERLA; Stolpersteine; Geni; Halbrainer, H./ Lamprecht, G./ Rigerl, G.: Orte und Zeichen der Erinnerung. Erinnerungszeichen für die Opfer von Nationalsozialismus und Krieg in der Steiermark. Graz 2018, S. 173.; Tratinek, J.: Erinnerzungszeichen. In: Halbrainer, H./ Lamprecht, G.: Jüdisches Geidorf? Eine historische Spurensuche. Graz 2020, S. 62.; Halbrainer, H./ Theußl, M.: Der Leder- und Maschienenriemenbetrieb Hoffmann & Co von Alois Blühweis. In: Halbrainer, H./ Lamprecht, G.: Jüdischer Gries. Eine Spurensuche. Graz 2022, S. 174-177.",,Bild verfügbar in Stolpersteine unter https://www.stolpersteine-graz.at/stolpersteine/bluehweis-alois/ (am 09.04.2025)
31,Blühweiss,Josef,-,Blühweis; Bluehweiss,"Lendkai 29, 8020 Graz",15.43355543,47.07407587,"Färbergasse 2, 8010 Graz",15.43869368,47.07191557,18.04.1905,"Graz, Steiermark",1943,KZ Auschwitz,19.17371606,50.03774115,jüdischeopfer;jüdisch,"Sohn von Blühweiss Samuel und Katharina, geb. Nagele; ledig; tätig als Buchhalter; im Jahr 1938 war er noch wohnhaft in Lendkai 29, 8020 Graz; im Jahr 1939 war er wohnhaft in Färbergasse 2, 8010 Graz (vermutlich Sammelwohnung); während 2. Weltkrieg in Varazdin, Jugoslawien; Deportation nach Auschwitz, wo er starb",männlich,nein,-,Yad Vashem; Auswanderungsfragebogen; Geni,,"wahrscheinlich ist die Färbergasse 2, 8010 Graz ein erzwungener Wohnort"
32,Bonyhadi,Bertha,Stössl,Berta; Betty; Bonihadi,"Feuerbachgasse 10, 8020 Graz",15.43198946,47.07046037,-,-,-,02.05.1863,"Lackenbach, Burgenland",1939/1940,Wien,-,-,jüdischeopfer;jüdisch,"Tochter von Stössl Salomon und Kathi, geb. Kronberger; verheiratet mit Bonyhadi Salomon; Mutter von Bonyhadi Eduard, Norbert, Albert, Hafner Mira, Bonyhadi Berthold, Reuss Martha und Bonyhadi Emil Michael; Lederwarenhandlung in der Annenstraße 13; zunächst wohnhaft in der Annenstraße bzw. der Paradeisgasse; seit 1919 wohnhaft in der Feuerbachgasse 10, 8020 Graz; 1938/39 ""Arisierung"" der Lederwarenhandlung, 08.08.1939 Zwangsumsiedlung nach Wien, wo sie kurz darauf im verstarb; laut Halbrainer/Schmidt verstirbt sie eines natürlichen Todes",weiblich,nein,o:derla.sty268,"Stolpersteine; DERLA; Geni; Halbrainer, H./ Schmidt, I.: Der Ledergroßhandel der Familie Bonyhady. In: Halbrainer, H./ Lamprecht, G.: Jüdischer Gries. Eine Spurensuche. Graz 2022, S. 113-118.",,sie starb in Wien kurz nach der Zwangsumsiedlung; laut Halbrainer/Schmidt stirbt sie eines natürlichen Todes
33,Bonyhadi,Berthold,-,Bonyhadi; Bonihadi,"Feuerbachgasse 10, 8020 Graz",15.43198946,47.07046037,"Franz-Josefs-Kai 3/16, 1010 Wien",16.38165843,48.21116612,02.05.1896,"Graz, Steiermark",1944,KZ Auschwitz,19.17371606,50.03774115,jüdischeopfer;jüdisch,"Sohn von Bonyhady Salomon und Bertha, geb. Stössl; verheiratet mit Elisabeth (Else), geb. Samter; Lederhändler in der Annenstraße 13, 8020 Graz; zwischenzeitlich wohnhaft in Berlin; nach der nationalsozialistischen Machtübernahme Rückkehr nach Graz; von 1934 bis 1939 wohnhaft mit Ehefrau und Eltern in der Feuerbachgasse 10, 8020 Graz; am 08.08.1939 Zwangsumsiedlung nach Wien; während des 2. Weltkriegs in Franz-Josefs-Kai 3/16, 1010 Wien; 15.10.1941 Deportation von Wien in das Ghetto Lodz mit Ehefrau Elisabeth; 1944 kommen beide ins KZ Auschwitz, wo sie ermordet wurden",männlich,nein,o:derla.sty269,"Yad Vashem; DÖW; DERLA; Stolpersteine; Auswanderungsfragebogen; Geni; Halbrainer, H./ Schmidt, I.: Der Ledergroßhandel der Familie Bonyhady. In: Halbrainer, H./ Lamprecht, G.: Jüdischer Gries. Eine Spurensuche. Graz 2022, S. 113-118.",,
34,Bonyhadi,Elisabeth,Samter,Else Bonyhadi; Elsbeth; Bonihadi,"Feuerbachgasse 10, 8020 Graz",15.43198946,47.07046037,"Franz-Josefs-Kai 3/16, 1010 Wien",16.38165843,48.21116612,06.05.1899,"Berlin, Deutschland",1944,KZ Auschwitz,19.17371606,50.03774115,jüdischeopfer;jüdisch,"Tochter von Samter Georg und Emma, geb. Wohlgemuth; verheiratet mit Bonyhadi Berthold; nach der nationalsozialistischen Machtübernahme Übersiedlung nach Graz; von 1934 bis 1939 wohnhaft mit Ehemann in der Feuerbachgasse 10, 8020 Graz; am 08.08.1939 Zwangsumsiedlung nach Wien; 15.10.1941 Deportation von Wien in das Ghetto Lodz mit Ehemann Berthold; 1944 kommen beide ins KZ Auschwitz, wo sie ermordet wurden",weiblich,nein ,o:derla.sty270,"Yad Vashem; DERLA; Stolpersteine; DÖW; Auswanderungsfragebogen; Geni; Halbrainer, H./ Schmidt, I.: Der Ledergroßhandel der Familie Bonyhady. In: Halbrainer, H./ Lamprecht, G.: Jüdischer Gries. Eine Spurensuche. Graz 2022, S. 113-118.",,"als Geburtsdatum findet sich neben dem 06.05.1899 (DERLA; Stolpersteine; Auswanderungsfragebogen) auch der 05.06.1899 (DÖW); Tod in Auschwitz laut Stolpersteine, DERLA und Halbrainer/Schmidt, laut DÖW 01.06.1944 Deportation von Auschwitz ins KZ Stutthof, wo sie am 17.12.1944 ermordet wurde"
35,Bonyhady,Salomon,-,Bonyhadi,"Feuerbachgasse 10, 8020 Graz",15.43198946,47.07046037,-,-,-,17.01.1861,"Štvrtok na Ostrove, Slowakei",13.09.1939,Wien,-,-,jüdischeopfer;jüdisch,"Sohn von Bonyhadi Moses Moritz und Adelheid, geb. Perl; verheiratet mit Bertha, geb. Stössl; Vater von Bonyhadi Eduard, Norbert, Albert, Hafner Mira, Bonyhadi Berthold, Reuss Martha und Bonyhadi Emil Michael; von 1897 bis 1938 Lederwarenhändler in der Annenstraße 13; zunächst wohnhaft in der Annenstraße bzw. der Paradeisgasse; seit 1919 wohnhaft in der Feuerbachgasse 10, 8020 Graz; innerhalb der Israelitischen Kutlutsgemeinde Graz war er Präsident der Chewra Kadisha; Mitglied des Ausschusses der Israelitischen Kultusgemeinde; 1938/39 ""Arisierung"" der Lederwarenhandlung, 08.08.1939 Zwangsumsiedlung nach Wien, wo er kurz darauf verstarb",männlich,nein,o:derla.sty275,"Stolpersteine; DERLA; Geni; Halbrainer, H./ Schmidt, I.: Der Ledergroßhandel der Familie Bonyhady. In: Halbrainer, H./ Lamprecht, G.: Jüdischer Gries. Eine Spurensuche. Graz 2022, S. 113-118.; Lamprecht, G./ Halbrainer, H./ Haizl, J.: Annenstraße 1938. Raub und Vertreibung. Graz 2025",,er starb in Wien kurz nach der Zwangsumsiedlung; laut Halbrainer/Schmidt stirbt er eines natürlichen Todes
36,Borges,Georg,-,Jiří Borges,Graz,-,-,-,-,-,06.05.1884,Rokytnice v Orlických horách; Tschechien,-,Baranawitschy,26.01983847,53.13475144,jüdischeopfer;jüdisch,"Sohn Borges Otto und Rosa; vor dem 2. Weltkrieg in Graz; während des 2. Weltkriegs in Prag; 20.07.1942 Deportation von Prag nach Theresienstadt; 28.07.1942 Deportation von Theresienstadt nach Baranawitschy, wo er starb",männlich,nein,-,Yad Vashem; Holocaust.cz; Geni,,Bild verfügbar unter holocaust.cz; laut Geni handelt es sich bei ihm um Jiří Borges
37,Borges,Ottilie,-,Odilie,"Alberstraße 18, 8010 Graz",15.45074466,47.07015343,"Seegasse 16, 1090 Wien",16.36416307,48.22329781,07.11.1864,"Prag, Tschechien",1942,Maly Trostinec,27.70358964,53.83507935,jüdischeopfer;jüdisch,"Tochter von Borges Heinrich und Sophia, geb. Frank; verheiratet mit Borges Julius; Hausfrau; verwitwet; nach Tod des Mannes Zuverdienst durch Französisch-Sprachunterricht; Ende 1939 Zwangsumsiedlung nach Wien, letzte Adresse in der Seegasse 16, 1090 Wien; 28.06.1942 Deportation von Wien nach Theresienstadt; 25.08.1942 Überstellung von Theresienstadt nach Maly Trostinec, wo sie ermordet wurde",weiblich,nein,o:derla.sty276,Stolpersteine; DERLA; DÖW; Yad Vashem; Geni,,"als Geburtsort findet sich neben Prag (DERLA; Stolpersteine) auch Benešov, Tschechien (Geni)"
38,Brand,Anna,-,-,"Neubaugasse 55, 8020 Graz",15.42916173,47.07910665,-,-,-,05.04.1890,-,05.03.1942,"Bernburg an der Saale, Tötungsanstalt",11.72926966,51.78731508,jüdischeopfer;jüdisch,"vor dem 2. Weltkrieg in der Neubaugasse 55, 8020 Graz; 05.03.1942 Tod in Bernburg",weiblich,nein,-,Liste DÖW Graz_Wohnadresse; DÖW,,Informationen bislang nur auf DÖW
39,Braun,Charlotte,Sicher,-,Graz,-,-,"Hohe Warte 32, 1190 Wien",16.35604515,48.24748535,07.05.1880,"Voitsberg, Steiermark",1944,KZ Auschwitz,19.17371606,50.03774115,jüdischeopfer;jüdisch,"Tochter von Sicher Hermann und Theresia; verheiratet mit Braun Salamon; Mutter von Braun Elisabeth, Neumann Dora, Braun Katharina, Braun Henriette und Braun Margarethe; vor dem 2. Weltkrieg in Graz; 1939 Zwangsübersiedlung nach Wien; während des 2. Weltkriegs in einem Altersheim an der Adresse Hohe Warte 32, 1190 Wien; 28.06.1942 Deportation von Wien nach Theresienstadt; 28.10.1944 Überstellung von Theresienstadt nach Auschwitz, wo sie ermordet wurde",weiblich,nein,o:derla.sty500,"DERLA; DÖW; Yad Vashem; Geni; Halbrainer, H./ Lamprecht, G./ Rigerl, G.: Orte und Zeichen der Erinnerung. Erinnerungszeichen für die Opfer von Nationalsozialismus und Krieg in der Steiermark. Graz 2018, S. 202.",,als Geburtsdatum wird neben dem 07.05.1880 (DERLA; Geni) auch der 08.05.1880 (DÖW; Yad Vashem) angegeben
40,Braun,Klara,Singer,Katti Klara Braun,"Keplerstraße 49/II, 8020 Graz/ Hauptplatz 9, 8580 Köflach",15.42686373,47.07517919,"Große Stadtgutgasse 24/9, 1020 Wien",16.38417873,48.21977922,21.12.1870,"Dolná Mariková, Slowakei",14.03.1944,Theresienstadt,14.15064358,50.51089063,jüdischeopfer;jüdisch,"Tochter von Singer Jakob und Rosa, geb. Kohn; 24.04.1906 Heirat mit Braun Ignaz; Betreiberin einer Gemischtwarenhandlung mit ihrem Mann in Köflach; bis 1938 wohnhaft im Haus Köflach Nr. 15, heute Hauptplatz 9, 8580 Köflach; 27.04.1938 Tod ihres Mannes Ignaz Braun; Umzug nach Graz zu ihrer Schwester Bendiner Regine in die Keplerstraße 49/II, 8020 Graz; ""Arisieriung"" des Besitzes und des Vermögens; Ende Juli 1939 Zwangsumsiedlung nach Wien; zuletzt wohnhaft in einer Sammelwohnung in Große Stadtgutgasse 24/9, 1020 Wien; 13.08.1942 Deportation von Wien nach Theresienstadt, wo sie ermordet wurde",weiblich,nein,o:derla.sty149; o:derla.sty484; o:derla.sty554,"Stolpersteine; DERLA; DÖW; Yad Vashem; Geni; Halbrainer, H./ Lamprecht, G./ Rigerl, G.: Orte und Zeichen der Erinnerung. Erinnerungszeichen für die Opfer von Nationalsozialismus und Krieg in der Steiermark. Graz 2018, S. 190. ",,Bilder verfügbar unter Stolpersteine
41,Braun,Leo,-,-,"Oeverseegasse 29, 8020 Graz",15.42635600,47.06262394,-,-,-,29.10.1913,"Graz, Steiermark",28.03.1941,KZ Buchenwald,11.24944041,51.02172998,jüdischeopfer;jüdisch,"Sohn von Braun Richard und Valerie, geb. Schweizer; ausgebildeter Doctor iuris und Grichtsjahr vollendet; vor dem 2. Weltkrieg in der Oeverseegasse 29, 8020 Graz; 15.10.1938 Deportation von Graz nach Buchenwald, wo er ermordet wurde",männlich,nein,-,DÖW; Yad Vashem; Auswanderungsfragebogen; Geni,,Angaben zu Beruf aus Auswanderungsfragebogen; als Sterbedatum findet sich neben dem 28.03.1941 (DÖW; Geni) auch der 07.04.1941 (Yad Vashem)
42,Braun,Marie,Grünhut,Maria; Mitzi,Graz,-,-,"Krafftgasse 6/14, 1020 Wien",16.37294938,48.22216520,01.03.1875,"Graz, Steiermark",-,Treblinka,22.02263844,52.66443665,jüdischeopfer;jüdisch,"Tochter von Grünhut Bernhard und Henriette, geb. Pollak; geboren in Graz; verheiratet mit Braun Kalman; Mutter von Konstandt Olga, Braun Herbert und Oskar; vor dem 2. Weltkrieg in Graz; während des 2. Weltkriegs in einer Alterswohngemeinschaft in der Krafftgasse 6,1020 Wien; 13.08.1942 Deportation von Wien nach Theresienstadt; 26.09.1942 Überstellung von Theresienstadt nach Treblinka, wo sie ermordet wurde",weiblich,nein,-,Yad Vashem; DÖW Auswanderungsfragebogen; Geni,,"als Geburtsdatum findet sich neben dem 01.03.1875 (Geni) auch der 01.05.1875 (DÖW), der 01.03.1878 (Auswanderungsfragebogen von Oskar) und das Jahr 1877 (Yad Vashem)"
43,Braun,Richard,-,-,"Oeverseegasse 29, 8020 Graz",15.42635600,47.06262394,"Haidgasse 10/14, 1020 Wien",16.37944219,48.21790080,11.10.1875,"Wien, Österreich",17.11.1942,Theresienstadt,14.15064358,50.51089063,jüdischeopfer;jüdisch,"Sohn von Braun Carl und Lina, geb. Neufeld; verheiratet mit Valerie, geb. Schweizer; Vater von Braun Carl und Leo; vor dem 2. Weltkrieg in der Oeverseegasse 29, 8020 Graz; während des 2. Weltkriegs zunächst in der Halmgasse 2/4, 1020 Wien; zuletzt wohnhaft in der Haidgasse 10/14, 1020 Wien; 13.08.1942 Deportation von Wien nach Theresienstadt, wo er und seine Frau ermordet wurden",männlich,nein,-,Liste DÖW Auswanderungsfragebogen; DÖW; Yad Vashem; Auswanderungsfragebogen; Geni,,
44,Braun,Salamon,-,Salomon,Graz,-,-,"Hohe Warte 32, 1190 Wien",16.35604515,48.24748535,25.10.1868,"Voitsberg, Steiermark",1944,KZ Auschwitz,19.17371606,50.03774115,jüdischeopfer;jüdisch,"Sohn von Braun Bernhard und Regina, geb. Baron; verheiratet mit Charlotte, geb. Sicher; Vater von Braun Elisabeth, Neumann Dora, Braun Katharina, Braun Henriette und Braun Margarethe; Holzhändler; vor dem 2. Weltkrieg in Graz; 1939 Zwangsübersiedlung nach Wien; während des 2. Weltkriegs in einem Altersheim an der Adresse Hohe Warte 32, 1190 Wien; 28.06.1942 Deportation von Wien nach Theresienstadt; 28.10.1944 Überstellung von Theresienstadt nach Auschwitz, wo er ermordet wurde",männlich,nein,o:derla.sty500,"DERLA; DÖW; Yad Vashem; Geni; Halbrainer, H./ Lamprecht, G./ Rigerl, G.: Orte und Zeichen der Erinnerung. Erinnerungszeichen für die Opfer von Nationalsozialismus und Krieg in der Steiermark. Graz 2018, S. 202.",,als Geburtsdatum wird neben dem 25.10.1868 (DERLA) auch der 21.10.1868 (DÖW; Yad Vashem) und der 27.10.1868 (Geni) angegeben
45,Braun,Valerie,Schweizer,-,"Oeverseegasse 29, 8020 Graz",15.42635600,47.06262394,"Haidgasse 10/14, 1020 Wien",16.37944219,48.21790080,22.07.1874,"Wien, Österreich",17.10.1942,Theresienstadt,14.15064358,50.51089063,jüdischeopfer;jüdisch,"Tochter von Schweizer Ignaz und Marie; verheiratet mit Braun Richard; Mutter von Braun Carl und Leo; vor dem 2. Weltkrieg in der Oeverseegasse 29, 8020 Graz; während des 2. Weltkriegs in der Haidgasse 10/14, 1020 Wien; 13.08.1942 Deportation von Wien nach Theresienstadt, wo sie und ihr Mann ermordet wurden",weiblich,nein,-,Liste DÖW Auswanderungsfragebogen; DÖW; Yad Vashem; Auswanderungsfragebogen; Geni,,
46,Brautmann,Ernst Jakob,-,-,Graz,-,-,-,-,-,04.01.1901,"Czernowitz, Ukraine",-,Kopajhorod,27.79957908,48.85456430,jüdischeopfer;jüdisch,"Sohn von Brautmann Adolf und Mina, geb. Horowitz; 1. Ehe mit Maria Franziska Barbara, geb. Smogavetz; 2. Ehe mit Irma; während 2. Weltkrieg in Czernowitz; Tod durch Erschießung",männlich,nein,-,Yad Vashem; Geni,,als Geburtsdatum wird neben dem 04.01.1891 auch das Jahr 1901 angegeben
47,Brecher,Ernst,-,Ernest,"Geidorfgürtel 24, 8010 Graz",15.45305684,47.07757788,"Börsegasse 12/1, 1010 Wien",16.36780730,48.21534653,31.10.1895,"Sobotište, Slowakei",04.08.1942,KZ Lublin-Majdanek,22.60613393,51.22527327,jüdischeopfer;jüdisch,"Sohn von Brecher Max und Rudolfine, geb Rosenbaum; seit 1906 in Graz wohnhaft; Heirat am 11.10.1931 mit Klara, geb. Taussig; Vater von Brecher Henry Heinz; Tuchhändler in Graz; vor 2. Weltkrieg in Geidorfgürtel 24, 8010 Graz wohnhaft;  nach Anschluss sechsjährigen Sohn Henry zu Verwandten nach Zagreb geschickt; 1938 zum Auszug gezwungen; bis August 1939 wohnhaft in der Kreuzgasse 15, 8010 Graz; 28.08.1939 Abmeldung anch Wien; während 2. Weltkrieg in Börsegasse 12/1, 1010 Wien; ; 14.06.1942 Deportation von Wien nach Lublin-Majdanek, wo er laut DÖW und Olet ermordet wurde; 14.06.1942 Deportation mit Transport 27 von Wien nach Sobibór, wo er laut DERLA und Halbrainer starb; laut Yad Vashem starb er in Izbica",männlich,nein,o:derla.sty487,"Yad Vashem; DERLA; DÖW; Auswanderungsfragebogen; Geni; Gussmagg, Lena: „Von normaler Kindheit ist keine Red‘“. Jüdische Kindheit und Jugend im Graz der Zwischenkriegszeit. Ungedr. Ma.-Arb. Graz 2021. In: https://unipub.uni-graz.at/obvugrhs/content/titleinfo/6084398/full.pdf (am 28.05.2025).; Olet, L.: Geidorf in der Welt. Emigrationsbiographien jüdischer Geidorferinnen und Geidorfer. In: Halbrainer, H./ Lamprecht, G.: Jüdisches Geidorf? Eine historische Spurensuche. Graz 2020, S. 55f.; Halbrainer, H.: Opfer rassistischer Verfolgung aus dem Bezirk Geidorf. In: Halbrainer, H./ Lamprecht, G.: Jüdisches Geidorf? Eine historische Spurensuche. Graz 2020, S. 68.",,"Bild verfügbar unter Yad Vashem; laut Yad Vashem starb er in Izbica, laut DERLA und Halbrainer starb er in Sobibor und laut DÖW am 04.08.1942 in Lublin-Majdanek"
48,Brecher,Klara,Taussig,-,"Geidorfgürtel 24, 8010 Graz",15.45305684,47.07757788,"Börsegasse 13/1, 1010 Wien",16.36624114,48.21621611,02.04.1906,"Timișoara, Rumänien",1942,KZ Sobibor,23.59556641,51.44625184,jüdischeopfer;jüdisch,"Tochter von Taussig Richard und Gisela, geb. Breuer; Heirat am 11.10.1931 mit Brecher Ernst; Mutter von Brecher Henry Heinz; vor 2. Weltkrieg in Geidorfgürtel 24, 8010 Graz wohnhaft;  nach Anschluss sechsjährigen Sohn Henry zu Verwandten nach Zagreb geschickt; 1938 zum Auszug gezwungen; bis August 1939 wohnhaft in der Kreuzgasse 15, 8010 Graz; 28.08.1939 Abmeldung anch Wien; während 2. Weltkrieg in Börsegasse 13/1, 1010 Wien; 14.06.1942 Deportation mit Transport 27 von Wien nach Sobibór, wo sie laut DERLA  und Halbrainer starb; laut Yad Vashem starb sie in Izbica; laut Olet starb sie in Lublin Majdanek im August 1942",weiblich,nein,o:derla.sty488,"Yad Vashem; DERLA; DÖW; Auswanderungsfragebogen; Geni; Gussmagg, Lena: „Von normaler Kindheit ist keine Red‘“. Jüdische Kindheit und Jugend im Graz der Zwischenkriegszeit. Ungedr. Ma.-Arb. Graz 2021. In: https://unipub.uni-graz.at/obvugrhs/content/titleinfo/6084398/full.pdf (am 28.05.2025).; Olet, L.: Geidorf in der Welt. Emigrationsbiographien jüdischer Geidorferinnen und Geidorfer. In: Halbrainer, H./ Lamprecht, G.: Jüdisches Geidorf? Eine historische Spurensuche. Graz 2020, S. 55f.",,"Bild verfügbar unter Yad Vashem; laut Yad Vashem starb sie in Izbica, laut DERLA starb sie in Sobibor, laut Olet starb sie wie ihr Mann in Lublin-Majdanek"
49,Brecher ,Norbert,-,-,"Keesgasse 7, 8010 Graz",15.43970249,47.0657042,-,-,-,26.03.1897,"Sobotište, Slowakei",06.04.1941,KZ Jasenovac,16.92189235,45.27730038,jüdischeopfer;jüdisch,"Sohn von Brecher Max und Rudolfine, geb Rosenbaum; Bruder von Brecher Ernst und Oskar uns Bencic Sidonie; Tuchhändler; vor dem 2. Weltkrieg in der Keesgasse 7, 8010 Graz; 1939 Übersiedlung nach Wien; Flucht nach Jugoslawien; 1941 Deportation in das KZ Jasenovac, wo er ermordet wurde",männlich,nein,o:derla.sty488,"DÖW; DERLA; Yad Vashem; Geni; Halbrainer, H./ Lamprecht, G./ Rigerl, G.: Orte und Zeichen der Erinnerung. Erinnerungszeichen für die Opfer von Nationalsozialismus und Krieg in der Steiermark. Graz 2018, S. 193.",,"Bild verfügbar; laut DÖW, Yad Vashem und Geni 26.03.1897 als Geburtsdatum, laut DERLA 26.02.1897"
50,Brecher,Rudolfine,Rosenbaum,-,Graz,-,-,-,-,-,10.02.1871,"Vag-Ujhely/Waag-Neustadt, Slowakei",1942,KZ Jasenovac,16.92189235,45.27730038,jüdischeopfer;jüdisch,"verheiratet mit dem Grazer Kaufmann Max Brecher; Mutter von Brecher Ernst, Norbert, Benčić Sidonie und Brecher Oskar; im August 1939 wurde sie nach Wien zwangsübersiedelt; laut DERLA starb sie dort im Jahr 1940; laut Yad Vashem und DÖW war sie während 2. Weltkrieg in Zagreb  und starb 1942 im KZ Jasenovac",weiblich,nein,o:derla.sty488,"Yad Vashem; DERLA; DÖW; Geni; Halbrainer, H./ Lamprecht, G./ Rigerl, G.: Orte und Zeichen der Erinnerung. Erinnerungszeichen für die Opfer von Nationalsozialismus und Krieg in der Steiermark. Graz 2018, S. 193.",,"Bild verfügbar unter Yad Vashem; als Sterbejahr wird neben dem Jahr 1942 in Jasenovac (Yad Vashem, DÖW; Geni), auch das Jahr 1940 in Wien (DERLA) angegeben"
51,Breitner,Erhard,-,Erhardt,"Dominikanergrund 3/1, 8043 Graz",15.46225919,47.08929647,-,-,-,18.06.1884,"Wien, Österreich",28.10.1943,KZ Auschwitz,19.17371606,50.03774115,jüdischeopfer;als Jude verfolgt,"Sohn von Breitner Miksa Maximilien und Malvina, geb. Meller; Konversion zum katholischen Glauben; Studium in Wien und Berlin; vor dem ersten 1. WK zum DR. phil. promoviert und danach als Journalist tätig; 1. WK in einem österreichisch-ungarischen Infanterieregiment; 1919 Gründung der ""Neuen Berliner Zeitung"" und Chefredaktuer; Verfasser von Romanen und Biografien; nach Machtübernahme der Nationalsozialisten Berlin verlassen und 1935 in Wien wohnhaft; von 1935 bis Juli 1937 in der Heinrichstraße 126, 8010 Graz wohnhaft; bis Anfang 1938 in Wien;  ab Februar 1938 Umsiedlung nach Graz, wo er zunächst bei der Familie Zerkowitz in der Humboldtstraße 33, 8010 Graz wohnt; ab Mitte November 1938 wohnhaft in Dominikanergrund 3/1, 8043 Graz;  1940 kam er mit allen Schriften auf die ""Liste des schädlichen und unerwünschten Schrifttums""; Unklarheit zu seinen Todesumständen; vielleicht im Juni 1943 in Graz verstorben; wahrscheinlich Zwangsumsiedlung nach Wien und am 28.10.1943 im KZ Auschwitz ermordet",männlich,nein,-,"DÖW; Gradwohl-Schlacher, K.: Literatur in Österreich 1938-1945. Handbuch eines literarischen Systems. Wien/Köln/Weimar 2018.; Menhard, K.: Jüdische Kulturschaffende im Bezirk Geidorf. In: Halbrainer, H./ Lamprecht, G.: Jüdisches Geidorf? Eine historische Spurensuche. Graz 2020, S. 28f.; Halbrainer, H.: Opfer rassistischer Verfolgung aus dem Bezirk Geidorf. In: Halbrainer, H./ Lamprecht, G.: Jüdisches Geidorf? Eine historische Spurensuche. Graz 2020, S. 69.",,
52,Broch,Berthold,-,-,"Heinrichstraße 43, 8010 Graz",15.44969327,47.07994622,"Große Schiffgasse 3, 1020 Wien",16.37527219,48.21642325,07.05.1863,"Adamov, Tschechien",-,Treblinka,22.02263844,52.66443665,jüdischeopfer;jüdisch,"Sohn von Broch Heinrich und Hanni, geb. Meier; verheiratet mit Helene, geb Kauder; Vater von Adler Elsa und Broch Herbert und Heinrich; Fruchtsaft-Erzeuger in Graz; vor dem 2. Weltkrieg wohnhaft in der Heinrichstraße 43, 8010 Graz; 04.05.1939 Zwangsübersiedlung von Graz nach Wien; während des 2. Weltkriegs in Jüdischem Altersheim in Große Schiffgasse 3, 1020 Wien; 14.07.1942 Deportation von Wien nach Theresienstadt; 23.09.1942 Überstellung von Theresienstadt nach Treblinka, wo er ermordet wurde",männlich,nein,-,"Liste DÖW Auswanderungsfragebogen; DÖW; Yad Vashem; Auswanderungsfragebogen; Geni; Halbrainer, H.: Opfer rassistischer Verfolgung aus dem Bezirk Geidorf. In: Halbrainer, H./ Lamprecht, G.: Jüdisches Geidorf? Eine historische Spurensuche. Graz 2020, S. 69.",,
53,Broch,Helene,Kauder,Leni,"Heinrichstraße 43, 8010 Graz",15.44969327,47.07994622,"Große Schiffgasse 3, 1020 Wien",16.37527219,48.21642325,23.09.1870,"Mattersburg, Burgenland",-,Treblinka,22.02263844,52.66443665,jüdischeopfer;jüdisch,"Tochter von Kauder Joachim und Rosalie, geb. Pollatschek; verheiratet mit Broch Berthold; Mutter von Adler Elsa und Broch Herbert und Heinrich; vor dem 2. Weltkrieg wohnhaft in der Heinrichstraße 43, 8010 Graz; 04.05.1939 Zwangsübersiedlung von Graz nach Wien; während des 2. Weltkriegs in Jüdischem Altersheim in Große Schiffgasse 3, 1020 Wien; 14.07.1942 Deportation von Wien nach Theresienstadt; 23.09.1942 Überstellung von Theresienstadt nach Treblinka, wo sie ermordet wurde",weiblich,nein,-,"Liste DÖW Auswanderungsfragebogen; DÖW; Yad Vashem; Auswanderungsfragebogen; Geni; Halbrainer, H.: Opfer rassistischer Verfolgung aus dem Bezirk Geidorf. In: Halbrainer, H./ Lamprecht, G.: Jüdisches Geidorf? Eine historische Spurensuche. Graz 2020, S. 69.",,als Geburtsdatum wird neben dem 14.09.1870 (DÖW; Yad Vashem; Geni) auch der 23.09.1870 (Auswanderungsfragebogen; Halbrainer) angegeben
54,Brücklmeier,Hermann,-,-,Graz,-,-,-,-,-,13.08.1904,"Graz, Steiermark",18.03.1945,KZ Buchenwald,11.24944041,51.02172998,jüdischeopfer;als Jude verfolgt,"Sohn von Brücklmeier Christen Andreas une Regina, geb. Bienenstock; kaufmännischer Angestellter und Musiker; nach den ""Nürnberger Gesetzen"" als ""Mischling 1. Grades"" geltend; 1921 Austritt aus dem Judenteum und Übertritt zum evangelischen Glauben; vor dem 2. Weltkrieg in Graz; nach dem Tod des Vaters ging der Stempelerzeugungsbetrieb auf die Mutter Regina sowie auf Hermann und seine Geschwister über; nach Enteignung der Stempelfabrik musste die Familie nach Wien übersiedeln; während des 2. Weltkriegs in der Goldschmiedgasse 5, 1010 Wien; 23.10.1944 Festnahme in Wien; 16.02.1945 Deportation von Wien nach Buchenwald, wo er ermordet wurde",männlich,nein,o:derla.sty132,"DÖW; DERLA; Geni; Halbrainer, H./ Lamprecht, G.: „So dass uns Kindern eine durchwegs christliche Umgebung geschaffen war.“ Die Heilandskirche und ihre „Judenchristen“ zwischen 1880 und 1955. Graz 2010, S. 117-121.",,"Bild verfügbar unter DÖW; Bild verfügbar in: Halbrainer, H./ Lamprecht, G.: „So dass uns Kindern eine durchwegs christliche Umgebung geschaffen war.“ Die Heilandskirche und ihre „Judenchristen“ zwischen 1880 und 1955. Graz 2010, S. 120.; als Geburtsdatum wird neben dem 13.08.1904 (DERLA; DÖW; Halbrainer/Lamprecht) auch der 13.08.1905 (Geni) angegeben; laut Halbrainer/Lamprecht 2010 wurde er bereits am 17.02.1944 verhaftet und am 23.10.1944 nach Buchenwald deportiert"
55,Brühl,Wolf,-,Bruhl; Brüll,Graz,-,-,-,-,-,01.12.1880,"Jarosław, Polen",1943,KZ Auschwitz,19.17371606,50.03774115,jüdischeopfer;jüdisch,"verheiratet mit Brühl Marie, geb. Taschner; Vater von Brühl Leopold und Kurt David; Kaufmann in Graz; wohnhaft in Graz; nach der NS-Machtübernahme Flucht nach Frankreich; 02.03.1943 Deportation von Drancy nach Auschwitz, wo er ermordet wurde",männlich,nein,o:derla.sty494,"DERLA; Yad Vashem; Geni; Halbrainer, H./ Lamprecht, G./ Rigerl, G.: Orte und Zeichen der Erinnerung. Erinnerungszeichen für die Opfer von Nationalsozialismus und Krieg in der Steiermark. Graz 2018, S. 197.",,
56,Danziger,Yichak,-,Yitzkhak,Graz,-,-,-,-,-,1914,"Graz, Steiermark",-,-,-,-,jüdischeopfer;jüdisch,Sohn von Faivel; verheiratet; Kaufmann; vor und während des 2. Weltkriegs in Graz,männlich,nein,-,Yad Vashem,,
57,Deutsch,Isidor,-,-,"Kaiserfeldgasse 23, 8010 Graz",15.43759010,47.06706448,-,-,-,29.05.1875,"Szigetvár, Ungarn",-,-,-,-,jüdischeopfer;jüdisch,"Sohn von Deutsch David und Julianna Theresia, geb Pollak; Ehemann von Leontine Lenke, geb. Armuth; Vater von Julia und Rosa; vor dem 2. Weltkrieg in der Kaiserfeldgasse, 8010 Graz;  Deportation von Ungarn in unbekanntes Lager",männlich,nein,-,DÖW; Geni,,
58,Deutsch,Leontine Lenke,Armuth,-,"Kaiserfeldgasse 23, 8010 Graz",15.43759010,47.06706448,-,-,-,11.10.1890,"Mohács, Ungarn",-,-,-,-,jüdischeopfer;jüdisch,"Ehefrau von Deutsch Isidor; Mutter von Julia und Rosa; vor dem 2. Weltrkrieg in der Kaiserfeldgasse 23, 8010 Graz; Deportation von Ungarn in unbekanntes Lager",weiblich,nein,-,DÖW; Geni,,laut DÖW Leontine/ laut Geni Luisa Lenke als Vorname
59,Diamant,Leon,-,Leo; Diamand recte Krieg; Diamant recte Krig,"Lendkai 27/3, 8020 Graz",15.43362940,47.07392336,"Seegasse 9, 1090 Wien",16.36356166,48.22342817,16.09.1882,"Schydatschiw, Urkaine",18.09.1942,Maly Trostinec,27.70358964,53.83507935,jüdischeopfer;jüdisch,"Sohn von Diamant Gedalie und Krig Chaje Keile; seit 1904 wohnhaft in Graz; 1922 Heirat mit Ernestine, geb. Engelmaier; Landwirt und Kaufmann; Betreiber eines Handeslsgeschäfts in der Volksgartenstraße 7, dann am Lendkai 27 und ab 1937 in der Kosakengasse 8; seit 1926 wohnhaft in Lendkai 27/III, 8020 Graz; 19.12.1939 Abmeldung von Graz nach Wien; während des 2. Weltkriegs im Jüdischen Altersheim in der Seegasse 9, 1090 Wien; 14.09.1942 Deportation von Wien nach Maly Trostinec, wo er ermordet wurde",männlich,nein,-,"Liste DÖW Auswanderungsfragebogen; DÖW; Yad Vashem; Auswanderungsfragebogen; Geni; Lamprecht, G.: Koscheres Essen (Annenstraße 18 und Lendkai 27). In: Halbrainer, H./ Lamprecht, G.: Jüdischer Lend. Eine Spurensuche. Graz 2024, S. 42.",,
60,Dicker,Maria,Koref,Mary; Marie,"Neutorgasse 42/6, 8010 Graz",15.43698245,47.06829472,-,-,-,02.02.1884,Pelsdorf,1942,Izbica,23.15986311,50.89502993,jüdischeopfer;jüdisch,"Tochter von Koref Ludwig und Berta, geb. Straschnow; verheiratet mit Dicker Michael; spätestens seit dem Jahr 1936 gemeinsam mit Ehemann Michael in graz; bis zum Frühjahr 1939 in der Neutorgasse 42/6; 19.06.1939 Abmeldung nach Wien und Zwangsumsiedlung in eine ""Sammelwohnung""; laut DERLA 05.06.1942 Deportation von Wien nach Izbica, wo sie ermordet wurde",weiblich,nein,o:derla.sty284,Stolpersteine; DERLA; Geni,,"laut Stolpersteine verliert sich 1939 ihre Spur; laut DERLA am 05.06.1942 Deportation von Wien nach Izbica, wo sie ermordet wurde"
61,Dicker,Michael,-,Mechel,"Neutorgasse 42/6, 8010 Graz",15.43698245,47.06829472,-,-,-,18.06.1867,-,21.03.1941,Spital der Israelitischen Kultusgemeinde in Wien,,-,jüdischeopfer;jüdisch,"Sohn von Dicker Chaim und Rebekka, geb. Schiff; verheiratet mit Maria ""Mary"", geb. Koref; Kaufmann und Schneidermeister; Sommer 1911 Gründung der Firma ""Michael & Anna Dicker"" gemeinsam mit seiner Schwester Anna; 1924 scheidet Anna Dicker aus dem Geschäft aus; ab 1934 gemeinsam mit Markus Silberstein Betreiber des „Warenhaus Rekord“ – „Silberstein & Dicker“ in der Sackstraße 16; spätestens ab dem Jahr 1936 wohnhaft in der Neutorgasse 42 gemeinsam mit seiner Frau Maria; nach dem ""Anschluss"" Enteignung des Geschäfts durch die Nationalsozialisten; bis Juni 1939 noch in Graz wohnhaft; danach Zwangsumsiedlung nach Wien; laut Stolpersteine und DERLA gibt es danach keine weiteren Angaben über sein Schicksal; laut Geni starb er am 21.03.1941 im Spital der Israelitischen Kultusgemeinde in Wien und sein Grabstein steht am Wiener Zentralfriedhof ",männlich,nein,o:derla.sty285,Stolpersteine; DERLA; Geni,,laut Stolpersteine und DERLA gibt es es keine weiteren Angaben über sein Schicksal nach 1939; laut Geni starb er am 21.03.1941 im Spital der Israelitischen Kultusgemeinde in Wien und sein Grabstein steht am Wiener Zentralfriedhof
62,Dicker,Rosa,-,-,"Sackstraße 21, 8010 Graz",15.43558541,47.0734552,"Seegasse 9, 1090 Wien",16.36356166,48.22342817,18.06.1872,-,1942,Treblinka,22.02263844,52.66443665,jüdischeopfer;jüdisch,"Tochter von Dicker Chaim und Rebekka, geb. Schiff; ledig; vor dem 2. Weltkrieg wohnhaft in der Sackstraße 21, 8010 Graz; Schneiderin und Inhaberin eines Geschäfts für Damenmode in der Albrechtgasse 4; Herbst 1938 wurde das Geschäft unter ""kommissarische Verwaltung"" gestellt; Mai 1939 wahrscheinlich Zwangsumsiedlung in die Herrengasse 1, 8010 Graz; Mitte Juli 1939 Abmeldung und Zwangsumsiedlung nach Wien; während des 2. Weltkriegs im jüdischen Altersheim in der Seegasse 9, 1090 Wien; 20.06.1942 Deportation von Wien nach Theresienstadt; 23.09.1942 Überstellung von Theresienstadt nach Treblinka, wo sie ermordet wurde",weiblich,nein,o:derla.sty286; o:derla.sty287,Stolpersteine; DERLA; DÖW; Yad Vashem; Geni,,als Geburtsdatum wird neben dem 18.06.1872 (Stolpersteine; DERLA; DÖW; Yad Vashem) auch der 17.08.1872 (Geni) angegeben
63,Dollman,Süssel,Didner,Sissel Dulman,Graz,-,-,-,-,-,1898,"Przeworsk, Polen",-,-,-,-,jüdischeopfer;jüdisch,"Tochter von Didner Abraham Josef und Chaja Lea, geb. Orgel; Schwester von Düdner Sara, Didner Mosche Ben und Groshaus Malka; verheiratet mit dem Modehändler Dollman Adolf Abraham; Verkäuferin; Mutter von Dollman Regina, Siegfried und Leon; während 2. Weltkrieg in Graz Montelimar (Frankreich) und Belgien",weiblich,nein,-,Yad Vashem; Geni,,als Geburtsdatum findet sich neben 1898 (Yad Vashem) auch der Januar 1897 (Geni)
64,Dortort,Anna Chana Rechla,Körner,-,"Jakoministraße 10, 8010 Graz",15.44210000,47.06618521,"Zweiglgasse 14, 8020 Graz ",15.43229999,47.06471990,15.03.1898,"Stryj, Ukraine",1942,KZ Sajmište (Belgrad),20.44137228,44.81072704,jüdischeopfer;jüdisch,"Tochter von Körner Chaim Loeb und Feige, geb. Eisenstein; gelernte Modistin; 1924 Heirat in Graz mit Franz Haim Dortort; Mutter von Blanka und Leo; von 1935 bis 1937 Bäckerei in der Jakoministraße 10; ab 05.10.1938 in ein einer Sammelwohnung in der Zweiglgasse 14; 12.03.1939 Flucht nach Jugoslawien; 1941 im KZ Šabac, wo ihr Mann ermordet wurde; Überbringung in das Lager Sajmište, wo sie im März 1942 ermordet wurde",weiblich,nein,o:derla.sty288,DÖW; DERLA; Stolpersteine; Yad Vashem; Geni,,Bild verfügbar unter Stolpersteine; Todestag festgesetzt laut DÖW 12.10.1941 in Šabac/YU; anders in DERLA und Stolpersteine
65,Dortort,Franz Haim,-,"Franz ""Chaim Fischel"" Dortort""","Jakoministraße 10, 8010 Graz",15.44210000,47.06618521,"Zweiglgasse 14, 8020 Graz ",15.43229999,47.06471990,26.03.1897,"Boryslaw, Ukraine",12.10.1941,KZ Šabac,19.69209442,44.75070327,jüdischeopfer;jüdisch,"Sohn von Dortort Osias Markus und Regina Lifsche, geb. Kahan; in Ungarn aufgewachsen; in den 20er Jahren nach Graz gekommen; 1924 Heirat mit Anna Channa Rechla; Vater von Blanka und Leo; von 1935 bis 1937 Bäckerei in der Jakoministraße 10; ab 05.10.1938 in einer Sammelwohnung in der Zweiglgasse 14; 12.03.1939 Flucht nach Jugoslawien; durch Kladovo-Transport in das KZ Šabac, wo er ermordet wurde",männlich,nein,o:derla.sty289,DÖW; DERLA; Stolpersteine; Yad Vashem; Geni,,Bild verfügbar unter Stolpersteine
66,Düdner,Edgar,-,"Edgar ""Edi"" Dudner ","Griesgasse 28/I, 8020 Graz ",15.43337167,47.06846198,-,-,-,28.03.1921,"Graz, Steiermark",1942,KZ Auschwitz,19.17371606,50.03774115,jüdischeopfer;jüdisch,"Sohn von Düdner Isak und Sara; seit März 1927 in der Griesgasse 23/II, 8020 Graz; ca. 1927 bis 1931 Besuch der jüdischen Volkschule; ab ca. 1931 Besuch des Oeverseegymnasium; seit Dezember 1936 wohnhaft in der Griesgasse 28/I, 8020 Graz; Juli 1938 Edgar wird von der Schule verwiesen;Kurzfristige Übersiedlung nach Wien; in Wien in der Haasgasse 10, 1020 Wien wohnhaft; Herbst 1939 bis Sommer 1940 Flucht in Belgien und Frankreich; vor dem 2. Weltkrieg in der Griesgasse 28, 8020 Graz; 1940 bis 1941 in Internierungslager Septfonds in Frankreich; Überstellung vom Internierungslager Septfonds ins Sammelllager Drancy; 31.08.1942 Transport 26 von Drancy nach Auschwitz, wo er ermordet wurde",männlich,ja,o:derla.sty293; o:derla.sty294,DÖW; Yad Vashem; DERLA; Stolpersteine; Auswanderungsfragebogen; Geni,,"als Geburtsdatum wird neben dem 28.03.1921 (Stolpersteine, Auswanderungsfragebögen) auch der 23.03.1921 (DÖW) und der 28.01.1921 (DERLA) angegeben; DERLA nimmt 1942 als Sterbedatum an"
67,Düdner,Ernst,-,"Ernst ""David"" Düdner","Griesgasse 28/I, 8020 Graz ",15.43337167,47.06846198,-,-,-,12.06.1919,"Graz, Steiermark",-,-,-,-,jüdischeopfer;jüdisch,"Sohn von Düdner Isak und Sara; Bruder von Düdner Egar; Abbruch der Schule; Lehrling bei der Andritzer Maschinenfabrik;; versuchte Ausreise nach Beligen; Eltern nach Wien zwangsübersiedelt; Herbst 1939 bis Sommer 1940 Flucht über Belgien nach Frankreich mit Bruder; unklar, was mit Ernst auf der Flucht nach Frankreich geschah, da sich seine Spuren verlieren (DERLA; Stolpersteine); laut Yad Vashem 04.04.1944 Deportation vom SS-Sammellager Mecheln in der Dossin-Kaserne nach Auschwitz",männlich,nein,o:derla.sty295,Yad Vashem; DERLA; Stolpersteine; Auswanderungsfragebogen; Geni,,"unklar, was mit Ernst Düdner geschah, da sich seine Spuren verlieren (DERLA; Stolpersteine); laut Yad Vashem 04.04.1944 Deportation vom SS-Sammellager Mecheln in der Dossin-Kaserne nach Auschwitz"
68,Düdner ,Hedwig,Kesten,-,"Griesgasse 26/I, 8020 Graz",15.43336439,47.06857133,"Hohe Warte 32, 1190 Wien",16.35604515,48.24748535,04.04.1867,"Przeworsk, Polen",06.05.1943,Theresienstadt,14.15064358,50.51089063,jüdischeopfer;jüdisch,"verheiratet mit Düdner Zallel Leib; Mutter von Düdner Isak, Rand Marjem, Düdner Sigmund, Sarah und Samuel; 1905 Übersiedlung der Familie von Galizien nach Graz, wo sie Liegenschaften in der Griesgasse erwarben; 20.02.1924 Tod des Ehemanns in Graz; Verwaltung eines Altwarengeschäftes und zweier Mietzinshäuser in der Griesgasse in Graz; vor dem 2. Weltkrieg wohnhaft  in der Griesgasse 26/I, 8020 Graz; 17.11.1938 ""Arisierung"" der Liegenschaften in der Griesgasse; Ende 1939 Zwangsübersiedlung nach Wien; während des 2. Weltkriegs in einem Altersheim an der Adresse Hohe Warte 32, 1190 Wien; 28.06.1942 Deportation von Wien nach Theresienstadt, wo sie unter ungeklärten Umständen verstarb",weiblich,nein ,o:derla.sty296; o:derla.sty497,Stolpersteine; DERLA; DÖW; Yad Vashem; Geni,,
69,Düdner,Isak,-,-,"Griesgasse 28/I, 8020 Graz ",15.43337167,47.06846198,"Konradgasse 1/6, 1020 Wien",16.38224911,48.22152497,15.01.1888,"Przeworsk, Polen",-,Belzec oder Sobibor,-,-,jüdischeopfer;jüdisch,"Sohn von Düdner Zallel Leib und Hedwig, geb. Kesten; seit 1905 in Graz wohnhaft; 30.07.1918 Heirat mit Sara, geb. Didner; Vater von Düdner Ernst und Edgar; bis 1936 wohnhaft in Griesgasse 23, 8020 Graz; ab 1936 wohnhaft in Griesgasse 28, 8020 Graz; Betreiber eines Altwarengeschäfts in der Griesgasse; versuchte Imigration nach Palästina, aber saß bis 1939 in Graz fest; 1939 zwangsweise Übersiedlung mit Ehefrau in eine Sammelwohnung in der Konradgasse 1/6, 1020 Wien; 05.06.1942 Deportation von Wien nach Izbica; vermutlich von Izbica nach Belzec oder Sobibor deportiert, wo er ermordet wurde",männlich,nein,o:derla.sty297,Stolpersteine; DERLA; DÖW; Yad Vashem; Auswanderungsfragebogen; Geni,,
70,Düdner ,Sara,Didner,-,"Griesgasse 28/I, 8020 Graz ",15.43337167,47.06846198,"Konradgasse 1/6, 1020 Wien",16.38224911,48.22152497,11.02.1896,"Przeworsk, Polen",-,Belzec oder Sobibor,-,-,jüdischeopfer;jüdisch,"Tochter von Didner Abraham Josef und Chaja Lea, geb. Orgel; Schwester von Dollman Süssel, Didner Mosche Ben und Groshaus Malka; 30.07.1918 Heirat mit Düdner Isak; Mutter von Düdner Ernst und Edgar; bis 1936 wohnhaft in Griesgasse 23, 8020 Graz; ab 1936 wohnhaft in Griesgasse 28, 8020 Graz; Ehemann Isak betrieb ein Altwarengeschäft in der Griesgasse; versuchte Imigration nach Palästina, aber saßs bis 1939 in Graz fest; 1939 zwangsweise Übersiedlung mit Ehemann in eine Sammelwohnung in der Konradgasse 1/6, 1020 Wien; 05.06.1942 Deportation von Wien nach Izbica; Deportation nach Belzec oder Sobibor, wo sie ermordet wurde",weiblich,nein,o:derla.sty298,Yad Vashem; DERLA; Stolpersteine; DÖW; Auswanderungsfragebogen; Geni,,
71,Egert,Leo,-,Leib Egert (DÖW),"Brockmanngasse 118, 8010 Graz",15.43805794,47.06123911,"Blumauergasse 22, 1020 Wien",16.38520186,48.21813648,15.04.1879,"Snjatynka, Ukraine",1942,KZ Auschwitz,19.17371606,50.03774115,jüdischeopfer;jüdisch,"Sohn von Egert Scheindel und Wandner Sische; Ehemann von Egert Helene, geb. Ornstein; Vater von Egert Otto, Eduard und Siegfried; Kaufman; vor 2. Weltkrieg in Brockmanngasse 118, 8010 Graz; während 2. Weltkrieg in Blumauergasse 22, 1020 Wien; 19.02.1941 Deportation von Wien nach Kielce",männlich,nein,-,Yad Vashem; DÖW; Auswanderungsfragebogen; Geni,,als Geburtsdatum findet sich neben dem 15.04.1879 (DÖW; Geni; Auswanderungsfragebogen) auch das Jahr 1885 (Yad Vashem); laut Yad Vashem 1942 in Auschwitz ermordet
72,Egert,Helene,Ornstein,Helena; Chule Helene Egert,"Brockmanngasse 118, 8010 Graz",15.43805794,47.06123911,"Blumauergasse 22, 1020 Wien",16.38520186,48.21813648,03.08.1886,"Drohobycz, Ukraine",1942,KZ Auschwitz,19.17371606,50.03774115,jüdischeopfer;jüdisch,"Tochter von Ornstein Jakob undTillemann Chania Ruda; Ehefrau von Egert Leo; Mutter von Egert Otto, Eduard und Siegfried; vor 2. Weltkrieg in Brockmanngasse 118, 8010 Graz; während 2. Weltkrieg in Blumauergasse 22, 1020 Wien; 19.02.1941 Deportation von Wien nach Kielce",weiblich,nein,-,Yad Vashem; DÖW; Auswanderungsfragebogen; Geni,,
73,Eisenstädter,Irma,-,Airma Aiznsider; Airma Eizensheider,Graz,-,-,"Glockengasse 8a/6, 1020 Wien",16.38193770,48.21809916,20.11.1885,"Graz, Steiermark",01.06.1942,Maly Trostinec,27.70358964,53.83507935,jüdischeopfer;jüdisch,"Tochter von Eisenstädter Max und Karolina, geb. Grünwald; ledig; während des 2. weltkriegs in der Glockengasse 8a/6, 1020 Wien; 17.05.1942 Deportation von Wien nach Maly Trostinec",weiblich,nein,-,DÖW; Yad Vashem; Geni,,laut Geni handelt es sich bei ihr um Irma Eisenstädter; als Geburtsjahr findet sich auch 1888 (Yad Vashem) und als Sterbejahr 1939 in Wien (Yad Vashem)
74,Eisler,Alexander,-,-,"Herrgottswiesgasse 9, 8020 Graz/ Brückenkopfgasse 7/1, 8020 Graz",,,-,-,-,10.03.1885,"Beny, Ungarn",-,-,-,-,jüdischeopfer;jüdisch,"Sohn von Eisler Samuel Majer und Rosi, geb. Knöpfler; in Graz seit 1909; 1. Heirat am 31.10.1909 mit Maria Schlemel in Graz; 2. Heirat mit Adele Löwinger; 3. Heirat mit Hermine Löwinger; Vater von Edwin David, Friederike Julianne, Erna, Adele, Gertrude, Benno; Beamter in Graz; später Reisender in St. Peter bei Graz; während 2. WK in Graz, Hergottwiesgasse 9; Deportation in ein unbekanntes Lager",männlich,nein,-,DÖW; Auswanderungsfragebogen; Geni,,laut DÖW war Adresse in Herrgottswiesgasse; laut Auswanderungsfragebogen in Brückenkopfgasse
75,Eisler,Friederike,-,-,"Herrgottswiesgasse 9, 8020 Graz",15.43182849,47.05767842,-,-,-,27.07.1911,"Graz, Steiermark",-,-,-,-,jüdischeopfer;jüdisch,"Tochter von Eisler Alexander und Maria, geb. Schlemel; Schwester von Eisler Edwin; Deportation in unbekanntes Lager",weiblich,nein,-,DÖW; Yad Vashem; Geni,,
76,Eisler,Maria,Schlemel,-,"Herrgottswiesgasse 9, 8020 Graz",15.43182849,47.05767842,-,-,-,26.04.1880,"Judenburg, Steiermark",-,-,-,-,jüdischeopfer;jüdisch,"Tochter von Schlemel Heinrich und Anna, geb. Pehm; verheiratet mit Eisler Alexander;sie lebte vor ihrer Deportation in Graz; es ist nicht bekannt, wohin sie deportiert wurde und wo sie umkam",weiblich,nein,o:derla.sty253,DÖW; DERLA; Geni,,laut Geni starb sie bereits am 11.10.1927 im Alter von 47 Jahren
77,Engelsmann,Albin,-,-,"Alberstraße 4, 8010 Graz",15.44872412,47.07079527,"Schreygasse 19/12, 1020 Wien",16.37440928,48.21929856,20.04.1875,"Budapest, Ungarn",15.06.1942,Maly Trostinec,27.70358964,53.83507935,jüdischeopfer;jüdisch,"Sohn von Engelsmann Philipp und Josefa, geb. Deutsch; Heirat am 09.10.1904 in Brünn mit Stephanie, geb. Soffer; Vater von Engelsmann Fritz und Peter Hans; tätig als Kaufmann; wohnhaft mit Familie in Alberstraße 4, 8010 Graz; Übersiedlung in Schreygasse 19/12, 1020 Wien; 09.06.1942 Deportation von Wien nach Maly Trostinec, wo er starb",männlich,nein,-,Yad Vashem; DÖW; Auswanderungsfragebogen; Geni,,
78,Engelsmann,Stephanie,Soffer,Steffi; Stefanie,"Alberstraße 4, 8010 Graz",15.44872412,47.07079527,"Schreygasse 19/12, 1020 Wien",16.37440928,48.21929856,14.05.1880,"Brünn, Tschechien",15.06.1942,Maly Trostinec,27.70358964,53.83507935,jüdischeopfer;jüdisch,"Tochter von Soffer David und Betty, geb. Pisker; Heirat am 09.10.1904 in Brünn mit Engelsmann Albin; Mutter von Engelsmann Fritz und Peter Hans; wohnhaft mit Familie in Alberstraße 4, 8010 Graz; Übersiedlung nain Schreygasse 19/12, 1020 Wien; 09.06.1942 Deportation von Wien nach Maly Trostinec, wo sie starb",weiblich,nein,-,Yad Vashem; DÖW; Auswanderungsfragebogen; Geni,,"als Geburtsdatum findet sich neben dem 14.05.1880 (Yad Vashem; Auswanderungsfragebögen), auch der 25.09.1880 (DÖW; Geni)"
79,Enis,Charlotte,Klein,Scheindel Freude Sara; Szeindel Trude,"Annenstraße 36, 8020 Graz",15.42585418,47.07137865,Lichtenauergasse 9/7; 1020 Wien,16.38966135,48.21461746,21.01.1890,"Iwano-Frankiwsk, Ukraine",1942,KZ Auschwitz,19.17371606,50.03774115,jüdischeopfer;jüdisch,"Tochter von Klein Yisrael und Ewa; verheiratet mit Enis Rafael; Mutter von Enis Tzvi, Leopold, Blanka und Arie; Zwangsumsiedlung nach Wien mit den Kinder; seit Juli 1939 wohnhaft in Lichtenauergasse 9/7, 1020 Wien; 17.07.1942 Deportation von Wien nach Auschwitz, wo sie ermordet wurde",weiblich,nein,-,"Yad Vashem; DÖW; Auswanderungsfragebogen; Geni; Lamprecht, G./ Halbrainer, H./ Hainzl, J.: Annenstraße 1938. Raub und Vertreibung. Graz 2025.",,"als Geburtsdatum findet sich neben dem 21.01.1890 (Yad Vashem, Auswanderungsfragebogen; DÖW), auch der 21.01.1892 (Yad Vashem; Geni) und das Jahr 1895 (Yad Vashem); als Sterbeorte werden Auschwitz (Geni; Yad Vashem) und Bergen (Yad Vashem) und die Jahre 1943 und 1942 angegegeben; da die Kinder Leopold und Blanka 1925 bzw. 1928 geboren wurden und bei ihnen die Annenstraße 36 als früherer Wohnort (Auswanderungsfragebogen angegeben ist), kann diese auch als Wohnort für Charlotte angenommen werden (?)"
80,Eppinger,Ida,Braun,-,"Keplerstraße 2, 8020 Graz",15.43206568,47.07716862,"Große Stadtgutgasse 24/9, 1020 Wien",16.38417873,48.21977922,18.12.1872,"Voitsberg, Steiermark",-,-,-,-,jüdischeopfer;jüdisch,"Tochter von Braun Bernhard und Regina, geb. Baron; verheiratet mit Eppinger Samuel; Mutter von Reichmann Ilona, Eppinger Andreas und Josef; vor dem 2. Weltkrieg in der Keplerstraße 2, 8020 Graz; während des 2. Weltkriegs in einer Sammelwohnung in Große Stadtgutgasse 24/9, 1020 Wien; 20.08.1942 Deportation von Wien nach Theresienstadt; 16.05.1944 Überstellung von Theresienstadt nach Auschwitz",weiblich,nein,-,Liste DÖW Auswanderungsfragebogen; DÖW; Yad Vashem; Auswanderungsfragebogen; Geni,,
81,Festin,Eleonore,Amon,Nora,"Wielandgasse 42, 8010 Graz",15.43952843,47.06256275,"Schmelzgasse 9/10, 1020 Wien",16.38291773,48.21603475,03.08.1905,"Wien, Österreich",15.06.1942,Maly Trostinec,27.70358964,53.83507935,jüdischeopfer;jüdisch,"Tochter von Amon Wilhelm und Franziska, geb. Soffer; Ex-Ehefrau von Festin Karl und Thalhofer Hermann; Muter von Peter; vor dem 2. Weltkrieg in der Wielandgasse 42, 8010 Graz; während des 2. Weltkriegs in einer Sammelwohnung in der Schmelzgasse 9/10, 1020 Wien; 09.06.1942 Deportation von Wien nach Maly Trostinec, wo sie ermordet wurde",weiblich,nein,-,Liste DÖW Auswanderungsfragebogen; DÖW; Auswanderungsfragebogen; Geni,,Bilder online verfügbar unter Geni
82,Fischer,Gisela,Brick,Gisella,"Schmiedgasse 31/II, 8010 Graz (Stolperstein Hans Bernhard Braun)",15.44030245,47.06783345,"Große Mohrengasse 18/11, 1020 Wien",16.38230621,48.21501137,26.05.1873,"Brünn, Tschechien",1944,KZ Auschwitz,19.17371606,50.03774115,jüdischeopfer;jüdisch,"Tochter von Brick Isak Löbl Ignaz und Charlotte, geb. Spitz; verheiratet mit dem Grazer Kaufmann Fischer Jakob; 20.01.1900 Geburt von Tochter Grete (Margarethe) Braun (verheiratet mit Oskar Braun); 1936 Tod des Ehemanns Jakob; November 1938 Zwangsumsiedlung von Graz nach Wien; 20.06.1942 Deportation von Wien nach Theresienstadt; 15.05.1944 Deportation von Theresienstadt nach Auschwitz, wo sie ermordet wurde",weiblich,nein,o:derla.sty482,"Yad Vashem; DERLA; DÖW; Stolperstein von Hans Bernhard Braun; Geni; Halbrainer, H./ Lamprecht, G./ Rigerl, G.: Orte und Zeichen der Erinnerung. Erinnerungszeichen für die Opfer von Nationalsozialismus und Krieg in der Steiermark. Graz 2018, S. 188.",,Bild verfügbar unter Geni; laut Stolperstein.at von Hans Bernhard Braun lebte Gisela Fischer mit ihrem Enkel und ihrer Tochter in der Schmiedgasse 31
83,Fischler,Rosa,Egert,-,"Wartingergasse 9/II, 8010 Graz",15.43769567,47.07993681,-,-,-,15.08.1893,"Stara Wies bei Drohobycz, Ukraine",1944,KZ Auschwitz,19.17371606,50.03774115,jüdischeopfer;jüdisch,"Tochter von Egert Sische und Scheindel, geb. Lichtenstein; 1921 Heirat mit Fischler Berl (Bernhard) in Drohobyc; ab Juli 1921 in der Wartingergasse 9/II, 8010 Graz; Mutter von Selma Schulamit und Max; Ausreise der Kinder, die beide überlebten; 05.07.1939 Ausreise nach Italien mit Ehemann Berl; während des 2. Weltkriegs in Mailand, wo Rosa und Berl getrennt wurden; 08.2.1944 Verhaftung in Varese (Norditalien) und Verlegung ins Konzentrations- und Durchgangslager Fossoli di Carpi; 05.04.1944 Deportation mit dem Transport 9 von Fossoli di Carpi in das KZ Auschwitz, wo sie ermordet wurde",weiblich,nein,o:derla.sty528,DÖW; DERLA; Stolpersteine; Yad Vashem Auswanderungsfragebogen; Geni,,"Bild verfügbar; auf DERLA findet sich der 15.08.1893 (auch Stolpersteine; Yad Vashem), sowie der 15.08.1880; auf DÖW findet sich der 15.08.1890; auf Auswanderungsfragebogen findet sich der 15.08.1892"
84,Flecker-Königstein,Sylvia,Zerkowitz,Sylva Flecker Koenigstein; Sylva Zerkowitz,"Humboldtstraße 33, 8010 Graz",15.44414419,47.08017974,"Porzellangasse 24a, 1090 Wien",16.36090417,48.22086727,31.12.1890,"Banja Luka, Bosnien und Herzegowina",1942,Opole,17.92268687,50.66921537,jüdischeopfer;jüdisch,"Tochter von Zerkowitz Alexander und Jenny, geb. Nettel; bis 1921 mit Ing. Erich Flecker verheiratet; wohnhaft in der Humboldtstraße 33, 8010 Graz; Arbeit im Familienbetrieb Zerkowitz; im November 1938 musste sie aus der Wohnung ausziehen; vorübergehend wohnhaft bei ihrem Bruder Bruno Zerkowitz in der Wastlergasse 8, 8010 Graz; in der Folge wohnte sie kurzzeitig in der Heinrichstraße 103, 8010 Graz und in der Körblergasse 23, 8010 Graz; Ende April 1939 Zwangsübersiedlung nach Wien, wo sie zuletzt in der Porzellangasse 24a, 1090 Wien gemeldet war; 15.02.1941 Deportation von Wien nach Opole, wo sie ermordet wurde",weiblich,nein,o:derla.sty634,"Yad Vashem; DERLA; DÖW; Geni; Senarclens de Grancy, A.: Alexander Zerkowitz (Wien 1860-1927 Graz). In: Senarclens de Grancy, A./ Zettelbauer, H. (Hrsg.): Architektur, Vergessen. Jüdische Architekten in Graz. Wien/Köln/Weimar, 2011, S. 233-246.; Halbrainer, H.: Opfer rassistischer Verfolgung aus dem Bezirk Geidorf. In: Halbrainer, H./ Lamprecht, G.: Jüdisches Geidorf? Eine historische Spurensuche. Graz 2020, S. 70.",,Bild verfügbar unter Yad Vashem und Geni
85,Fleischhacker,Hermann,-,-,"Zimmerplatzgasse 1, 8010 Graz",15.43851648,47.06577884,-,-,-,01.02.1882,"Cífer, Slowakei",24.04.1942,KZ Auschwitz,19.17371606,50.03774115,jüdischeopfer;jüdisch,"Sohn von Fleischhacker Samuel und Anna Netti, geb. Diamant; in Graz wohnhaft seit 1907; als Beruf Kaufmann; vor und während des 2. Weltkriegs in der Zimmerplatzgasse 1, 8010 Graz; 1925 Geburt von Sohn Rudolf in Graz; 13.04.1942 Deportation von Sered nach Auschwitz, wo er ermordet wurde",männlich,nein,-,DÖW; Auswanderungsfragebogen; Geni,,
86,Fleischhacker,Ida,Kuhn,-,"Zimmerplatzgasse 1, 8010 Graz",15.43851648,47.06577884,-,-,-,28.08.1894,"Bučovice, Tschechien",-,KZ Auschwitz,19.17371606,50.03774115,jüdischeopfer;jüdisch,"Tochter von Kuhn Ignaz und Emilie Emma, geb. Hoffmann; vor und während des 2. Weltkriegs in der Zimmerplatzgasse 1, 8010 Graz;1925 Geburt von Sohn Rudolf in Graz; 13.04.1942 Deportation von Sered nach Auschwitz",weiblich,nein,-,DÖW; Auswanderungsfragebogen; Geni,,
87,Fleischhacker,Rudolf,-,-,"Zimmerplatzgasse 1, 8010 Graz",15.43851648,47.06577884,-,-,-,19.04.1925,"Graz, Steiermark",24.04.1942,KZ Auschwitz,19.17371606,50.03774115,jüdischeopfer;jüdisch,"Sohn von Hermann und Ida, geb. Kuhn (Kohn); vor und während des 2. Weltkriegs in der Zimmerplatzgasse 1, 8010 Graz; bis zum Schulbesuchsverbot für jüdische Kinder 1938 besuchte er das Oerversee-Gymnasium; 13.04.1942 Deportation von Sered nach Auschwitz",männlich,ja,o:derla.sty310,DÖW; DERLA; Stolpersteine; Auswanderungsfragebogen,,"in DERLA steht, dass nach 1938 nichts mehr bekannt;"
88,Fochtmann,Chaje Klara,Taub,Chaja; Chaje Ratze Fochtmann; Klara Sara Fochtman,"Lagergasse 27, 8020 Graz",15.43296194,47.06432341,"Tandelmarktgasse 11/3, 1020 Wien",16.37950618,48.21728255,12.07.1882,"Gura Homora, Rumänien",-,-,-,-,jüdischeopfer;jüdisch,"Tochter von Taub Hersch Juda und Ester, geb. Klamer; verheiratet mit Fochtmann Karl Chaim; Mutter von Fochtmann Anna, Hermann und Max;  vor dem 2. Weltkrieg in der Lagergasse 27, 8020 Graz; während des 2. Weltkriegs in einer Sammelwohnung in der Tandelmarktgasse 11/3, 1020 Wien; 23.10.1941 Deportation von Wien nach Litzmannstadt (Lodz); Überstellung von Litzmannstadt (Lodz) nach Auschwitz",weiblich,nein,-,Liste DÖW Auswanderungsfragebogen; DÖW; Yad Vashem; Auswanderungsfragebogen; Geni,,als Mädchenname wird sowohl Ratze (Yad Vashem) als auch Taub (Yad Vashem; Geni) angegeben
89,Fochtmann,Karl Chaim,-,Chaim Fochtmann,"Lagergasse 27, 8020 Graz",15.43296194,47.06432341,"Tandelmarktgasse 11/3, 1020 Wien",16.37950618,48.21728255,15.02.1868,"Rohatyn, Ukraine",-,-,-,-,jüdischeopfer;jüdisch,"Sohn von Fochtmann Chane; verheiratet mit Chaje Klara, geb. Taub; Vater von Fochtmann Anna, Hermann und Max;  Schneider; seit 1914 in Graz; vor dem 2. Weltkrieg in der Lagergasse 27, 8020 Graz; während des 2. Weltkriegs in einer Sammelwohnung in der Tandelmarktgasse 11/3, 1020 Wien; 23.10.1941 Deportation von Wien nach Litzmannstadt (Lodz)",männlich,nein,-,Liste DÖW Auswanderungsfragebogen; DÖW; Yad Vashem; Auswanderungsfragebogen; Geni,,
90,Frankl,Leopold,-,Leopold Emanuel Frankl,Graz,-,-,"Dominikanerbastei 22/3a, 1010 Wien",16.38026659,48.21086907,19.12.1869,"Bzenec, Tschechien",03.02.1943,Theresienstadt,14.15064358,50.51089063,jüdischeopfer;jüdisch,"Sohn von Frankl Pinkus und Julie, geb. Deutsch; verheiratet mit Stefanie, geb. Koppstein; Kaufmann in Graz; vor dem 2. Weltkrieg in Graz; 1938 Zwangsübersiedlung nach Wien; während des 2. Weltkriegs wohnhaft in einer Sammelwohnung in der Dominikanerbastei 22/3a, 1010 Wien; 10.07.1942 Deportation von Wien nach Theresienstadt, wo er starb (auf DERLA auch Auschwitz als 2. Angabe für Sterbeort)",männlich,nein,o:derla.sty501,"DERLA; DÖW; Yad Vashem; Geni; Halbrainer, H./ Lamprecht, G./ Rigerl, G.: Orte und Zeichen der Erinnerung. Erinnerungszeichen für die Opfer von Nationalsozialismus und Krieg in der Steiermark. Graz 2018, S. 202.",,auf DERLA finden sich als Sterbeort sowohl Theresienstadt (auch DÖW; Yad Vashem) als auch Auschwitz
91,Frankl,Stefanie,Koppstein,-,Graz,-,-,"Dominikanerbastei 22, 1010 Wien",16.38026659,48.21086907,12.12.1881,"Siófok, Ungarn",1942,KZ Sobibor,23.59556641,51.44625184,jüdischeopfer;jüdisch,"Tochter von Koppstein Josef und Henriette, geb. Singer; verheiratet mit Frankl Leopold; vor dem 2. Weltkrieg in Graz; 1938 Zwangsübersiedlung nach Wien; während des 2. Weltkriegs wohnhaft in einer Sammelwohnung in der Dominikanerbastei 22, 1010 Wien; 14.06.1942 Deportation von Wien nach Sobibor, wo sie ermordet wurde",weiblich,nein,o:derla.sty501,"DERLA; DÖW; Yad Vashem; Geni; Halbrainer, H./ Lamprecht, G./ Rigerl, G.: Orte und Zeichen der Erinnerung. Erinnerungszeichen für die Opfer von Nationalsozialismus und Krieg in der Steiermark. Graz 2018, S. 202.",,als Geburtsdatum wird neben dem 12.12.1881 (DERLA; DÖW; Yad Vashem) auch der 04.12.1881 (Geni) angegeben
92,Frankau,Margit,Rosenthal,-,"Schubertstraße 44, 8010 Graz",15.45589480,47.07938031,-,-,-,13.06.1889,"Graz, Steiermark",19.11.1944,Theresienstadt,14.15064358,50.51089063,jüdischeopfer;als Jude verfolgt,"Tochter von Rosenthal Josef Julius und Alice Florence, geb. Frankau; Eltern waren bereits Anfang der 1880er Jahre aus dem Judentum ausgetreten und der evangelischen Heilandskirche beigetreten; Absolventin des Mädchenlyzeums und der Handelsschule in Graz; ab 1910 Ausbildung zur Hilfskrankenschwester am Krankenhaus des Bayrischen Frauenvereins in München; in Graz zunächst tägtig in der Universitätskinderklinik; 1916 Namensänderung in Frankau; zwischen 1913 und 1934 tätig als Operationsschwester vom Universitätsprofessor Hans Spitzy in Wien, dessen fünf Kinder sie auch betreute; ab 1934 Arbeit im Grazer Sanatorium der Gallneukirchner Diakonissenanstalt als Kranken- bzw. Operationsschwester; obwohl eine glühende Antisemitin und mit führenden Nationalsozialisten bekannt wurde sie als Jüdin nach den 'Nürnberger Gesetzen' am 5. Jänner 1943 nach Theresienstadt deportiert, wo sie als Heilgehilfin arbeitete; im November 1944 erkrankte sie an Meningitis und starb am 19.11.1944",weiblich,nein ,o:derla.sty132,"DÖW; DERLA; Yad Vashem; Geni; Halbrainer, H./ Lamprecht, G.: „So dass uns Kindern eine durchwegs christliche Umgebung geschaffen war.“ Die Heilandskirche und ihre „Judenchristen“ zwischen 1880 und 1955. Graz 2010, S. 153-161.; Halbrainer, H.: Aus der jüdischen Gemeinde ausgetreten – von den Nationalsozialisten verfolgt und ermordet. In: Halbrainer, H./ Lamprecht, G.: Jüdisches Geidorf? Eine historische Spurensuche. Graz 2020, S. 52f.",,"Bild online verfügbar unter Diakoniwerk; Bild verfügbar in: Halbrainer, H./ Lamprecht, G.: „So dass uns Kindern eine durchwegs christliche Umgebung geschaffen war.“ Die Heilandskirche und ihre „Judenchristen“ zwischen 1880 und 1955. Graz 2010, S. 160.; als Geburtsdatum findet sich neben dem 13.06.1889 (DÖW; Yad Vashem; Geni; Halbrainer/ Lamprecht; Halbrainer) auch der 06.07.1889 (DERLA); als Sterbedatum findet sich neben dem 19.11.1944 (DERLA; Halbrainer/Lamprecht) auch der 20.11.1944 (DÖW)"
93,Freiberger,Heinrich,-,Heine,"Annenstraße 31, 8020 Graz",15.42651347,47.07105411,-,-,-,24.03.1910,"Graz, Steiermark",1943/44,KZ Jasenovac,16.92189235,45.27730038,jüdischeopfer;jüdisch,"Sohn von Freiberger Ladislaus und Franziska (Fanni/Netti), geb. Schulz; tätig als Automechaniker und Chemiker; Leiter einer Handelsagentur in der Griesgasse 22, 8020 Graz; mehrmaliger Wohnungswechsel; seit 1916 ist die Familie wohnhaft in der Annenstraße 31, 8020 Graz; 1926 Tod der Mutter Franziska; seit 1929 als Zeugwart in der Hakoah tätig, die von seinen Brüdern Nikolaus und Milan 1919 gegründet wurde; 31.08.1938 Abmeldung aus Graz nach Zagreb; ""Arisierung"" und Liquidierung der Handelsagentur; 14.11.1938 Auflösung der Hakoah Graz; während des 2. Weltkriegs in Zagreb; nach dem Einmarsch der Wehrmacht 1941 in Jugoslawien Deportation der Familie in das KZ Jasenovac, wo er ermordet wurde",männlich,nein,-,"Yad Vashem; Auswanderungsfragebogen; Geni; Halbrainer, H.: Jüdisches Turnen und Sport im Bezirk Gries. In: Halbrainer, H./ Lamprecht, G.: Jüdischer Gries. Eine Spurensuche. Graz 2022, S. 80-84.",,
94,Freiberger,Ladislaus,-,Ladislav; Lozi; Luzi,"Annenstraße 31, 8020 Graz",15.42651347,47.07105411,-,-,-,25.03.1865,"Samobor, Kroatien",1944,KZ Jasenovac,16.92189235,45.27730038,jüdischeopfer;jüdisch,"Sohn von Freiberger Heinrich und Amalia, geb. Fischer; Heirat am 13.11.1898 mit Franziska, geb. Schulz; Vater von Freiberger Nikola, Milan, Stefan Siegmund, Ljubica und Heinrich; seit 1904 in Graz wohnhaft; tätig als Handelsagent; mehrmaliger Wohnungswechsel; seit 1916 ist die Familie wohnhaft in der Annenstraße 31, 8020 Graz; hier führt Ladislaus auch ein Ausgleichbüro;  1926 Tod der Ehefrau Franziska; 31.08.1938 Abmeldung aus Graz nach Zagreb;  während 2. Weltkrieg in Zagreb; nach dem Einmarsch der Wehrmacht 1941 in Jugoslawien Deportation der Familie in das KZ Jasenovac, wo er ermordet wurde",männlich,nein,-,"Yad Vashem; Geni; Halbrainer, H.: Jüdisches Turnen und Sport im Bezirk Gries. In: Halbrainer, H./ Lamprecht, G.: Jüdischer Gries. Eine Spurensuche. Graz 2022, S. 80-84.; Lamprecht, G./ Halbrainer, H./ Hainzl, J.: Annenstraße 1938. Raub und Vertreibung. Graz 2025.",,"als Geburtsdatum findet sich neben dem 25.03.1865 (Geni) auch das Jahr 1864 (Yad Vashem); laut Yad Vashem im Dezember 1944 in Jasenovac ermordet, keine genauen Angaben zum Tod auf Geni"
95,Freiberger,Ljubica,-,Ljubia,"Annenstraße 31, 8020 Graz",15.42651347,47.07105411,-,-,-,07.06.1908,"Graz, Steiermark",1941/42,KZ Jasenovac,16.92189235,45.27730038,jüdischeopfer;jüdisch,"Tochter von Freiberger Ladislaus und Franziska (Fanni, Netti), geb. Schulz; Hausfrau; mehrmaliger Wohnungswechsel; seit 1916 ist die Familie wohnhaft in der Annenstraße 31, 8020 Graz; 1926 Tod der Mutter Franziska; 31.08.1938 Abmeldung aus Graz nach Zagreb; während des 2. Weltkriegs in Zagreb; nach dem Einmarsch der Wehrmacht 1941 in Jugoslawien Deportation der Familie in das KZ Jasenovac, wo sie ermordet wurde",weiblich,nein,-,"Yad Vashem; Geni; Halbrainer, H.: Jüdisches Turnen und Sport im Bezirk Gries. In: Halbrainer, H./ Lamprecht, G.: Jüdischer Gries. Eine Spurensuche. Graz 2022, S. 80-84.; Lamprecht, G./ Halbrainer, H./ Hainzl, J.: Annenstraße 1938. Raub und Vertreibung. Graz 2025.",,
96,Freiberger,Milan,-,-,"Annenstraße 31, 8020 Graz",15.42651347,47.07105411,-,-,-,10.02.1901,"Zagreb, Kroatien",1941/42,KZ Jasenovac,16.92189235,45.27730038,jüdischeopfer;jüdisch,"Sohn von Freiberger Ladislaus und Franziska (Fanni, Netti), geb. Schulz; in Graz wohnhaft seit 1904; tätig als Schuhkaufmann; Leiter eines Schugroßhandels in der Annenstraße 31, 8020 Graz; mehrmaliger Wohnungswechsel; seit 1916 ist die Familie wohnhaft in der Annenstraße 31, 8020 Graz; 03.04.1919 Gründung des jüdischen Sportvereins Hakoah gemeinsam mit seinem Bruder Nikolaus; zwischen 1920 und 1922 Zeugwart; ab 1923 Leiter der Sektion Fußball; zunächst auch Tormann in der Fußballmanschaft der Hakoah; 1926 Tod der Mutter Franziska; zwischen 1927 und 1935 Präsident der Hakoah; 1937 zum Ehrenpräsidenten der Hakoah ernannt; in den 1930er Jahren ist Milan Freiberger auch Vorstand der Israelitischen Kultusgemeinde; 31.08.1938 Abmeldung aus Graz nach Zagreb; ""Arisierung"" und Liquidierung des Schuhgroßhandels; 14.11.1938 Auflösung der Hakoah Graz; während des 2. Weltkriegs in Zagreb; nach dem Einmarsch der Wehrmacht 1941 in Jugoslawien Deportation der Familie in das KZ Jasenovac, wo er ermordet wurde",männlich,nein,-,"Yad Vashem; Auswanderungsfragebogen; Geni; Halbrainer, H.: Jüdisches Turnen und Sport im Bezirk Gries. In: Halbrainer, H./ Lamprecht, G.: Jüdischer Gries. Eine Spurensuche. Graz 2022, S. 80-84.; Lamprecht, G./ Halbrainer, H./ Hainzl, J.: Annenstraße 1938. Raub und Vertreibung. Graz 2025.",,
97,Freiberger,Stefan,-,Stefan Siegmund ,"Annenstraße 31, 8020 Graz",15.42651347,47.07105411,-,-,-,02.10.1904,"Graz, Steiermark",1941/42,KZ Jasenovac,16.92189235,45.27730038,jüdischeopfer;jüdisch,"Sohn von Ladislaus und Franziska (Fanni, Netti), geb. Schulz; verheiratet mit Irena; Kaufmann; mehrmaliger Wohnungswechsel; seit 1916 ist die Familie wohnhaft in der Annenstraße 31, 8020 Graz; ab 1923 Zeugwart der Hakoah; 1926 Tod der Mutter Franziska;  ab 1927 Rechnungsprüfer der Hakoah und ab 1928 Kassier des Vereins; ab 1935 für die Veranstaltungen der Hakoah verantwortlich; Mitte der 1930er Jahre Obmann des Jüdischen Gesangsvereins und der gehört dem Vorstand der Zionistischen Ortsgruppe an; 31.08.1938 Abmeldung aus Graz nach Zagreb; 14.11.1938 Auflösung der Hakoah Graz; während des 2. Weltkriegs in Zagreb; nach dem Einmarsch der Wehrmacht 1941 in Jugoslawien Deportation der Familie in das KZ Jasenovac, wo er ermordet wurde",männlich,nein ,-,"Liste DÖW Wohnadresse_Graz; DÖW; Yad Vashem; Geni; Halbrainer, H.: Jüdisches Turnen und Sport im Bezirk Gries. In: Halbrainer, H./ Lamprecht, G.: Jüdischer Gries. Eine Spurensuche. Graz 2022, S. 80-84.; Lamprecht, G./ Halbrainer, H./ Hainzl, J.: Annenstraße 1938. Raub und Vertreibung. Graz 2025.",,
98,Freund,Adolf,-,-,"Prankergasse 79, 8020 Graz",15.41867335,47.06863112,"Malzgasse 16, 1020 Wien",16.37691309,48.22050267,18.08.1882,"Graz, Steiermark",-,-,-,-,jüdischeopfer;jüdisch,"Sohn von Freund Samuel und Josefine, geb. Stern; verwitwet; Fleischhauer und Selcher; vor dem 2. Weltkrieg in der Prankergasse 79, 8020 Graz; während des 2. Weltkriegs in einem Sammellager in der Malzgasse 16, 1020 Wien; 05.06.1942 Deportation von Wien nach Izbica",männlich,nein,-,Liste DÖW Auswanderungsfragebogen; DÖW; Auswanderungsfragebogen,,als Geburtsdatum wird neben dem 18.08.1882 (Auswanderungsfragebogen) auch der 08.08.1882 (DÖW) angegeben
99,Freund,Anna,Blog/Bloch,-,"Wartingergasse 32, 8010 Graz",15.43514278,47.07929153,"Große Pfarrgasse 23/7, 1020 Wien",16.38019610,48.21863919,10.11.1877,"Soborten bei Teplitz-Schönau, Tschechien",-,KZ Auschwitz,19.17371606,50.03774115,jüdischeopfer;jüdisch,"Tochter von Bloch Abraham und Amalia Lotti; verheiratet mit Freund Siegmund; Mutter von Gans Marianne; Hausfrau; seit 1901 in Graz wohnhaft; 1935 Tod von Ehemann Siegmund; vor dem 2. Weltkrieg wohnhaft in der Wartingergasse 32, 8010 Graz; 1938 musste sie aus der Wohnung ausziehen und wohnte kurzzeitig bei den Familien Glattauer bzw. Lichtenstein; 19.03.1939 Zwangsübersiedlung nach Wien in eine Sammelwohnung in die Große Pfarrgasse 23/7, 1020 Wien; 20.08.1942 Deportation von Wien nach Theresienstadt; 16.05.1944 Deportation von Theresienstadt nach Auschwitz, wo sie ermordet wurde",weiblich,nein,-,"Yad Vashem; DÖW; Auswanderungsfragebogen; Geni;  Halbrainer, H.: Opfer rassistischer Verfolgung aus dem Bezirk Geidorf. In: Halbrainer, H./ Lamprecht, G.: Jüdisches Geidorf? Eine historische Spurensuche. Graz 2020, S. 70.",,Bild online verfügbar unter Geni; als Geburtsdatum findet sich neben dem 10.11.1877 in Soborten (DÖW; Auswanderungsfragebogen; Halbrainer) auch das Jahr 1882 (Yad Vashem); laut Yad Vashem 1942 in Auschwitz verstorben; Eintrag auf Geni benötigt laut eigener Angabe weitere Forschung
100,Freund,James,-,-,Graz,-,-,"Lagergasse 89, 8020 Graz",15.43339641,47.05958263,08.12.1893,"Graz, Steiermark",-,KZ Jasenovac,16.92189235,45.27730038,jüdischeopfer;jüdisch,"Sohn von Freund Adolph und Olga, geb. Pollak; ledig; Handelsagent; vor dem 2. Weltkrieg in Graz, Elisabethinergasse 9; im Mai 1939 Flucht nach Jugoslawien; nach Einmarsch der Deutschen Deportation von Fuzine in das KZ Jasenovac",männlich,nein ,o:derla.sty492,"DÖW; DERLA; Yad Vashem; Auswanderungsfragebogen; Geni; Halbrainer, H./ Lamprecht, G./ Rigerl, G.: Orte und Zeichen der Erinnerung. Erinnerungszeichen für die Opfer von Nationalsozialismus und Krieg in der Steiermark. Graz 2018, S. 196.",,ist die Lagergasse 89 eine erzwungene Wohnadresse (letzte freiwillige Wohnadresse?); neben dem Jahr 1893 (DERLA; DÖW; Auswanderungsbogen) findet sich als Geburtsjahr auch das Jahr 1900 (Yad Vashem)
101,Freund,Olga,Pollak,-,"Lagergasse 89, 8020 Graz",15.43344761,47.05958963,"Hammer-Purgstall-Gasse 3/5, 1020 Wien",16.37697322,48.21497200,01.02.1869,"Graz, Steiermark",1942,Treblinka,22.02263844,52.66443665,jüdischeopfer;jüdisch,"Tochter von Pollak Leopold und Emilie, geb. Deutsch; verheiratet mit dem Bäcker Freund Adolf; Mutter von Freund James, Benjoseph Rudolfine und Pirkheim Hedwig; 1939 Zwangsumsiedlung nach Wien; während 2. Weltkrieg in Hammer-Purgstall-Gasse 3/5, 1020 Wien; 22.07.1942 Deportation von Wien nach Theresienstadt; 21.09.1942 Deportation von Theresienstadt nach Treblinka, wo sie ermordet wurde ",weiblich,nein,o:derla.sty492,"Yad Vashem; DERLA; DÖW; Geni; Halbrainer, H./ Lamprecht, G./ Rigerl, G.: Orte und Zeichen der Erinnerung. Erinnerungszeichen für die Opfer von Nationalsozialismus und Krieg in der Steiermark. Graz 2018, S. 195.",,als Geburtsjahr finden sich neben 1869 (DERLA; DÖW; Auswanderungsfragebogen; Geni) auch das Jahr 1867 und das Jahr 1870 (Yad Vashem)
102,Friedländer,Deborah,Aberbach,Debora Friedlaender; Fridlender,Graz,-,-,"Blumauergasse 22/23, 1020 Wien",16.38520186,48.21813648,26.05.1875,"Warschau, Polen",07.09.1942,Theresienstadt,14.15064358,50.51089063,jüdischeopfer;jüdisch,"verheiratet mit Friedländer Samuel; Hausfrau; vor 2. Weltkrieg in Graz; während 2. Weltkrieg in Blumauergasse 23/22, 1020 Wien; 20.08.1942 Deportation von Wien nach Theresienstadt",weiblich,nein,-,Yad Vashem; DÖW; Geni,,als Todesdatum findet sich neben dem 07.09.1942 (DÖW) auch der 07.11.1942 (Yad Vashem; Geni); als Geburtsort findet sich neben Warschau auch Boryslaw in der Ukraine
103,Friedländer,Samuel,-,Friedlaender; Fridlender,Graz,-,-,"Blumauergasse 22/23, 1020 Wien",16.38520186,48.21813648,30.05.1872,"Warschau, Polen",23.10.1942,Theresienstadt,14.15064358,50.51089063,jüdischeopfer;jüdisch,"verheiratet mit Friedländer Deborah, geb. Aberbach; Holzhändler; vor 2. Weltkrieg in Graz; während 2. Weltkrieg in Blumauergasse 22/23, 1020 Wien; 20.08. 1942 Deportation von Wien nach Theresienstadt, wo er starb",männlich,nein,-,Yad Vashem; DÖW; Geni,,als Todesdatum findet sich neben dem 23.10.1942 (DÖW) auch der 23.11.1942 (Yad Vashem; Geni); als Geburtsort findet sich neben Warschau auch Graz
104,Fuchs,Elsa,-,-,Graz,-,-,-,-,-,03.02.1905,"Rače, Slowenien",-,-,-,-,jüdischeopfer;jüdisch,"Tochter von Fuchs Oskar und Gebrielle, geb. Pick; vor 2. Weltkrieg in Graz",weiblich,nein,-,Yad Vashem; Geni,,laut Yad Vashem war sie noch ein Kind (nach 1905 geboren ?)
105,Fuchs ,Gabrielle,Pick,Gabriele; Gabriela,Graz,-,-,-,-,-,09.09.1879,"Pécs, Ungarn",1943,KZ Auschwitz,19.17371606,50.03774115,jüdischeopfer;jüdisch,"Tochter von Pick Ignaz und Helene, geb. Frank; verheiratet mit Fuchs Oskar; Mutter von Fuchs Elsa, Franz Josef, Walter und Irene; vor 2. Weltkrieg in Graz",weiblich,nein,-,Yad Vashem; Geni,,als Geburtsdatum findet sich neben dem 09.09.1879 (Yad Vashem) auch der 14.09.1879 (Geni); als Todesjahr findet sich neben 1943 (Yad Vashem) auch 1944 (Geni)
106,Fuchs,Hans,-,? vermutlich Franz Josef Fuchs?,Graz,-,-,-,-,-,-,-,-,-,-,-,jüdischeopfer;jüdisch,"Sohn von Fuchs Oskar und Gebrielle, geb. Pick; vor 2. Weltkrieg in Graz",männlich,,-,Yad Vashem,,laut Yad Vashem war er noch ein Kind
107,Fuchs,Walter ,-,-,Graz,-,-,-,-,-,15.05.1910,"Graz-Eggenberg, Steiermark",-,Zagreb,-,-,jüdischeopfer;jüdisch,"Sohn von Fuchs Oskar und Gebrielle, geb. Pick; vor 2. Weltkrieg in Graz",männlich,nein,-,Yad Vashem; Geni,,laut Yad Vashem beging er in Zagreb Selbstmord; laut Yad Vashem jugendlich
108,Fürst,Adolf,-,-,"Marburger Kai 47, 8010 Graz",15.43588697,47.06781333,"Wildpretmarkt 8/26, 1010 Wien",16.37183852,48.21034877,11.04.1867,"Graz, Steiermark",1942,Treblinka,22.02263844,52.66443665,jüdischeopfer;jüdisch,"Sohn von Fürst Moritz und Laura, geb. Planer; verheiratet mit Fürst Gisela; Vater von Fürst Vally; tätig als Weinhändler in Graz; vor dem 2. Weltkrieg in Marburger Kai 47, 8010 Graz; 1939 Zwansgsübersiedlung nach Wien; während des 2. Weltkriegs in Wildpretmarkt 8/26, 1010 Wien; 20.06.1942 Deportation von Wien nach Theresienstadt gemeinsam mit seiner Schwester Jenny; 19.09.1942 Überstellung von Theresienstadt nach Treblinka, wo er ermordet wurde",männlich,nein,o:derla.sty478,"DÖW; DERLA; Stolperstein von Ludwig Biro; Geni; Halbrainer, H./ Lamprecht, G./ Rigerl, G.: Orte und Zeichen der Erinnerung. Erinnerungszeichen für die Opfer von Nationalsozialismus und Krieg in der Steiermark. Graz 2018, S. 187.",,
109,Fürst,Jenny,-,-,Graz,-,-,"Wildpretmarkt 3/26, 1010 Wien",16.37139654,48.21031024,24.10.1870,"Graz, Steiermark",1942,Treblinka,22.02263844,52.66443665,jüdischeopfer;jüdisch,"Tochter von Fürst Moritz und Laura, geb. Planer; 1939 Zwangswumsiedlung von Graz nach Wien; während des 2. Weltkriegs in Wildpretmarkt 3/26, 1010 Wien; 20.06.1942 Deportation von Wien nach Theresienstadt gemeinsam mit ihrem Bruder Adolf; 21.09.1942 Überstellung von Theresienstadt nach Treblinka, wo sie ermordet wurde",weiblich,nein,o:derla.sty478,"DERLA; DÖW; Yad Vashem; Geni; Halbrainer, H./ Lamprecht, G./ Rigerl, G.: Orte und Zeichen der Erinnerung. Erinnerungszeichen für die Opfer von Nationalsozialismus und Krieg in der Steiermark. Graz 2018, S. 187.",,
110,Fürst,Sidonie,Schwarz,Furst,Graz,-,-,"Förstergasse 7/17, 1020 Wien",16.37234687,48.22098657,20.10.1883,"Graz, Steiermark",11.05.1942,Maly Trostinec,27.70358964,53.83507935,jüdischeopfer;jüdisch,"Tochter von Schwarz Wilhelm und Katharina, geb. Gerstl; verheiratet mit Fürst Ludwig; Mutter von Fürst Jakob Arthur; Hausfrau; geschieden; vor dem 2. Weltkrieg in Graz; während des 2. Weltkriegs in Förstergasse 7/17, 1020 Wien; 06.05.1942 Deportation von Wien nach Maly Trostinec, wo sie ermordet wurde",weiblich,nein,-,"Yad Vashem; DÖW; Geni; Riedl, K.: Familie Schwarz - Kleidermacher. In: Halbrainer, H./ Lamprecht, G.: Jüdischer Lend. Eine Spurensuche. Graz 2024, S. 160-166.",,als Geburtsdatum findet sich neben dem 20.10.1883 (DÖW) auch der 24.10.1883 (Geni)
111,Galambos,Luise,-,Luisa,"Färbergasse 2/1, 8010 Graz",15.43869368,47.07191557,"Ferdinandstraße 19/5, 1020 Wien",16.38465109,48.21348331,28.12.1879,Hălmagiu. Rumänien,-,-,-,-,jüdischeopfer;jüdisch,"Mutter von Galambos Yuzzi und Paul; verwitwet; vor dem 2. Weltkrieg in der Färbergasse 2/1, 8010 Graz Graz; während des 2. Weltkriegs in einer Sammelwohnung in der Ferdinandstraße 19/5, 1020 Wien; 15.02.1941 Deportation von Wien nach Opole ",männlich,nein,-,Liste DÖW Auswanderungsfragebogen; DÖW; Yad Vashem; Auswanderungsfragebogen,,Bild verfügbar unter Yad Vashem; als Geburtsdatum wird neben dem 28.12.1878 (DÖW; Yad Vashem) auch der 28.12.1879 (Auswanderungsfragebogen) angegeben; vermutlich ist die Färbergasse 2/1 ein erzwungener Wohnort
112,Gelbard,Feiga,Katz,Feige,"Feuerbachgasse 15, 8020 Graz",15.43192549,47.06904872,-,-,-,30.07.1895,"Blyshchyvody, Ukraine",-,KZ Belzec ,23.45814165,50.37300125,jüdischeopfer;jüdisch,"Tochter von Katz Shie; verheiratet mit Gelbard Ichiel David; Mutter von Gelbard Schwarz Edit(h); Hausfrau; vor dem 2. Weltkrieg in der Feuerbachgasse 15, 8020 Graz; während des 2. Weltkriegs in Krakau; Deportation von Krakau nach Belzec ",weiblich,nein,-,DÖW; Yad Vashem; Geni,,laut Geni starb sie am 31. Dezember 1942 (?)
113,Gelbard,Ichiel David,-,Yekhiel,"Feuerbachgasse 15, 8020 Graz",15.43192549,47.06904872,-,-,-,31.08.1889,"Sokal, Ukraine",-,KZ Belzec ,23.45814165,50.37300125,jüdischeopfer;jüdisch,"Sohn von Gelbard Judel Jehuda und Sara, geb. Mehlwurm; verheiratet mit Gelbard Feiga, geb. Katz; Vater von Gelbard Schwarz Edit(h); Kaufmann in Graz, Geschäftsinhaber; zugewandert aus Sokal nach Graz; vor dem 2. Weltkrieg in der Feuerbachgasse 15, 8020 Graz; Deportation von Krakau nach Belzec ",männlich,nein,-,DÖW; Yad Vashem; Geni,,laut Geni starb er am 31. Dezember 1942 (?)
114,Gerstl,Hansi,-,-,"Karlauerstraße 39, 8020 Graz",15.43100408,47.06164190,-,-,-,02.01.1913,"Wien, Österreich",1943,KZ Auschwitz,19.17371606,50.03774115,jüdischeopfer;jüdisch,"Mutter von Gerstl Max; Hansi Gerstl lebte bis zum 9. Juni 1938 in der Karlauerstraße 39, 8020 Graz; danach lebte sie kurze Zeit in Wien; Flucht über Deutschland nach Belgien gemeinsam mit ihrem Sohn Max und ihrer Schwester Rosa; während des 2. WK in Saint-Gilles; Heirat mit Soel Jakob; weiterer Wohnort in Vanderhaegenstraat mit Jakob Soel und Max; 20.09.1943 Deportation von Mecheln mit dem Transport XXIIA nach Auschwitz gemeinsam mit Ehemann Jakob und Sohn Max; nach Ankunft im KZ Auschwitz ermordet",weiblich,nein ,-,"DÖW; Auswanderungsfragebogen; Langens, K.: Hansi and Max Gerstl. Transport XXIIA. In: https://kazernedossin.memorial/biografie/hansi-en-max-gerstl/?lang=en (am 22.04.2025) ",,Bild verfügbar unter Kazerne Dossin
115,Gerstl,Max,-,-,"Karlauerstraße 39, 8020 Graz",15.43100408,47.06164190,-,-,-,13.11.1935,"Wien, Österreich",1943,KZ Auschwitz,19.17371606,50.03774115,jüdischeopfer;jüdisch,"Sohn von Gerstl Hansi; Max Gerstl lebte bis zum 9. Juni 1938 mit seiner Mutter in der Karlauerstraße 39, 8020 Graz; danach lebte er kurze Zeit in Wien; Flucht über Deutschland nach Belgien gemeinsam mit seiner Mutter Hansi; während des 2. WK in Saint-Gilles; weiterer Wohnort in Vanderhaegenstraat; 20.09.1943 Deportation von Mecheln mit dem Transport XXIIA nach Auschwitz gemeinsam mit Mutter Hansi; nach Ankunft im KZ Auschwitz im Alter von sieben Jahren ermordet",männlich,ja,-,"DÖW; Auswanderungsfragebogen; Langens, K.: Hansi and Max Gerstl. Transport XXIIA. In: https://kazernedossin.memorial/biografie/hansi-en-max-gerstl/?lang=en (am 22.04.2025) ",,
116,God,Adolf,-,-,"Griesplatz 14, 8020 Graz",15.43158245,47.06428506,"Rembrandtstraße 25/2, 1020 Wien",16.37217295,48.2223042,11.10.1911,"Wien, Österreich",06.02.1945,KZ Dachau,11.46869264,48.26883841,jüdischeopfer;jüdisch,"Sohn von Diener recte God Josef und Diener Paula, geb. Stellner; verheiratet mit Lola, geb. Bauer; Schuhmacher; zunächst wohnhaft in Wien; zwischen 15.01.1935 und 30.09.1938 wohnhaft in Griesplatz 14, 8020 Graz; Zwangsumsiedlung nach Wien in eine Sammelwohnung in der Novarragasse 17/33, 1020 Wien; zuletzt wohnhaft in einer Sammelwohnung in der Rembrandtstraße 25/2, 1020 Wien; 11.11.1943 Deportation von Wien nach Theresienstadt; 28.09.1944 Überstellung von Theresienstadt nach Auschwitz; 10.10.1944 Überstellung von Auschwitz nach Dachau, wo er Anfang des Jahres 1945 ermordet wurde",männlich,nein,-,Liste DÖW Auswanderungsfragebogen; DÖW; Yad Vashem; Auswanderungsfragebogen; Geni,,als Todesdatum wird neben dem 06.02.1945 (DÖW) auch der 04.01.1945 (Geni) angegeben
117,God,Lola,Bauer,-,"Griesplatz 14, 8020 Graz",15.43158245,47.06428506,"Rembrandtstraße 25/2, 1020 Wien",16.37217295,48.2223042,19.08.1912,"Wien, Österreich",1944,KZ Auschwitz,19.17371606,50.03774115,jüdischeopfer;jüdisch,"Tochter von Bauer Siegfried und Julia, geb. Árváy; verheiratet mit God Adolf; Modistin; zwischen 15.01.1935 und 30.09.1938 wohnhaft in Griesplatz 14, 8020 Graz; Zwangsumsiedlung nach Wien in eine Sammelwohnung in der Novarragasse 17/33, 1020 Wien; zuletzt wohnhaft in einer Sammelwohnung in der Rembrandtstraße 25/2, 1020 Wien; 11.11.1943 Deportation von Wien nach Theresienstadt; 23.10.1944 Überstellung von Theresienstadt nach Auschwitz",weiblich,nein,-,Liste DÖW Auswanderungsfragebogen; DÖW; Yad Vashem; Auswanderungsfragebogen; Geni,,als Geburtsdatum wird neben dem 19.08.1912 (DÖW; Geni; Auswanderungsfragebogen) auch der 19.04.1912 (Yad Vashem) angegeben
118,Goldberger,Lenke,-,Helene,"Schörgelgasse 18/I, 8010 Graz",15.45030974,47.06629267,-,-,-,08.04.1874,"Mezőtúr, Ungarn",-,Izbica,23.15986311,50.89502993,jüdischeopfer;jüdisch,"verheiratet mit Goldberger Moritz; Mutter von Goldberger Berta, Zora, Karl und Ladislaus; Hausfrau; seit 1909 in Graz wohnhaft; ab 1918 wohnhaft in der Kinkgasse 5, 8020 Graz; 1925 Selbstmord ihres Mannes Moritz; seit 1930 wohnhaft in der Schörgelgasse 18/1, 8010 Graz; 1938 Flucht nach Tschechien mit ihrer Tochter Zora; 24.04.1942 Deportation von Prag nach Theresienstadt; 27.04.1942 Überstellung von Theresienstadt nach Izbica, wo sie und ihre Mutter ermordet werden",weiblich,nein,-,"Auswanderungsfragebogen; Halbrainer, H.: Ledergroßhändler Karl Goldberger. In: Halbrainer, H./ Lamprecht, G.: Jüdischer Gries. Eine Spurensuche. Graz 2022, S. 209-212.",,"bislang keine Informationen auf DÖW, Yad Vashem oder Geni zu ihr gefunden"
119,Goldberger,Zora,-,-,"Schörgelgasse 18/I, 8010 Graz",15.45030974,47.06629267,-,-,-,20.12.1903,"Zagreb, Kroation",-,Izbica,23.15986311,50.89502993,jüdischeopfer;jüdisch,"Tochter von Goldberger Moritz und Lenke (Helne); wohnhaft in Graz seit 1909; ab 1918 wohnhaft in der Kinkgasse 5, 8020 Graz, bei den Eltern; 1925 Selbstmord des Vaters Moritz; seit 1925 als Bürobeamtin bei der Firma Alois Knotz in der Landhausgasse 7, 8010 Graz beschäftigt; seit 1930 wohnhaft in der Schörgelgasse 18/1, 8010 Graz; 1938 Flucht nach Tschechien mit ihrer Mutter Lenke; 24.04.1942 Deportation von Prag nach Theresienstadt; 27.04.1942 Überstellung von Theresienstadt nach Izbica, wo sie und ihre Mutter ermordet werden",weiblich,nein,-,"DÖW; Auswanderungsfragebogen; Halbrainer, H.: Ledergroßhändler Karl Goldberger. In: Halbrainer, H./ Lamprecht, G.: Jüdischer Gries. Eine Spurensuche. Graz 2022, S. 209-212.",,
120,Goldenzweig,David,-,-,"Schützenhofgasse 50, 8010 Graz",15.45856992,47.06864528,-,-,-,21.01.1899,-,-,-,-,-,jüdischeopfer;jüdisch,"vor dem 2. Weltkrieg in der Schützenhofasse 50, 8010 Graz; 31.08.1942 Transport 26 von Drancy nach Auschwitz",männlich,nein,-,DÖW; Yad Vashem; Database of prisoners at Auschwitz,,wenige Informationen; laut Database of prisoners at Auschwitz: unlikely to have survived
121,Götzl,Charlotte,Schlesinger,Lotte Goetzl; Lotti,"Münzgrabenstraße 11, 8010 Graz",15.44791602,47.06538507,"Fugbachgasse 10, 1020 Wien",16.38810769,48.22054072,31.05.1879,"Graz, Steiermark",-,-,-,-,jüdischeopfer;jüdisch,"Tochter von Schlesinger Samuel und Johanna, geb. Salzer; Ehefrau von Götzl Gottfried; Mutter von Götzl Johanna und Adele; zwischenzeitlich wohnhaft in Laibach; vor 2. Weltkrieg wohnhaft in Münzgrabenstraße 11, 8010 Graz; während 2. Weltkrieg in Sammelwohnung in Fugbachgasse 10, 1020 Wien; 15.05.1942 Deportation von Wien nach Izbica",weiblich,nein,-,Yad Vashem; DÖW; Auswanderungsfragebogen; Geni,,"auf Yad Vashem ist der Mädchennamen ""Wollner"" mit ? Versehen"
122,Götzl,Gottfried,-,Goetzl,"Münzgrabenstraße 11, 8010 Graz",15.44791602,47.06538507,"Fugbachgasse 10, 1020 Wien",16.38810769,48.22054072,27.08.1870,"Graz, Steiermark",-,-,-,-,jüdischeopfer;jüdisch,"Sohn von Götzl Adolph und Therese, geb. Salzer; verheiratet mit Charlotte, geb. Schlesinger; Vater von Götzl Johanna und Adele; zwischenzeitlicher Aufenthalt in Laibach, wo er die Realschule abschloss; Abiturientenkurs der Handelsakatemie in Graz; vor 2. Weltkrieg wohnhaft in Münzgrabenstraße 11, 8010 Graz; tätig als Kaufmann in eigenem Betrieb; während 2. Weltkrieg in Sammelwohnung in Fugbachgasse 10, 1020 Wien; 15.05.1942 Deportation von Wien nach Izbica",männlich,nein,-,Yad Vashem; DÖW; Auswanderungsfragebogen; Geni,,als Geburtsdatum findet sich neben dem 27.08.1870 (Auswanderungsfragebogen) auch der 27.08.1878 (Geni) und der 27.08.1887 (DÖW)
123,Götzl,Julius,-,Goetzl,Graz,-,-,-,-,-,21.06.1876,"Graz, Steiermark",-,-,-,-,jüdischeopfer;jüdisch,"Sohn von Götzl Adolph und Therese, geb. Salzer; starb laut Geni im Jahr 1885 oder nach 1943",männlich,nein,-,Yad Vashem; Geni,,"laut Yad Vashem starb Julius Goetzl im Alter von 65 Jahren in der Shoah, laut Geni starb er bereits 1885 oder nach 1943"
124,Grünwald,Leopold Salomon,-,Salomon Grünwald,"Floßlendstraße 20a, 8020 Graz",15.42426913,47.08491867,-,-,-,24.01.1882,"Graz, Steiermark",15.02.1939,KZ Buchenwald,11.24944041,51.02172998,jüdischeopfer;jüdisch,"Sohn von Grünwald Israel und Juliane, geb. Jöbstl; vor dem 2. Weltkrieg in der Floßlendstraße 20a, 8020 Graz; 22.12.1938 Deportation von Graz nach Buchenwald, wo er am 24.01.1939 starb ",männlich,nein,-,DÖW; Geni,,
125,Gruska,Nina,Grünwald,Nina Ester Grünwald; Anna Nina Gruska/Grünwald,Graz,-,-,"Mayerhofgasse 1/27, 1040 Wien",16.37035664,48.19278407,27.04.1878,"Jennersdorf, Burgenland",-,-,-,-,jüdischeopfer;jüdisch,"Tochter von Grünwald Jakob und Eugenia Sophie, geb. Bodanzsky; verheiratet mit Gruska Ferdinand (Samuel); Mutter von Gruska Georg, Aloupoyiannis Gerda und Gruska Vera; 1924 Tod von Ehemann Ferdinand; vor dem 2. Weltkrieg wohnhaft in Graz; während des 2. Weltkriegs wohnhaft in der Mayerhofgasse 1/27, 1040 Wien; 29.04.1944 Deportation von Drany nach Auschwitz",weiblich,nein,-,Yad Vashem; DÖW; Geni,,
126,Gut,Juliette,Reischer,Juliette Sara Walek Gut,"Grieskai 40, 8020 Graz",15.43395207,47.06599520,"Malzgasse 5/17, 1020 Wien",16.37584322,48.22021769,16.12.1881 ,"Wien, Österreich",-,-,-,-,jüdischeopfer;jüdisch,"Tochter von Reischer Osias Schie und Keile Matel, geb. Weinreb; verheiratet mit Gut Szyja Walek; Mutter von Wahler Rudolfine; Geschäftsfrau; verwitwet; seit 1908 in Graz wohnhaft; vor dem 2. Weltkrieg am Grieskai 40, 8020 Graz; während des 2. Weltkriegs in Malzgasse 5/17, 1020 Wien; 15.10.1941 Deportation von Wien nach Litzmannstadt (Lodz)",weiblich,nein,-,Liste DÖW Auswanderungsfragebogen; DÖW; Yad Vashem; Auswanderungsfragebogen; Geni,,
127,Hauser,Gustav,-,"Hoizar, Huzar",Graz,-,-,-,-,-,02.11.1877,"Boryslaw, Ukraine",-,-,-,-,jüdischeopfer;jüdisch,"Sohn von Hauser Leiser Josef und Feige Gittel, geb. Rottstein; verheiratet mit Perl Josefa, geb. Krochmal; Vater von Herman Elsa und Hauser Elfriede; Kaufmann; vor 2. Weltkrieg in Graz und während des 2. Weltkriegs in Wien",männlich,nein,-,Yad Vashem; Geni,,als Geburtsdatum findet sich neben 1880 (Yad Vashem) auch der 02. November 1877 (Geni)
128,Hauser,Perl Josefa,Schindler recte Krochmal,Iuzefa Hoizer,Graz,-,-,"Floßgasse 8/54, 1020 Wien",16.37485578,48.21667814,12.12.1879,"Boryslaw, Ukraine",-,-,-,-,jüdischeopfer;jüdisch,"Tochter von Schindler Ahron und Pesche, geb. Krochmal; verheiratet mit Hauser Gustav; Mutter von Herman Elsa und Hauser Elfriede; Hausfrau; vor 2. Weltkrieg in Graz; während des 2. Weltkriegs in Floßgasse 8/54, 1020 Wien; 06.02.1942 Deportation von Wien nach Riga",weiblich,nein,-,Yad Vashem; DÖW; Geni,,als Geburtsdatum findet sich neben 1883 (Yad Vashem) auch der 12. Dezember 1879 (Geni) und der 12.07.1879 (DÖW)
129,Heinrich,Johanna,-,Yohana Heinrikh,Graz,-,-,"Große Stadtgutgasse 24/9, 1020 Wien",16.38417873,48.21977922,04.09.1867,"Aschau, Burgenland",-,Treblinka,22.02263844,52.66443665,jüdischeopfer;jüdisch,"vor dem 2. Weltkrieg wohnhaft in Graz; während 2. Weltkrieg in Sammelwohnung in Große Stadtgutgasse 24/9, 1020 Wien; 20.08.1942 Deportation von Wien nach Theresienstadt; 21.09.1942 Überstellung von Theresienstadt nach Treblinka",weiblich,nein,-,Yad Vashem; DÖW; Geni,,"laut Yad Vashem starb sie in Theresienstadt, laut DÖW in Treblinka"
130,Heller,Alexander,-,-,"Kindermanngasse 4, 8020 Graz",15.42499778,47.06841984,-,-,-,18.03.1903,"Wien, Österreich",-,-,-,-,jüdischeopfer;jüdisch,"verheiratet mit Heller Marie aus Leobersdorf; Berufsausbildung als Handelsangestellter; vor dem 2. Weltkrieg in der Kindermanngasse 4, 8020 Graz; 18.08.1942 Deportation von Malines nach Auschwitz",männlich,nein,-,DÖW; Auswanderungsfragebogen ,,laut DÖW 19.03.1903 als Geburtsdatum; laut Auswanderungsfragebogen 18.03.1903
131,Heller,Elsa,Loewy,-,"Annenstraße 49/2, 8020 Graz",15.42360700,47.07115342,"Schottenfeldgasse 76/9, 1070 Wien",16.34344472,48.20505424,09.03.1886,"Žihle, Tschechien",29.11.1941,Kaunas,23.90122225,54.90262053,jüdischeopfer;jüdisch,"Tochter von Löwy Ignaz und Bertha, geb. Kussi; verheiratet mit Heller Karl; Mutter von Heller Paul und Gertrud; vor dem 2. Weltkrieg in der Annenstraße 47/2, 8020 Graz; Ende des Jahres 1938 sind sie gezwungen die Wohnung zu verlassen; bis Februar 1939 kurzzeitig wohnhaft in der Humboldtstraße 26, 8010 Graz bei der Familie Nasch; 15.08.1939 Abmeldung nach Wien; während des 2. Weltkriegs in der Schottenfeldgasse 76/9, 1070 Wien; 23.11.1941 Deportation von Wien nach Kaunas gemeinsam mit ihrem Mann, wo beide ermordet wurden",weiblich,nein,-,"Liste DÖW Auswanderungsfragebogen; DÖW; Yad Vashem; Auswanderungsfragebogen; Geni; Halbrainer, H.: Opfer rassistischer Verfolgung aus dem Bezirk Geidorf. In: Halbrainer, H./ Lamprecht, G.: Jüdisches Geidorf? Eine historische Spurensuche. Graz 2020, S. 71.",,als Geburtsdatum wird neben dem 14.04.1886 (DÖW; Yad Vashem; Geni) auch der 09.03.1886 (Auswanderungsfragebogen; Halbrainer) angegeben
132,Heller,Karl,-,-,"Annenstraße 49/2, 8020 Graz",15.42360700,47.07115342,"Schottenfeldgasse 76/19, 1070 Wien",16.34344472,48.20505424,29.10.1879,"Zebnitz, Tschechien",29.11.1941,Kaunas,23.90122225,54.90262053,jüdischeopfer;jüdisch,"Sohn von Heller Moritz und Marie, geb. Löwy; verheiratet mit Heller Elsa, geb. Löwy; Vater von Heller Paul und Gertrud; Kaufmann; seit 1907 in Graz wohnhaft; vor dem 2. Weltkrieg in der Annenstraße 47/2, 8020 Graz; Ende des Jahres 1938 sind sie gezwungen die Wohnung zu verlassen; bis Februar 1939 kurzzeitig wohnhaft in der Humboldtstraße 26, 8010 Graz bei der Familie Nasch; 15.08.1939 Abmeldung nach Wien; während des 2. Weltkriegs in der Schottenfeldgasse 76/19, 1070 Wien; 23.11.1941 Deportation von Wien nach Kaunas gemeinsam mit seiner Frau, wo beide ermordet wurden",männlich,nein,-,"Liste DÖW Auswanderungsfragebogen; DÖW; Yad Vashem; Auswanderungsfragebogen; Geni; Halbrainer, H.: Opfer rassistischer Verfolgung aus dem Bezirk Geidorf. In: Halbrainer, H./ Lamprecht, G.: Jüdisches Geidorf? Eine historische Spurensuche. Graz 2020, S. 71.",,
133,Herlinger,Ernst,-,-,"Annenstraße 33, 8020 Graz",15.42622979,47.07101802,-,-,-,10.02.1881,"Čakovec, Kroatien",23.11.1938,KZ Dachau,11.46869264,48.26883841,jüdischeopfer;jüdisch,"Sohn von Herlinger Moritz und Nanette, geb. Wessel; Heirat am 24.03.1914 in Szentelek mit Elsa, geb. Friedrich; Vater von Herlinger Hans und Paul Erich; Kaufmann; vor und während des 2. Weltkriegs in Annenstraße 33, 8020 Graz; 12.11.1938 Deportation nach Dachau",männlich,nein,-,DÖW; Yad Vashem; Geni,,
134,Hermann,Fabian,-,-,"Rechbauerstraße 16/II, 8010 Graz",15.45157751,47.06909848,-,-,-,12.04.1885,"Łęczyca, Polen",24.11.1939,KZ Buchenwald,11.24944041,51.02172998,jüdischeopfer;jüdisch,"er lebte seit 1912 in Graz; er erhielt seine Berufsausbildung als Maschinentechniker an der Technischen Hochschule in Graz; er gab Unterricht in technischen Fächern und auch Sprachen; 12.11.1938 Deportation nach Dachau; 02.10.1939 Überstellung von Dachau nach Buchenwald, wo er ermordet wurde",männlich,nein,-,DÖW; Auswanderungsfragebogen ,,
135,Hermann,Jetti,-,Jetty,"Schanzelgasse 48, 8010 Graz",15.46229213,47.07883741,"Krummbaumgasse 1, 1020 Wien",16.37579933,48.21704914,08.03.1873,-,-,-,-,-,jüdischeopfer;jüdisch,vor dem 2. Weltkrieg in Graz; im Verzeichnis der von Graz nach Wien übersiedelten Juden; zuletzt wohnhaft in einer Sammelwohnung in der Krummbaumgasse 1. 1020 Wien; 02.11.1941 Deportation von Wien nach Litzmannstadt (Lodz),weiblich,nein,-,Verzeichnis der von Graz nach Wien übersiedelten Juden; DÖW; Yad Vashem,,
136,Hirsch,Oskar ,-,-,"Brockmanngasse 26, 8010 Graz",15.44991217,47.06492090,"Karmeliterplatz 1/3, 1020 Wien",16.37982046,48.21550327,02.06.1872,"Wien, Österreich",03.08.1942,Theresienstadt,14.15064358,50.51089063,jüdischeopfer;jüdisch,"Sohn von Hirsch Siegmund und Betti, geb. Grossmann; verheiratet mit Rosa, geb. Orowan; Vater von Benesch Gertrud, Hirsch Walter und Georg; Holzhändler und Kaufmann; in Graz wohnhaft seit 1912; vor dem 2. Weltkrieg in der Brockmanngasse 26, 8010 Graz; während des 2. Weltkriegs in einer Sammelwohnung in Karmeliterplatz 1/3, 1020 Wien; 22.07.1942 Deportation von Wien nach Theresienstadt, wo er ermordet wurde",männlich,nein,-,Liste DÖW Auswanderungsfragebogen; DÖW; Yad Vashem; Auswanderungsfragebogen; Geni ,,
137,Hirschl,Malwina,-,Malvina,Graz,-,-,-,-,-,16.11.1880,"Graz, Steiermark",08.11.1941,KZ Loborgrad,16.06726195,46.12099378,jüdischeopfer;jüdisch,Eltern und Beziehungsstatus unbekannt,weiblich,nein,-,"Yad Vashem; Geni; Grünfelder, A. M.: Von der Shoa eingeholt. Ausländische jüdische Flüchtlinge im ehemaligen Jugoslawien 1933-1945. Wien/Köln/Weimar 2013, S. 147. ",,
138,Hochsinger,Margarethe,Schlag,Margarete,"Geidorfgürtel 40, 8010 Graz",15.45144915,47.07899706,"Kleine Sperlgasse 1/13, 1020 Wien",16.37779686,48.21620294,15.10.1884,"Wien, Österreich",-,Riga,24.11835049,56.94163835,jüdischeopfer;jüdisch,"Tochter von Schlag Joel Julius und Rosa, geb. Blau; verheiratet mit dem Hofrat Anton Hochsinger; Mutter von Hockey Lisbeth und Hochsinger Anna; vor dem 2. Weltkrieg wohnhaft am Geidorfgürtel 40; 15.03.1939 Tod ihres Mannes Anton; Zwangsübersiedlung nach Wien; während des 2. Weltkriegs in einer Sammelwohnung in Kleine Sperlgasse 1/13, 1020 Wien; 03.12.1941 Deportation von Wien nach Riga, wo sie ermordet wurde",weiblich,nein,-,"DÖW; Geni; Halbrainer, H.: Opfer rassistischer Verfolgung aus dem Bezirk Geidorf. In: Halbrainer, H./ Lamprecht, G.: Jüdisches Geidorf? Eine historische Spurensuche. Graz 2020, S. 71.",,
139,Hoffman,Yaakov,-,Jacob; Hofman,Graz,-,-,-,-,-,1899,"Graz, Steiermark",-,-,-,-,jüdischeopfer;jüdisch,Sohn von Hoffmann Shlomo und Sara; Musiklehrer,männlich,nein,-,Yad Vashem; Geni,,
140,Holz,Olga Rachel,-,Rakhel Olga Holtz; Holcz,Graz,-,-,"Leopoldsgasse 31/68, 1020 Wien",16.37738155,48.21820864,10.04.1899,"Wien, Österreich",1944,KZ Auschwitz,19.17371606,50.03774115,jüdischeopfer;jüdisch,"Tochter von Holz Filip und Karoline, geb. Kraus; verheiratet mit Simon; Mutter von Holz Kurt und Freivert Elfriede; während 1923 und 1938 wohnhaft in Graz; tätig als Außenbeamtin bei der Allianz und Giselaverein Versicherungs-Aktiengesellschaft in Graz; ab 24.07.1939 wohnhaft in Sammelwohnung in Leopoldsgasse 3/68, 1020 Wien; während des 2. Weltkriegs in Žilina",weiblich,nein,-,Yad Vashem; Auswanderungsfragebogen; Geni,,
141,Huppert,Eduard,-,-,Graz,-,-,-,-,-,16.02.1881,"Ostrava, Tschechien",01.01.1945,KZ Auschwitz,19.17371606,50.03774115,jüdischeopfer;als Jude verfolgt,"Sohn von Huppert Leopold und Francisca; 1. Ehe mit Johanna; aus dieser Ehe Vater von Edith, Hertha und Leopold; 2. Ehe mit Aloisia, geb. Höller; aus dieser Ehe Vater von Ingrid; bereits in Ostrava Austritt aus dem Judentum und Übertritt zum evangelischen Glauben; ab 1914 mit Familie in Graz wohnhaft; 1919 Eröffnung einer Tanzschule in Graz; 1924 Herausgeber der Tanzlehrer-Zeitung; 1927 Scheidung von 1. Ehefrau Johanna; 04.05.1937 Heirat mit Aloisia; 04.06.1938 Geburt der Tochter Ingrid; 1938 zur Schließung der Tanzschule gezwungen; er ging als Schweißer mit seiner Familie nach Leipzig und später nach München; April 1941 Rückkehr von Aloisia und Ingrid nach Graz; seit 1941 arbeitete er in Wr. Neustadt und wohnte in Pottschach, von wo er immer wieder nach Graz kam; Denunziation im Zuge eines Mitstreits; Fluchtversuch in die Slowakei; 20.11.1943 beim Durchschwimmen der March festgenommmen; 15.02.1944 Deportation nach Auschwitz, wo er ermordet wurde",männlich,nein,o:derla.sty132,"DÖW; DERLA; Auswanderungsfragebogen; Halbrainer, H./ Lamprecht, G.: „So dass uns Kindern eine durchwegs christliche Umgebung geschaffen war.“ Die Heilandskirche und ihre „Judenchristen“ zwischen 1880 und 1955. Graz 2010, S. 122-129.",,"Bilder verfügbar in: Halbrainer, H./ Lamprecht, G.: „So dass uns Kindern eine durchwegs christliche Umgebung geschaffen war.“ Die Heilandskirche und ihre „Judenchristen“ zwischen 1880 und 1955. Graz 2010, S. 122-129."
142,Jagoda,Emil,-,Yagoda,Graz,-,-,-,-,-,1935,-,-,-,-,-,jüdischeopfer;jüdisch,"Sohn von Jagoda Julius und Edit, geb. Steiner; ca. 1935 geboren; vor dem 2. Weltkrieg in Graz; während des 2. Weltkriegs in Zrenjanin",männlich,ja,-,Yad Vashem; Geni,,nur wenige und ungenaue Informationen
143,Jagoda,Samuel,-,-,"Ghegagasse 34, 8020 Graz",15.41823191,47.07454571,-,-,-,14.12.1892,"Plock, Polen",1941,KZ Jasenovac,16.92189235,45.27730038,jüdischeopfer;jüdisch,"Sohn von Jagoda Isak Jakob und Schajna Ryfka, geb. Tasienka; Heirat am 25.12.1928 in Graz mit  Anna, geb. Steiner; Vater von Jagoda Gertrud und Egon; Warenhandlung in der Ghegagasse 34, 8020 Graz, wo er auch wohnte; nach dem Pogrom im November 1938 wurde er im Konzentrationslager Dachau inhaftiert; nach der Haft flüchtete Samuel Jagoda ins damalige Jugoslawien; 04.08.1941 Deportation von Daruvar über Gospić in das KZ Jasenovac, wo er im August 1941 ermordet wurde",männlich,nein,o:derla.sty330,"DÖW; Yad Vashem; DERLA; Stolpersteine; Auswanderungsfragebogen; Geni; Halbrainer, H.: Gedenken und Erinnern im Bezirk. Stolpersteine in Lend. In: Halbrainer, H./ Lamprecht, G.: Jüdischer Lend. Eine Spurensuche. Graz 2024, S. 218.",,laut Stolpersteine wahrscheinlich im August 1941 ermordet
144,Jakubowski,Irene,-,Irena Jakubovska,"Grazer Straße 42, 8045 Graz",15.42051008,47.10047415,-,-,-,12.04.1876,-,-,-,-,-,jüdischeopfer;jüdisch,"vor dem 2. Weltkrieg in der Grazer 42, 8045 Graz; 26.02.1942 Deportation von Kladno nach Theresienstadt; 27.04.1942 Überstellung von Theresienstadt nach Izbica",weiblich,nein,-,DÖW; Yad Vashem,,wenige Informationen; auf Yad Vashem Irena Jakubovska
145,Janovsky,Abraham,-,Janowski; Yanovskiy,"Naglergasse 56, 8010 Graz",15.45619619,47.06823441,"Novaragasse 19/18, 1020 Wien",16.38399490,48.21925029,01.06.1883,"Schytomyr, Ukraine",-,-,-,-,jüdischeopfer;jüdisch,"Sohn von Janovsky Schloma Jossel und Malia, geb. Schinski; 1. Ehe mit Rosalie (Sarah), geb. Rauzmann; aus dieser Ehe Vater von Janofsky Josef, Ernst und Betti; 1918 Tod der Ehefrau Rosalie (Sarah); 2. Ehe mit Betti, geb. Landskroner; aus dieser Ehe Vater von Janowky Mella; Tischler; vor dem 2. Weltkrieg in der Naglergasse 56, 8010 Graz; während des 2. Weltkriegs in der Novaragasse 19/18, 1020 Wien; 23.10.1941 Deportation von Wien nach Litzmannstadt (Lodz)",männlich,nein,-,DÖW; Yad Vashem; Auswanderungsfragebogen; Geni,,
146,Janovsky,Berta,Landskroner,Scheindel Janovsky; Betti Janowski,"Naglergasse 56, 8010 Graz",15.45619619,47.06823441,"Novaragasse 19/18, 1020 Wien",16.38399490,48.21925029,05.08.1893,"Sered, Slowakei",-,-,-,-,jüdischeopfer;jüdisch,"Tochter von Landskroner Israel und Rosa; verheiratet mit Janovsky Abraham; Mutter von Janovsky Mella; vor dem 2. Weltkrieg in der Naglergasse 56, 8010 Graz; während des 2. Weltkriegs in der Novaragasse 19/18, 1020 Wien; 23.10.1941 Deportation von Wien nach Litzmannstadt (Lodz)",weiblich,nein,-,Liste DÖW Auswanderungsfragebogen; DÖW; Yad Vashem; Auswanderungsfragebogen; Geni,,als Geburtsdatum wird neben dem 05.08.1893 (DÖW; Auswanderungsfragebogen; Geni) auch der 05.08.1894 (Yad Vashem angegeben)
147,Janovsky,Josef,-,Janowski; Yanovskiy,"Kopernikusgasse 13, 8010 Graz",15.44965595,47.06566332,-,-,-,15.09.1905,"Lwiw, Ukraine",-,-,-,-,jüdischeopfer;jüdisch,"Sohn von Janovsky Abraham und Rorsalie (Sarah), geb. Rauzmann; 1918 Tod der Mutter; vor dem 2. Weltkrieg wohnhaft in der Kopernikusgasse 13, 8010 Graz; weitere Lebensgeschichte unklar; laut Liste DÖW Auswanderungsfragebogen während der Shoah verstorben",männlich,nein,-,Liste DÖW Auswanderungsfragebogen; Auswanderungsfragebogen; Geni,,kaum Informationen -  laut Liste DÖW Auswanderungsfragebogen ermordet
148,Januszewska,Gisela,Rosenfeld,-,"Naglergasse 18, 8010 Graz",15.45266547,47.07031043,"Seegasse 16, 1090 Wien",16.36416307,48.22329781,22.01.1867,"Drnovice, Tschechien",02.03.1943,Theresienstadt,14.15064358,50.51089063,jüdischeopfer;jüdisch,"Tochter von Rosenfeld Leopold und Rosalie, geb. Stein; 1. Ehe mit Kuhn Heinrich; 2. Ehe mit Januszewski Ladislaus; Besuch der Städtische höheren Tochterschule in Brünn; nach Scheidung von Kuhn Heinrich Übersiedlung in die Schweiz; Matura und Studium der Medizin is Zürch; 12.04.1898 als zweite Frau in der gesamten Monarchie zur Doktorin der gesamten Heilkunde promoviert; März 1899 Berufung als ""Amtsärztin im Haumptmannsrang"" nach Banja Luka; 1900 Heirat mit Januszewski Ladislaus; nach Heriat Privatärztin; nach Penisionierung des Mannes im Jahr 1912 Umzug nach Graz; 24.02.1915 Promotion in Graz; nach Tod des Mannes ab 1916 im Militärsanitätsdienst; 1919 bis 1933 eigene Praxis in graz und Kassenärztin; als zweite Ärztin in Österreich mit dem Titel ""Medizinalrat"" ausgezeichnet; seit Jänner 1926 wohnhaft in der Naglergasse 18, 8010 Graz; 1937 Verleihung des Ritterkreuzes des Österreichischen Verdienstordens; vor dem 2. Weltkrieg in Graz; Jänner 1940 Aufgabe der Wohnung in der Naglergassse und Flucht nach Wien; zunächst in der Skodagasse 9, 1080 Wien; danach in der Breitenseer Straße 84, 1140 Wien; zuletzt in der Seegasse 16, 1090 Wien; 28.06.1942 Deportation von Wien nach Theresienstadt, wo sie ermordet wurde",weiblich,nein,-,Stolpersteine; DÖW; Yad Vashem; Geni,,Bilder verfügbar unter Yad Vashem und Stolpersteine
149,Josefsberg,Leo,-,-,Graz,-,-,"Zweiglgasse 14, 8020 Graz ",15.43229999,47.06471990,16.12.1931,Graz,-,-,-,-,jüdischeopfer;jüdisch,"Sohn von Josefsberg Simon (Aron) und Gisa (Golda), geb. Körner; vor 2. Weltkrieg wohnhaft in Graz; nach der NS-Machtübernahme in Sammelwohnung in der Zweiglgasse 14, 8020 Graz, was auch die letzte Wohnadresse der Familie Josefsberg war; vermutlich Flucht nach Jugoslawien mit Mutter; wahrscheinlich ermordet",männlich,ja,o:derla.sty333,Yad Vashem; DERLA; Stolpersteine; Geni,,
150,Josefsberg,Gisa,Körner,Golda; Golde,Graz,-,-,"Zweiglgasse 14, 8020 Graz ",15.43229999,47.06471990,28.10.1898,"Drohobycz, Ukraine",-,-,-,-,jüdischeopfer;jüdisch,"Tochter von Körner Chaim Loeb und Feiga, geb. Eisenstein; verheiratet mit Josefsberg Simon (Aron); Mutter von Josefsberg Leo; vor dem 2. Weltrieg in Graz; nach der NS-Machtübernahme in Sammelwohnung in der Zweiglgasse 14, 8020 Graz, was auch die letzte Wohnadresse der Familie Josefsberg war; vermutlich Flucht nach Jugoslawien mit Sohn, wo sie vermutlich ermordet wurde",weiblich,nein,o:derla.sty332,Yad Vashem; DERLA; Stolpersteine; Geni,,Bild verfügbar unter Stolpersteine; als Geburtsdatum findet sich neben dem 28.10.1998 (DERLA; Geni) auch das Geburtsjahr 1904 (DERLA; Yad Vashem; Stolpersteine)
151,Josefsberg,Simon,-,Aron Samson,Graz,-,-,-,-,-,18.08.1901,"Drohobycz, Ukraine",-,-,-,-,jüdischeopfer;jüdisch,"Sohn von Josefsberg David und Cirl, geb. Ruhrberg recte Frommer; verheiratet mit Gisa, geb. Körner; Vater von Josefsberg Leo; vor dem 2. Weltrieg in Graz; 12.03.1938 Flucht; Fluchtgeschichte ist unklar; laut Stolpersteine und DERLA gilt gesichert, dass er während der Shoah ermordet wurde",männlich,nein,o:derla.sty334,Stolpersteine; DERLA; Yad Vashem; Geni,,laut Yad Vashem während des 2. Weltkriegs in Uzbekistan
152,Kandel,Nathan,-,Norbert; Juda Nathan,"Sparbersbachgasse 48/II, 8010 Graz",15.45334614,47.06894165,-,-,-,13.10.1891,"Mościska, Ukraine",31.01.1945,KZ Mauthausen,14.50013769,48.25707907,jüdischeopfer;jüdisch,"Sohn von Kandel Simon und Charlotte, geb. Margel; er kam Ende des 19. Jahrhunderts mit seinen Eltern nach Graz; zahlreiche Wohnungswechsel der Familie; seit 1912 in der Pestalozzistraße 62 wohnhaft; Matura am k.k II. Staatsgymnsasium (Lichtenfelsgymnasium) in Graz; von 1912 biw 1916 Studium der Rechtswissenschaften an der Karl-Franzens-Universität; Änderung seines Vornames von Nathan in Norbert; Oktober 1916 Übersiedlung nach Wien und 1917 zum Kriegsdienst eingezogen; nach dem Ende des 1. Weltkriegs Rückkehr nach Graz; 30.06.1919 Promotion zum Doktor der Rechte; 16.08.1920 Heirat in Neunkirchen mit Maria, geb. Gelbard; Vater von Kandel Paul und Herbert; wohnaft in der Sparbersbachgasse 48, 8010 Graz; 1928 Rechtsanwaltskanzlei in der Griesgasse 26, 8020 Graz eröffnet; im Mai 1938 wrd ihm die Ausübung seines Berufs untersagt;Verhaftung im Zuge des Pogroms und in das KZ Dachau überstellt; 20.12.1938 aus KZ Dachau entlassen; Anfang März 1939 Übersiedlung nach Wien mit seiner Frau und dem Sohn Herbert; im Mai 1939 Flucht mit Ehefrau  Maria und Sohn Herbert nach Belgien; 10.05.1940 Verhaftung in Belgien und Überstellung ins französische Anhaltelager St. Cyprien; weitere Aufenthalte in den Lagern Gürs und Le Milles; 17.08.1942 Deportation von Drancy nach Auschwitz; Überstellung von Auschwitz nach Mauthausen, wo er am 31.01.1945 umkam",männlich,nein,o:derla.sty599,"DÖW; Yad Vashem; DERLA; Stolpersteine; Auswanderungsfragebogen; Geni; Lamprecht, G.: Nathan (Norbert) Kandel – Rechtsanwalt. In: Halbrainer, H./ Lamprecht, G.: Jüdischer Gries. Eine Spurensuche. Graz 2022, S. 178-182. ",,Bild verfügbar unter Stolpersteine
153,Kandel,Simon,-,-,"Pestalozzistraße 62/II, 8010 Graz",15.43815836,47.05983457,"Zirkusgassse 3, 1020 Wien",16.38232029,48.21429607,09.08.1861,"Mościska, Ukraine",22.01.1943,Theresienstadt,14.15064358,50.51089063,jüdischeopfer;jüdisch,"Sohn von Kandel Pinkas und Betti, geb. Teich; Heirat am 21.09.1909 in der Grazer Synagoge mit Charlotte, geb. Margel; Vater von Kandel Nathan (Norbert), Heinrich, Neuhauser Anna, Kandel Cäcilie, Moritz und Lina; zunächst mehrere Wohnungswechsel; seit 1912 in der Pestalozzistraße 62, 8010 Graz; Zwangsübersiedlung 1939 nach Wien mit seiner Frau Charlotte, die dort am 26.12.1939 eines natürlichen Todes stirbt; während des 2. Weltkriegs in einem jüdischen Altersheim in der Zirkusgasse 3, 1020 Wien; 27.08.1942 Deportation von Wien nach Theresienstadt, wo er am 22.01.1943 an Myopathia Cordis (Herzwassersucht) verstirbt",männlich,nein,o:derla.vie790,"Liste DÖW Auswanderungsfragebogen; DERLA; DÖW; Yad Vashem; Auswanderungsfragebogen; Geni; Lamprecht, G.: Nathan (Norbert) Kandel – Rechtsanwalt. In: Halbrainer, H./ Lamprecht, G.: Jüdischer Gries. Eine Spurensuche. Graz 2022, S. 178-182. ",,
154,Kasner,Max Mendel,-,-,"Rebengasse 25, 8020 Graz",15.42228268,47.07276205,"Körnergasse 7/14, 1020 Wien",16.39029452,48.21475956,22.04.1876,"Kúty, Slowakei",-,-,-,-,jüdischeopfer;jüdisch,"verheiratet mit Kasner Stefanie, geb. Fleischner; Vater von Kasner Erich, Laufer Hertha, Kasner Kurt und Edeltraud; zunächst wohnhaft in Triest;  Versetzung in den Ruhestand als Oberrrevident der Bahn; seit 1919 wohnhaft in der Rebengasse 25, 8020 Graz; während des 2. Weltkriegs in einer Sammelwohnung in der Körnergasse 7/14, 1020 Graz; 14.06.1942 Deportation von Wien nach Sobibor",männlich,nein,-,Stolperstein von Kurt Kasner; DÖW; Yad Vashem; Auswanderungsfragebogen von Erich Kasner; Geni,,
155,Kasner,Stefanie,Fleischner,-,"Rebengasse 25, 8020 Graz",15.42228268,47.07276205,"Körnergasse 7/14, 1020 Wien",16.39029452,48.21475956,01.10.1881,Široké Třebčice,-,-,-,-,jüdischeopfer;jüdisch,"verheiratet mit Kasner Max Mendel; Mutter von Kasner Erich, Laufer Hertha, Kasner Kurt und Edeltraud; zunächst wohnhaft in Triest; seit 1919 wohnhaft in der Rebengasse 25, 8020 Graz;während des 2. Weltkriegs in einer Sammelwohnung in der Körnergasse 7/14, 1020 Graz; 14.06.1942 Deportation von Wien nach Sobibor",weiblich,nein,-,Stolperstein von Kurt Kasner; DÖW; Yad Vashem; Auswanderungsfragebogen von Erich Kasner; Geni,,
156,Kaufmann,Alexander Sandor,-,-,"Annenstraße 9, 8020 Graz",15.43133551,47.07102645,-,-,-,16.03.1882,"Karlovac, Kroatien",22.04.1945,KZ Jasenovac,16.92189235,45.27730038,jüdischeopfer;jüdisch,"Schuhmacher; geschieden; vor dem 2. Weltkrieg in der Annenstraße 9, 8020 Graz; während des 2. Weltkriegs in der Stumpergasse 50, 1060 Wien; Flucht nach Jugoslawien?; Deportation vom ehemaligen Jugoslawien in das KZ Jasenovac, wo er ermordet wurde",männlich,nein,o:derla.vie565,Liste DÖW Auswanderungsfragebogen; DÖW; Auswanderungsfragebogen,,als Geburtsdatum wird neben dem 16.03.1882 (DERLA; DÖW) auch der 26.04.1882 (Auswanderungsfragebogen) angegeben
157,Kaufmann,Ludwig,-,-,"Annenstraße 33, 8020 Graz",15.42622979,47.07101802,"Schwarzspanierstraße 15, 1090 Wien",16.35747542,48.21675500,23.01.1876,Moravský Krumlov; Tschechien,08.03.1942,Litzmannstadt (Łódź),19.47854996,51.80257426,jüdischeopfer;jüdisch,"Sohn von Kaufmann Josef und Glücksmann Amalie, geb. König; verheiratet mit Kaufmann Olga (Olly), geb. Herlinger; seit Jänner 1910 in Graz; tätig als Kartonageerzeuger und Besitzer einer Kartonagefarbrik in der Lange Gasse 46, 8010 Graz; zunächst wohnhaft in Lange Gasse 46, 8010 Graz; ab 1926 bis zum 29.12.1938 wohnhaft in der Annenstraße 33, 8020 Graz; infolge der ""Arisierung"" im Jahr 1938 Firma veräußert und an Florian Lietz übertragen;  im April 1939 muss er Graz verlassen; während des 2. Weltkriegs in einer Sammelwohnung in der Schwarzspanierstraße 15, 1090 Wien; 19.10.1941 Deportation von Wien nach Litzmannstadt (Lodz), wo er ermordet wurde; in einem Schreiben der Gestabo vom 4.12.1942 findet sich allerdings der Vermerk, dass er nach Australien verzogen sei",männlich,nein,-,"DÖW; Auswanderungsfragebogen; Geni; Storm, B.: Gewerbliches Leben im Bezirk Geidorf. In: Halbrainer, H./ Lamprecht, G.: Jüdisches Geidorf? Eine historische Spurensuche. Graz 2020, S. 13.; Halbrainer, H.: Opfer rassistischer Verfolgung aus dem Bezirk Geidorf. In: Halbrainer, H./ Lamprecht, G.: Jüdisches Geidorf? Eine historische Spurensuche. Graz 2020, S. 71.",,als Geburtsdatum wird neben dem 29.01.1876 (DÖW; Geni; Auswanderungsfragebogen) auch der 23.01.1873 (Storm) und der 29.01.1876 (Halbrainer) angegeben
158,Kern,Albert,-,-,Graz,-,-,"Große Schiffgasse 3, 1020 Wien",16.37527219,48.21642325,24.10.1866,"Holíč, Slowakei",12.09.1942,Theresienstadt,14.15064358,50.51089063,jüdischeopfer;jüdisch,"Kaufmann in Graz; 1939 Zwangsübersiedlung nach Wien;  in Wien wohnhaft im Jüdischen Altersheim in Große Schiffgasse 3, 1020 Wien; 14.07.1942 Deportation von Wien nach Theresienstadt, wo er ermordet wurde",männlich,nein,-,"DERLA; DÖW; Yad Vashem; Halbrainer, H./ Lamprecht, G./ Rigerl, G.: Orte und Zeichen der Erinnerung. Erinnerungszeichen für die Opfer von Nationalsozialismus und Krieg in der Steiermark. Graz 2018, S. 191.",,
159,Klinger,Thekla,Diamant,Tekla,"Sonnenstraße 12, 8010 Graz",15.46147176,47.07480471,-,-,-,29.08.1870,-,02.12.1943,Theresienstadt,14.15064358,50.51089063,jüdischeopfer;jüdisch,"Tochter von Diamant David Franz und Priska, geb. Eisig; Heirat mit Klinger Ludwig in Bruck; Mutter von Schermann Inez Prisca; 1917 Tod von Ehemann Ludwig;  vor und während des 2. Weltkriegs in der Sonnenstraße 12, 8010 Graz; 24.09.1942 Deportation von Wien nach Theresienstadt",weiblich,nein,-,"DÖW; Geni; Anno: N.N., Nachtrag zum Tagesbericht. In: „Grazer Tagblatt“ vom 30.05.1917, S. 4. ",,
160,Klugmann,Fani,Halberg,Fanny; Feige; Fanny Feiga ,"Volksgartenstraße 1, 8020 Graz",15.42854621,47.07129162,-,-,-,26.02.1899,"Bistritz, Rumänien",1942,Sniatyn,25.56803114,48.44684416,jüdischeopfer;jüdisch,"Tochter von Halberg Juda und Leia; 1922 Heirat in Bistritz in Rumänien mit Klugmann Bernard; Mutter von Klugmann Henriette; Kaufmannsgattin, Schneiderin und Hausfrau; vor dem 2. Weltkrieg in der Volksgartenstraße 1, 8020 Graz;  1939 Flucht der Familie nach Sniatyn; während des 2. Weltkriegs in Sniatyn, wo sie und ihre Tochter von der SS ermordet wurden; Ehemann Bernard gelingt im Juni 1942 die Flucht nach London",weiblich,nein,-,Yad Vashem; Stolperstein von Henriette Klugmann; Auswanderungsfragebogen; Geni,,
161,Klugmann,Henriette,-,-,"Volksgartenstraße 1, 8020 Graz",15.42854621,47.07129162,-,-,-,01.11.1923,"Graz, Steiermark",1942,Sniatyn,25.56803114,48.44684416,jüdischeopfer;jüdisch,"Tochter von Klugmann Bernard und Fani, geb. Halberg; vor dem 2. Weltkrieg in der Volksgartenstraße 1, 8020 Graz bei ihren Eltern; im Schuljahr 1837/38 Besuch der 1C-Klasse der Handelsschule in der Grazbachgasse; im April 1938 aus der Schule geworfen; 1939 Flucht nach Sniatyn gemeinsam mit den Eltern; während des 2. Weltkriegs in Sniatyn, wo sie und ihre Mutter von der SS ermordet wurden; Vater Bernard gelingt im Juni 1942 die Flucht nach London",weiblich,ja,o:derla.sty570,Yad Vashem; DERLA; Stolpersteine; Auswanderungsfragebogen; Geni,,als Geburtsdatum findet sich neben dem 09.11.1923 (DERLA; Auswanderungsfragebogen; Geni) auch das Jahr 1923 (Yad Vashem)
162,Knöpflmacher,Hans,-,Hans Wilhelm; Knöpfelmacher,"Grieskai 46, 8020 Graz",15.43388054,47.06539463,-,-,-,27.02.1905,"Voitsberg, Steiermark",04.08.1942,KZ Auschwitz,19.17371606,50.03774115,jüdischeopfer;jüdisch,"Sohn von Knöpflmacher Emil und Helene, geb. Strassmann; von 1905 bis 1918 in Voitsberg wohnhaft; seit 1918 in Graz wohnhaft; langjähriger Leiter einer Machinenreparaturwerkstätte; 7 Jahre selbständeiger Leiter der Grazer Müllverwertung; vor dem 2. Weltkrieg in Grieskai 46, 8020 Graz;  während des 2. Weltkriegs in Lager Westerbork; 17.07.1942 Deportation von Westerbork nach Auschwitz, wo er ermordet wurde",männlich,nein,-,DÖW; Yad Vashem; Auswanderungsfragebogen; Geni  ,,
163,Knöpflmacher,Helene,Strassmann,Knöpfelmacher,"Grieskai 46, 8020 Graz",15.43388054,47.06539463,"Darwingasse 21/11, 1020 Wien",16.38603789,48.22220561,24.01.1876,"Koryčany, Tschechien",-,Treblinka,22.02263844,52.66443665,jüdischeopfer;jüdisch,"Tochter von Strassmann Emanuel und Julie, geb. Morawetz; verheiratet mit Knöpflmacher Emil; Mutter von Knöpflmacher Ernst und Hans Wilhelm; vor dem 2. Weltkrieg in Grieskai 46, 8020 Graz; während des 2. Weltkriegs in einer Sammelwohnung in der Darwingasse 21/11, 1020 Wien; 28.07.1942 Deportation von Wien nach Theresienstadt; 21.09.1942 Überstellung von Theresienstadt nach Treblinka, wo sie ermordet wurde",weiblich,nein,-,Liste DÖW Auswanderungsfragebogen; DÖW; Yad Vashem; Auswanderungsfragebogen; Geni,,als Geburtsdatum wird neben dem 24.01.1876 in Korycany (DÖW; Yad Vashem; Auswanderungsfragebogen) auch der 23.01.1873 in Hulín (Geni) angegeben
164,Knöpflmacher,Karl,-,Carl,"Johann-Fux-Gasse 33, 8010 Graz",15.45424931,47.08109806,-,-,-,16.09.1867,"Holešov, Tschechien",16.11.1938,Graz,-,-,jüdischeopfer;jüdisch,"verheiratet mit Rosa; Arzt; 1909 Umzug von Gärz nach Graz; 1920 Tod der Gattin Rosa; vor dem 2. Weltkrieg wohnhaft in einer Villa in der Johann-Fux-Gasse 33, 8010 Graz, wo er auch seine Ordination betreibt; 1938 verschenkt er sein Haus an die Tochter seiner verstorbenen nichtjüdischen Gattin; Vorbereitung auf die Flucht; laut Viktor von Geramb in ""Verewigte Gefährten"" am 16.11.1938 an einer Herzschusswunde in Graz gestorben; er wird vom Volkskundler Viktor von Geramb in dessen Buch ""Verewigte Gefährten"" beschrieben",männlich,nein,-,"Liste DÖW Wohnadresse_Graz; DÖW; Storm, B.: Gewerbliches Leben im Bezirk Geidorf. In: Halbrainer, H./ Lamprecht, G.: Jüdisches Geidorf? Eine historische Spurensuche. Graz 2020, S. 16.",,"Bild verfügbar in: Storm, B.: Gewerbliches Leben im Bezirk Geidorf. In: Halbrainer, H./ Lamprecht, G.: Jüdisches Geidorf? Eine historische Spurensuche. Graz 2020, S. 15."
165,Kohn,Adolf,-,Wolf,"Stockergasse 1, 8020 Graz",15.43242566,47.07406636,-,-,-,28.06.1895,"Wien, Österreich",12.12.1941,KZ Buchenwald,11.24944041,51.02172998,jüdischeopfer;jüdisch,"Sohn von Kohn Karl und Antonie, geb. Pocher; Ehemann von Lotte, geb. Spritzer; vor dem 2. Weltkrieg in der Stockergasse 1, 8020 Graz; 16.10.1940 Deporatation von Aaachen nach Dachau; 12.07.1941 Überstellung von Dachau nach Buchenwald, wo er ermordet wurde",männlich,nein,-,DÖW; Yad Vashem; Geni,,auf Yad Vashem fälschlich Wolf Kohn
166,Kohn ,Gertrude,Salzberger,Gertrud,"Strauchergasse 19, 8020 Graz",15.42614952,47.07168689,"Heinrichsgasse 4/9, 1010 Wien",16.37070535,48.21401013,31.07.1877,"Chełmno (Kulm a. d. Weichsel), Polen",26.5.1942,Maly Trostinec,27.70358964,53.83507935,jüdischeopfer;jüdisch,"Tochter von Salzberger Moritz und Anna, geb. Freyhan; 22.12.1931 Heirat mit Kohn Ludwig (Gertrude), geb. Salzberger; seit dem 26. Jänner 1932 bis zumindest Mitte Jänner 1939 wohnhaft in Strauchergasse 19, 8020 Graz; 1939 Zwangsumsiedelung nach Wien mit Ehemann; im Mai 1942 wohnhaft in Sammelwohnung in Heinrichsgasse 4/9, 1010 Wien; 20.05.1942 Deportation von Wien nach Maly Trostinec, wo sie und ihr Ehemann vermutlich am 26.05.1942 ermordet wurden",weiblich,nein,o:derla.sty338,"Yad Vashem; DERLA; Stolpersteine; DÖW; Geni; Halbrainer, H.: Gedenken und Erinnern im Bezirk. Stolpersteine in Lend. In: Halbrainer, H./ Lamprecht, G.: Jüdischer Lend. Eine Spurensuche. Graz 2024, S. 225.",,Bild verfügbar unter Stolpersteine
167,Kohn,Ludwig,-,-,"Strauchergasse 19, 8020 Graz",15.42614952,47.07168689,"Heinrichsgasse 4/9, 1010 Wien",16.37070535,48.21401013,31.12.1879,"Vintířov (Winteritz), Tschechien",26.05.1942,Maly Trostinec,27.70358964,53.83507935,jüdischeopfer;jüdisch,"Sohn von Kohn Moses und Elisabeth, geb. Samuel; am 26. Mai 1907 Heirat mit  Irma, geb. Hübsch; aus dieser Ehe Vater von Kohn Walter (05.05.1908) und Dr. Herbert Norman (10.12.1912); 17. September 1930 Tod von Irma Kohn; 22.12.1931 Heirat mit Gertrude (Gertrud), geb. Salzberger; bis Herbst 1938 tätig als Gesellschafter beim Handelsunternehmen Max Heller; seit dem 26. Jänner 1932 bis zumindest Mitte Jänner 1939 wohnhaft in Strauchergasse 19, 8020 Graz; 1939 Zwangsumsiedelung nach Wien mit Ehefrau; im Mai 1942 wohnhaft in Sammelwohnung in Heinrichsgasse 4/9, 1010 Wien; 20.05.1942 Deportation von Wien nach Maly Trostinec, wo er und seine Frau ermordet wurden",männlich,nein,o:derla.sty340,"Yad Vashem; DERLA; Stolpersteine; DÖW; Geni; Halbrainer, H.: Gedenken und Erinnern im Bezirk. Stolpersteine in Lend. In: Halbrainer, H./ Lamprecht, G.: Jüdischer Lend. Eine Spurensuche. Graz 2024, S. 225.",,Bild verfügbar unter Stolpersteine; als Geburtsdatum findet sich neben dem 31.12.1879 (Yad Vashem; DERLA; DÖW; Geni; Halbrainer) auch der 21.12.1879 (DERLA; Stolpersteine); als Sterbedatum findet sich neben dem 26.05.1942 (DERLA; Halbrainer) auch der 28.05.1942 (Geni)
168,Kornhauser,Georg,-,-,"Wielandgasse 20, 8010 Graz",15.43930652,47.06474127,-,-,-,16.05.1873,"Hufalu, Ungarn",26.07.1943,Riga,24.11835049,56.94163835,jüdischeopfer;jüdisch,"vor und während des 2. Weltkriegs in der Wielandgasse 20, 8010 Graz",männlich,nein,-,DÖW; Yad Vashem; Geni,,sehr wenige Informationen; für die Koordinaten wurde vorläufig das Ghetto in Riga als Sterbeort angenommen
169,Kornreich,Sophie,Silber,Sofie; Sofia,"Schmölzergasse 6/1, 8020 Graz",15.41897868,47.07537706,-,-,-,08.03.1895,"Stanisławów, Polen",1944,KZ Auschwitz,19.17371606,50.03774115,jüdischeopfer;jüdisch,"Tochter von Silber Elias und Sara, geb. Schreier; verheiratet mit Kornreich Simon; Mutter von Kornreich Max und Edith; Hausfrau; Juli 1939 Flucht nach Italien; während des 2. Weltkriegs wohnhaft in Mailand; 05.04.1944 Deportation von Fossoli nach Auschwitz, wo sie im April 1944 ermordet wurde",weiblich,nein,-,Yad Vashem; DÖW; DERLA zu Silber Elias; Stolperstein von Rosa Engel; Auswanderungsfragebogen; Geni,,als Geburtsdatum findet sich neben dem 08.03.1895 (Auswanderungsfragebogen von Ehemann) auch der 08.03.1899 (DÖW) und der 07.06.1899 (Geni) sowie das Geburtsjahr 1896 (Yad Vashem)
170,Körner,Arnold,-,Korner,"Oeverseegasse 27/II, 8020 Graz",15.42635793,47.06279252,"Schmölzergasse 6/1, 8020 Graz",15.41897934,47.07537971,12.10.1900,"Drohobycz, Ukraine",-,-,-,-,jüdischeopfer;jüdisch,"Sohn von Körner Chaim Loeb und Feige, geb. Eisenstein; Bruder von Prucker Ettel, Körner Markus, Dortort Anna Channa Rechla, Josefsberg Gisa, Graumann Sarah und Körner Isidor; von 1934 bis 1938 wohnhaft in der Oeverseegasse 27/II, 8020 Graz; ab 10.12.1938 wohnhaft in einer Sammelwohnung (wahrscheinlich) in der Schmözlergasse 6/I, 8020 Graz; 13. März 1939 in Graz abgemeldet; Flucht; Schicksal nicht gesichert; laut Yad Vashem zwischendurch in Jugoslawien und dann ermordet",männlich,nein,o:derla.sty342,Yad Vashem; DERLA; Stolpersteine; Geni ,,"als Geburtsdatum findet sich neben dem 12.10.1900 (DERLA; Geni) auch das Geburtsjahr 1902 (Yad Vashem); unklares Schicksal, laut Yad Vashem ermordet"
171,Körner,Isidor ,-,Korner,"Grazbachgasse 41, 8010 Graz",15.44331972,47.06483141,-,-,-,17.02.1903,"Stryj, Ukraine",11.12.1941,Brcko,18.80448829,44.87100413,jüdischeopfer;jüdisch,"Sohn von Körner Chaim Loeb und Feige, geb. Eisenstein; Vater von Theodor; Bruder von Prucker Ettel, Körner Markus, Dortort Anna Channa Rechla, Josefsberg Gisa, Graumann Sarah und Körner Arnold; Ausbildung und Arbeit bei den Puckwerken in Graz als Schlosser; danach Betreiber einer Fahrradhandlung und Vulkanisieranstalt in der Grazbachgasse 41, 8010 Graz; ab Jänner 1934 auch wohnhaft in der Grazbachgasse 41, 8010 Graz Zusammenleben mit nichtjüdischer Lebensgefährtin und Sohn Theodor; nach 1938 Flucht nach Jugoslawien, wo er nach 1941 erneut verfolgt wurde",männlich,nein,o:derla.sty343,Yad Vashem; DERLA; Stolpersteine; Geni,,Bild verfügbar unter Stolpersteine; als Geburtsdatum findet sich neben dem 17.02.1903 (DERLA; DÖW; Geni) auch das Jahr 1906 (Yad Vashem)
172,Körner,Maria,Didner,Mitzi Korner,"Zweiglgasse 14, 8020 Graz",15.43229999,47.06471990,-,-,-,26.06.1891,Polen,31.12.1941,Jugoslawien,-,-,jüdischeopfer;jüdisch,"Tochter von Didner Abraham und Sarah; verheiratet mit Körner Markus; vor 2. Weltkrieg wohnhaft in der Zweiglgasse 14, 8020 Graz; betrieb eine Altwarenhandlung in der Jakoministraße 15, 8010 Graz; Flucht nach Jugoslawien; nach dem 2. Weltkrieg wurden sie und ihr Mann mit 31.12.1941 für tot erklärt",weiblich,nein,o:derla.sty344,Yad Vashem; DERLA; Stolpersteine; Geni ,,als Geburtsdatum findet sich neben dem 26.06.1891 (DERLA; Stolpersteine; Geni) auch das Geburtsjahr 1896 (Yad Vashem)
173,Körner,Markus,-,Korner,"Zweiglgasse 14, 8020 Graz",15.43229999,47.06471990,-,-,-,15.08.1890,"Sambor, Ukaine",31.12.1941,Jugoslawien,-,-,jüdischeopfer;jüdisch,"Sohn von Körner Chaim Loeb und Feige, geb. Eisenstein; verheiratet mit Maria, geb. Didner; Bruder von Prucker Ettel, Dortort Anna Channa Rechla, Josefsberg Gisa, Graumann Sarah, Körner Arnold und Körner Isidor; tätig als Vulkaniseur und Betreiber eines Alteisenhof mit Ein- und Verkauf von Eisen, Metallen, Maschinen, Autos, Motorrädern, inklusive aller Ersatzteile sowie dem Verkauf von Gummiwaren, Pneus, Baumaterialien, Fenstern und Türen in der Zweiglgasse 14, 8020 Graz; 1938 Enteignung des Alteisenhofes und anderer Liegenschafte; Juli 1938 Flucht mit dem Fahrrad aus Graz nach Jugoslawien; Hilfe bei der Flucht seiner Geschwister nach Jugoslawien; nach 1939 verlieren sich seine Spuren; nach dem Ende des 2. Weltkrieges wurde Markus Körner wie auch seine Frau Maria mit 31.12.1941 für Tod erklärt",männlich,nein,o:derla.sty345,Yad Vashem; DERLA; Stolpersteine; Geni ,,Bild verfügbar unter Stolpersteine; als Geburtsdatum findet sich neben dem 25.08.1890 (DERLA; Stolpersteine Geni) auch das Geburtsjahr 1896 (Yad Vashem; Geni)
174,Kraus,Fritz,-,-,"Kaiserfeldgasse 19, 8010 Graz",15.43850296,47.06731913,-,-,-,05.08.1923,"Pernegg an der Mur, Steiermark",08.03.1944,KZ Auschwitz,19.17371606,50.03774115,jüdischeopfer;jüdisch,"Sohn von Kraus Emil und Marie, geb. Winternitz; zunächst wohnhaft in Pernegg bei seinen Eltern; ruder von Franz, Anna und Paul; Besuch des Lichtenfelsgymnasium in Graz; während Schulzeit lebte er bei Bekannten der Familie in der Kaiserfeldgasse 19, 8010 Graz;  Abschluss der fünften Klasse mit Vorzug; 04.07.1938 Flucht mit Eltern in die Tschechoslowakei; Geschwistern gelingt Flucht nach Amerika; während des 2. Weltkriegs in Slatiňany 215; 05.12.1939 Deportation von Pardubice nach Theresienstadt gemeinsam mit seinen Eltern; 06.09.1943 Überstellung von Theresienstadt nach Auschwitz, wo er mit seinen Eltern Ermordet wurde",männlich,ja,-,Stolpersteine; DÖW; Geni,,Bilder verfügbar unter Stolpersteine
175,Kraus,Olga,Reiss,-,"Schmiedgasse 31, 8010 Graz",15.44029853,47.06782808,"Haasgasse 8, 1020 Wien",16.37260673,48.22145531,29.11.1881,"St. Pölten, Niederösterreich",-,Treblinka,22.02263844,52.66443665,jüdischeopfer;jüdisch,"Tochter von Reiss Abraham Adolf und Pauline, geb. Kohn; verheiratet mit Kraus Josef; Mutter von Kraus Rudolf; vor dem 2. Weltkrieg wohnhaft in der Schmiedgasse 31, 8010 Graz; während des 2. Weltkriegs in Wien; zuletzt wohnhaft ab Februar 1942 in einem ""jüdischen Altersheim"" in der Haasgasse 8, 1020 Wien; 27.08.1942 Deportation von Wien nach Theresienstadt; 29.09.1942 Überstellung von Theresienstadt in das Vernichtungslager Treblinka, wo sie und ihr Mann Josef ermordet wurden",weiblich,nein,-,Yad Vashem; DÖW; Geni,,
176,Krausz,Eugen,-,Kraus,"Annenstraße 61, 8020 Graz",15.42135761,47.07120708,-,-,-,12.01.1909,"Wien, Österreich",01.02.1943,KZ Auschwitz,19.17371606,50.03774115,jüdischeopfer;jüdisch,"Sohn von Krausz Arnold und Marie; Bruder von Krausz Max; von 1909 bis 1924 in Wien; seit 1924 wohnhaft in Graz; tätig als Verkäufer; Flucht nach Oslo, Norwegen; 26.11.1942 Deportation von Oslo nach Auschwitz, wo er ermordet wurde",männlich,nein,-,DÖW; Yad Vashem; Auswanderungsfragebogen; Fanger.no: Eugen Israel Krausz. In: https://www.fanger.no/persons/30867 (am 25.04.2025).,,
177,Krausz,Geza,-,Kraus/ Krauz,"Rechbauerstraße 4, 8010 Graz",15.44834627,47.07018267,-,-,-,22.06.1868,"Siófok, Ungarn",1943,KZ Auschwitz,19.17371606,50.03774115,jüdischeopfer;jüdisch,"Sohn von Krausz Markus und Julie, geb. Deutsch; Heirat am 20.02.1898 mit Paula, geb. Ungar; Vater von Brück Klara, Englander Anna und Krausz Marcel; Produktenhändler; vor dem 2. Weltkrieg in der Rechbauerstraße 4, 8010 Graz; während des 2. Weltkriegs in Zagreb; Deporation vom ehemaligen Jugoslawien nach Auschwitz",männlich,nein,-,DÖW; Yad Vashem; Geni,,als Geburtsdatum findet sich neben dem 22.06.1868 (DÖW) auch der 21.06.1868 (Geni) und Geburtsjahr 1871 (Yad Vashem); als Name der Ehefrau findet sich auch Pauline
178,Krausz,Paula,Ungar,Pauline Kraus; Krauz,"Rechbauerstraße 4, 8010 Graz",15.44834627,47.07018267,-,-,-,30.09.1876,"Kapuvár, Ungarn",1943,KZ Auschwitz,19.17371606,50.03774115,jüdischeopfer;jüdisch,"Tochter von Ungar Anton und Rosalie, geb. Schwarz; ; Heirat am 20.02.1898 mit Geza; Mutter von Brück Klara, Englander Anna und Krausz Marcel; vor dem 2. Weltkrieg in der Rechbauerstraße 4, 8010 Graz; während des 2. Weltkriegs in Zagreb; Deporation vom ehemaligen Jugoslawien nach Auschwitz",weiblich,nein,-,DÖW; Yad Vashem; Auswanderungsfragebogen; Geni,,als Geburtsdatum findet sich neben dem 30.09.1876 (DÖW) auch das Geburtsjahr 1880 (Auswanderungsfragebogen von Sohn) und das Jahr 1894 (Yad Vashem); als Geburtsort findet sich neben Kapuvar (DÖW) auch Graz (Auswanderungsfragebogen; Yad Vashem)
179,Kurzweil,Adele,-,-,"Schröttergasse 7, 8010 Graz (ehemals Kirchengasse 15)",15.44127580,47.08223738,-,-,-,31.01.1925,"Graz, Steiermark",1942,KZ Auschwitz,19.17371606,50.03774115,jüdischeopfer;als Jude verfolgt,"Tochter von Kurzweil Bruno und Gisela, geb. Trammer; Gisela tritt mit ihrer einjährigen Tochter aus derr Israelitischen Kultusgemeinde aus; Besuch der Mädchenvolksschule am Graben und danach bis zum Sommer 1938 Besuch des Franz Ferdinand Oberlyzeum in der Sackstraße; nach dem ""Anschluss"" 1938 wurde die Familie als ""jüdisch"" verfolgt; Flucht nach Frankreich mit Eltern; Flucht der Familie nach Montauban; in Paris in sozialistischer Jugendgruppe aktiv; 26.08.1942 Verhaftung und die Familie wurde in das Camp de Septfonds gebracht; 01./02.09.1942 Überstellung nach Drancy; 09.09.1942 Deportation mit dem Transport Nr. 30 von Drancy nach Auschwitz, wo wie und ihre Eltern ermordet wurden",weiblich,ja,o:derla.sty346,"DÖW; DERLA; Stolpersteine; Yad Vashem; Geni; Pascal Caïla, Bruno, Gisèle et Adèle Kurzweil, Itinéraine d'une famille autrichienne juive 1938–1942, Montauban 1996.; Christian Ehetreiber, Heimo Halbrainer, Bettina Ramp, ARGE Jugend gegen Gewalt und Rassismus, Der Koffer der Adele Kurzweil. Auf den Spuren einer Grazer jüdischen Familie in der Emigration, Graz 2001.; Halbrainer, H./ Lamprecht, G.: Nationalsozialismus in der Steiermark. Opfer. Täter. Gegner. Innsbruck 2015, S. 249-252.",,Bilder verfügbar unter Yad Vashem; als Geburtsdatum findet sich neben dem 11.06.1926 (DERLA) auch der 31.01.1925 (Stolpersteine; Yad Vashem; Geni) und der 31.05.1926 (DÖW)
180,Kurzweil,Bruno,-,-,"Schröttergasse 7, 8010 Graz (ehemals Kirchengasse 15)",15.44127580,47.08223738,-,-,-,13.01.1891,"Josefstadt, Tschechien",1942,KZ Auschwitz,19.17371606,50.03774115,jüdischeopfer;als Jude verfolgt,"Sohn von Kurzweil Leon und Hudie Esther, geb. Raschkes; am 22.09.1912 aus der Israelitischen Kultusgemeinde ausgetreten; Studium der Rechtswissenschaften; am 28.11.1922 Heirat mit Gisela, geb. Trammer; Vater von Kurzweil  Adele; bis 1938 als Rechtsanwalt in Graz tätig; er war Anwalt der Sozialdemokratischen Partei; Flucht nach Frankreich mit Frau und Tochter;  September 1939 als 'feindlicher Ausländer' in das Lager Meslay-du-Maine; Flucht der Familie nach Montauban; 26.08.1942 Verhaftung und die Familie wurde in das Camp de Septfonds gebracht; 01./02.09.1942 Überstellung nach Drancy ; 09.09.1942 Deportation mit dem Transport Nr. 30 von Drancy nach Auschwitz, wo er und seine Familie ermordet wurde",männlich,nein,o:derla.sty347,"DÖW; DERLA; Stolpersteine; Yad Vashem; Geni; Pascal Caïla, Bruno, Gisèle et Adèle Kurzweil, Itinéraine d'une famille autrichienne juive 1938–1942, Montauban 1996.; Christian Ehetreiber, Heimo Halbrainer, Bettina Ramp, ARGE Jugend gegen Gewalt und Rassismus, Der Koffer der Adele Kurzweil. Auf den Spuren einer Grazer jüdischen Familie in der Emigration, Graz 2001.; Halbrainer, H./ Lamprecht, G.: Nationalsozialismus in der Steiermark. Opfer. Täter. Gegner. Innsbruck 2015, S. 249-252.",,Bild verfügbar unter https://www.auschwitz.at/adele-bruno-und-gisela-kurzweil (am 25.04.2025).; Bild verfügbar unter Stolpersteine
181,Kurzweil,Gisela,Trammer,-,"Schröttergasse 7, 8010 Graz (ehemals Kirchengasse 15)",15.44127580,47.08223738,-,-,-,24.02.1900,"Oderberg, Tschechien",1942,KZ Auschwitz,19.17371606,50.03774115,jüdischeopfer;als Jude verfolgt,"am 28.11.1922 Heirat mit Bruno Kurzweil; Mutter von Kurzweil Adele; 1927 Austritt aus der Israelitischen Kultursgemeinde; nach dem ""Anschluss"" 1938 wurde die Familie als ""jüdisch"" verfolgt; Flucht nach Frankreich mit Mann und Tochter; Ausbildung zur Masseurin in Frankreich; Flucht der Familie nach Montauban; 26.08.1942 Verhaftung und die Familie wurde in das Camp de Septfonds gebracht; 01./02.09.1942 Überstellung nach Drancy; 09.09.1942 Deportation mit dem Transport Nr. 30 von Drancy nach Auschwitz, wo die Familie ermordet wurde",weiblich,nein,o:derla.sty348,"DÖW; DERLA; Stolpersteine; Yad Vashem; Geni; Pascal Caïla, Bruno, Gisèle et Adèle Kurzweil, Itinéraine d'une famille autrichienne juive 1938–1942, Montauban 1996.; Christian Ehetreiber, Heimo Halbrainer, Bettina Ramp, ARGE Jugend gegen Gewalt und Rassismus, Der Koffer der Adele Kurzweil. Auf den Spuren einer Grazer jüdischen Familie in der Emigration, Graz 2001.; Halbrainer, H./ Lamprecht, G.: Nationalsozialismus in der Steiermark. Opfer. Täter. Gegner. Innsbruck 2015, S. 249-252.",,Bild verfügbar unter https://www.auschwitz.at/adele-bruno-und-gisela-kurzweil (am 25.04.2025).; Bild verfügbar unter Stolpersteine
182,Lachs,Adolf,-,-,"Volksgartenstraße 18, 8020 Graz",15.42950403,47.07311720,"Ebendorferstraße 10/9, 1010 Wien",16.35824041,48.21313242,28.12.1864,"Vlachovice, Tschechien",26.09.1942,Theresienstadt,14.15064358,50.51089063,jüdischeopfer;jüdisch,"Sohn von Lachs Koloman und Marie, geb. Beer; verheiratet mit Melanie, geb. Berger; Vater von Lachs Ernst; Besuch der Realschule in Kroměříž; 1883 bis 1890 Studium an der Technischen Hochschule Wien; 1890 Abschluss des Studiums mit dem Titel Ingenieur für das Bauwesen; 01.07.1891 Aufnahme als Praktikant in der Südbahngesellschaft; ab 01.01.1892 Ingenieurassistent bei der Ingenieur Sektion Wiener Neustadt; 1899 Vorstand in der Ingenieur Sektion Steinbrück; 1900 Vorstand in der Ingenieur Sektion Mürzzuschlag; 11.06.1901 Oberingenieur in Mürzzuschlag; 1903 Heirat mit Melanie in Mürzzuschlag; August 1907 Versetzung in die Direktion Graz; 1919 Inspektor und 1920 Oberinspektor in der Direktion Graz; 01.10.1923 Pension als Zentralinspektor;  vom 12.08.1907 bis 1939 war die Familie wohnhaft in der Volksgartenstraße 18, 8020 Graz; 15.01.1939 zum Verlassen von Graz gezwungen; Sohn Ernst Lachs kann fliehen; Zwangsumsiedlung nach Wien, wo er und seine Frau in mehreren Sammelwohnungen lebten; als letzte Wohnadresse gilt die Ebendorferstraße 10/9, 1010 Wien; 10.07.1942 Deportation von Wien ins KZ Theresienstadt, wo Adolf Lachs starb",männlich,nein,o:derla.sty349,"Stolpersteine; DERLA; DÖW; Yad Vashem; Geni; Halbrainer, H.: Gedenken und Erinnern im Bezirk. Stolpersteine in Lend. In: Halbrainer, H./ Lamprecht, G.: Jüdischer Lend. Eine Spurensuche. Graz 2024, S. 226.",,"Bilder verfügbar unter Yad Vashem; Tippfehler auf DERLA, da hier sowohl 1944 als auch 1942 als Sterbejahr angegeben wird (?)"
183,Lachs,Melanie,Berger,-,"Volksgartenstraße 18, 8020 Graz",15.42950403,47.07311720,"Ebendorferstraße 10/9, 1010 Wien",16.35824041,48.21313242,31.05.1882,"Valašské Meziříčí, Tschechien",18.10.1944,KZ Auschwitz,19.17371606,50.03774115,jüdischeopfer;jüdisch,"Tochter von Berger Samuel und Rosa, geb. Wolf; verheiratet mit Lachs Adolf; Mutter von Lachs Ernst; zunächst mit Eltern in Mürzzuschlag wohnhaft; 1903 Heirat mit Lachs Adolf; von 12.08.1907 bis 1939 wohnhaft in der Volksgartenstraße 18, 8020 Graz; Erblindung; 15.01.1939 zum Verlassen von Graz gezwungen; Sohn Ernst Lachs kann fliehen; Zwangsumsiedlung nach Wien, wo er und seine Frau in mehreren Sammelwohnungen lebten; als letzte Wohnadresse gilt die Ebendorferstraße 10/9, 1010 Wien; 10.07.1942 Deportation von Wien ins KZ Theresienstadt, wo ihr Ehemann Adolf starb; 16.10.1944 Überstellung von Theresienstadt ins KZ Auschwitz, wo sie ermordet wurde",weiblich,nein,o:derla.sty350,"Stolpersteine; DERLA; DÖW; Yad Vashem; Geni; Halbrainer, H.: Gedenken und Erinnern im Bezirk. Stolpersteine in Lend. In: Halbrainer, H./ Lamprecht, G.: Jüdischer Lend. Eine Spurensuche. Graz 2024, S. 226.",,Bild verfügbar unter Yad Vashem
184,Latzer,Eduard,-,-,"Kaiser-Franz-Josef-Kai 2, 8010 Graz",15.43575689,47.07125196,"Haasgasse 10, 1020 Wien",16.37266118,48.22164415,24.01.1888,"Graz, Steiermark",-,-,-,-,jüdischeopfer;jüdisch,"Sohn von Latzer Sigmund und Berta, geb. Killer; ledig; Schuhmacher; viele Jahre arbeitslos; vor dem 2. Weltkrieg in Kaiser-Franz-Josef-Kai 2, 8010 Graz im 2. Stock wohnhaft; während des 2. Weltkriegs in einer ""Alterswohngemeinschaft"" in der Haasgasse 10, 1020 Wien; 15.02.1941 Deportation von Wien nach Opole; wahrscheinlich wurde er 1942 ermordet (vgl. Halbrainer, H./ Lamprecht, G./ Rigerl, G.: Orte und Zeichen der Erinnerung. Erinnerungszeichen für die Opfer von Nationalsozialismus und Krieg in der Steiermark. Graz 2018, S. 186.)",männlich,nein,o:derla.sty477,"DÖW; Yad Vashem; DERLA; Auswanderungsfragebogen; Geni; Halbrainer, H./ Lamprecht, G./ Rigerl, G.: Orte und Zeichen der Erinnerung. Erinnerungszeichen für die Opfer von Nationalsozialismus und Krieg in der Steiermark. Graz 2018, S. 186.",,"laut DERLA wurde Eduard Latzer in Wien geboren, alle anderen Quellen geben Graz (Yad Vashem; Auswanderungsfragebogen; Geni) als Geburtsort an"
185,Latzer,Fanny,Elsass,Lazer,"Mandellstraße 4, 8010 Graz",15.44775397,47.06829626,"Leopoldsgasse 22/123, 1020 Wien",16.37656542,48.21929935,09.12.1872,"Ružomberok, Slowakei",-,Treblinka,22.02263844,52.66443665,jüdischeopfer;jüdisch,"Tochter von Elsass Emanuel Mano und Regina; 1. Ehe mit Wechsler Heinrich; aus dieser Ehe Mutter von Wechsler Elsa; 06.10.1898 Tod von Ehemann Heinrich in Graz; 2. Ehe mit Latzer Samuel (Salomon); aus dieser Ehe Mutter von Latzer Robert Ludwig; Hausfrau; 15.10.1933 Tod von Ehemann Salomon; vor dem 2. Weltkrieg in Graz; im Verzeichnis der von Graz nach Wien übersiedelten Juden; zuletzt wohnhaft in einer Sammelwohnung in der Leopoldsgasse 22/123, 1020 Wien; 10.09.1942 Deportation von Wien nach Theresienstadt; 29.09.1942 Überstellung von Theresienstadt nach Treblinka, wo sie ermordet wurde",weiblich,nein,-,Verzeichnis der von Graz nach Wien übersiedelten Juden; DÖW; Yad Vashem; Geni,,
186,Latzer,Gustav,-,Gustav Gershon Latzer,"Kaiser-Franz-Josef-Kai 2, 8010 Graz",15.43575689,47.07125196,"Tempelgasse 3, 1020 Wien (ehemalige Mohapelgasse 3)",16.38517894,48.21407053,09.02.1925,"Graz, Steiermark",04.09.1942,Maly Trostinec,27.70358964,53.83507935,jüdischeopfer;jüdisch,"Sohn von Latzer Ludwig und Franziska Karoline Josefa Rahel, geb. Schmutzer; Schüler; vor dem 2. Weltkrieg in Kaiser-Franz-Josef-Kai 2, 8010 Graz wohnhaft; 1939 musste er mit seinen Eltern nach Wien gehen; 1940 sind die Eltern von Gustav nicht mehr in Wien; im März 1940 wohnhaft im Lehrlingsheim für Knaben der Israelitischen Kultusgemeinde Wien in der Grünentorgasse 26, 1090 Wien; letzte Adresse in einem jüdischen Kinderheim in der Tempelgasse (Mohapelgasse) 3, 1020 Wien; 31.08.1942 Deportation von Wien nach Maly Trostinec, wo er ermordet wurde",männlich,ja,o:derla.sty477,"DÖW; Yad Vashem; DERLA; Auswanderungsfragebogen; Geni; Halbrainer, H./ Lamprecht, G./ Rigerl, G.: Orte und Zeichen der Erinnerung. Erinnerungszeichen für die Opfer von Nationalsozialismus und Krieg in der Steiermark. Graz 2018, S. 186.",,
187,Latzer ,Sidonie,Löffler,-,Graz,-,-,"Praterstraße 28/11, 1020 Wien",16.38396050,48.21421721,18.07.1864,"Szombathely, Ungarn",1942,Treblinka,22.02263844,52.66443665,jüdischeopfer;jüdisch,"Tochter von Löffler Moritz; verheiratet mit Latzer Heinrich; Mutter von Latzer Samuel, Zoltan, Fritz und Spitzer Aranka1936 starb ihr Ehemann Heinrich; vord dem 2. Weltkrieg wohnhaft in Graz; Ende 1938 Zwangsumsiedlung nach Wien; während des 2. Weltkriegs in der Praterstraße 28/11, 1020 Wien wohnhaft; 14.07.1942 Deportation von Wien nach Theresienstadt; 21.09.1942 Überstellun von Theresienstadt nach Treblinka, wo sie ermordet wurde",weiblich,nein,o:derla.sty491,"DERLA; DÖW; Yad Vashem; Geni; Halbrainer, H./ Lamprecht, G./ Rigerl, G.: Orte und Zeichen der Erinnerung. Erinnerungszeichen für die Opfer von Nationalsozialismus und Krieg in der Steiermark. Graz 2018, S. 195.",,
188,Latzer,Zoltan,-,-,Graz,-,-,-,-,-,10.03.1890,"Güssing, Burgenland",1942,KZ Auschwitz,19.17371606,50.03774115,jüdischeopfer;jüdisch,"Sohn von Latzer Heinrich und Sidonie, geb. Löffler; Beamter; vor dem 2. Weltkrieg in Graz; 1938 Flucht nach Italien und weiter nach Frankreich; 02.09.1942 Deportation von Drancy nach Auschwitz",männlich,nein,o:derla.sty491,"DERLA; DÖW; Yad Vashem; Geni; Halbrainer, H./ Lamprecht, G./ Rigerl, G.: Orte und Zeichen der Erinnerung. Erinnerungszeichen für die Opfer von Nationalsozialismus und Krieg in der Steiermark. Graz 2018, S. 195.",,als Geburtsdatum wird neben dem 10.03.1890 (DERLA; DÖW) auch der 09.03.1890 (Geni) angegeben
189,Lichtenegger,Laje,Guttermann,Sara Laje; Leie; Lea,"Idlhofgasse 81, 8020 Graz",15.42400900,47.06549245,"Malzgasse 9, 1020 Wien",16.37649243,48.22054830,20.05.1893,"Bolotnja, Ukraine",-,-,-,-,jüdischeopfer;jüdisch,"Tochter von Guttermann Abraham und Mindl, geb. Lobel; geschieden von Lichtenegger Rupert Rafael; Mutter von Lichtenegger Herma; vor dem 2. Weltkrieg in der Idlhofgasse 81, 8020 Graz; während des 2. Weltkriegs in einer Sammelwohnung in der Malzgasse 9, 1020 Wien; 19.10.1941 Deportation von Wien nach Litzmannstadt (Lodz)",weiblich,nein,-,Liste DÖW Auswanderungsfragebogen; DÖW; Yad Vashem; Geni,,
190,Lichtenstein,Artur,-,Arthur,"Hans-Resel-Gasse 3, 8020 Graz (""Mariengasse"" 3)",15.42466104,47.07170799,"Tempelgasse 3, 1020 Wien (ehemalige Mohapelgasse 3)",16.38517894,48.21407053,12.06.1925,"Graz, Steiermark",04.09.1942,Maly Trostinec,27.70358964,53.83507935,jüdischeopfer;jüdisch,"Sohn von Lichtenstein David und Ella, geb. Bergstein; Bruder von Lichtenstein Anna, Norbert und Herta; geboren in der Wielandgasse 10, 8010 Graz; Umzug der Familie in die Mariengasse 3, 8020 Graz (heutige Hans-Resel-Gasse 3, 8020 Graz); zunächst hier ab 11.01.1926 wohnhaft im 1. Stock; im Mai 1928 Übersiedlung in eine Wohnung im 2. Stock an derselben Adresse; Tod der vierjährigen Schwester Anna; ab 1938 Verbot die Schule zu besuchen; Geschwister Norbert und Herta werden in einem Kindertransport nach Schweden gebracht; 23.05.1939 Ausweisung der Eltern David und Ella aus Graz als ""Staatenlose""; 02.06.1939 Verhaftung der Eltern und Abschiebung; Artur musste derweilen von seinen Eltern in einem jüdischen Weisenhaus im 19. Wiener Gemeindebezirk zurückgelassen werden in der Bauernfeldgasse, 1190 Wien; nach Schließung des Waisenhauses in der Bauernfeldgasse im November 1940 in einem jüdischen Kinderheim in der Tempelgasse (Mohapelgasse) 3, 1020 Wien untergebracht; hier wurde ein Jugendheim für jüdische Knaben gegründet; 31.08.1942 Deportation von Wien nach Maly Trostinec, wo er  am 04.09.1942 erschossen wurde",männlich,ja,-,"Yad Vashem; Stolpersteine; Auswanderungsfragebogen; Geni; Halbrainer, H.: Lichtenstein: Eine von den Nazis zerissene Familie.
In: Halbrainer, H./ Lamprecht, G.: Jüdischer Lend. Eine Spurensuche. Graz 2024, S. 114-121.",,"als Geburtsdatum findet sich neben dem 12.06.1925 (Yad Vashem, Geni, Stolpersteine) auch der 12.06.1923"
191,Lichtenstein,David,-,Dawid,"Hans-Resel-Gasse 3, 8020 Graz (""Mariengasse"" 3)",15.42466104,47.07170799,"Vorbeckgasse 12, 8020 Graz",15.43079240,47.07047946,15.02.1895,"Zawadów, Polen",1942,Kaukasus,-,-,jüdischeopfer;jüdisch,"Sohn von Aron Hirsch Zorn und Et(t)el Lichtenstein; 1910 Übersiedlung nach Graz; Sattlerlehre in Graz; 1915 zum Kriegsdienst eingezogen; 29.10.1922 Heirat in der Grazer Synagoge mit Ella, geb Bergstein; Vater von Lichtenstein Artur, Anna, Norbert und Herta; zunächst tätig als Riemer und Sattler, später als Handelsghilfe im Geschäft seines Bruders; zunächst wohnhaft in der Wielandgasse 10, 8010 Graz, wo sein erster Sohn Artur auf die Welt kam, der jedoch in der ersten Woche nach der Geburt starb; 1925 gebar Ella  einen zweiten Sohn namens Artur; ab 11.01.1926 wohnhaft in der Mariengasse 3 (heutige Hans-Resel-Gasse 3, 8020 Graz) im 1. Stock; im Mai 1928 Übersiedlung in eine neue Wohnung an derselben Adresse im zweiten Stock, wo auch Anna (starb im 4. Lebensjahr), Norbert und Herta auf die Welt kamen; im Dezember 1938 konnten Norbert und Herta mit einem Kindertransport in Sicherheit gebracht werden; Februar 1939 Verweis aus der Wohnung in der Mariengasse 3, 8020 Graz; kurze Zwischenstationen in der Lagergasse 27b, 8020 Graz und in der Vorbeckgasse 12, 8020 Graz; hier wurden David und Ella Lichtenstein am 23.05.1939 aus Graz ausgewiesen; 02.06.1939 Verhaftung in Graz und Abschiebung über die Grenze; Artur Lichtenstein musste derweil von seinen Eltern in einem jüdischen Waisenhaus zurückgelassen werden; Versuch von David und Ella Lichtenstein nach Polen zu gelangen; bis Anfang 1941 gab es Briefkontakt mit den Kindern in Schweden; Flucht nach dem Deutschen Angriff auf Polen in den Osten; sie blieben einige Monate in Stanislau (Ukraine) bevor sie in den Kaukasus gebracht wurden, wo sie auf Plantagen als Erntehelfer arbeiteten; nach dem Krieg erhielten Norbert und Herta Lichtenstein die Nachricht, dass ihre Eltern im Jahre 1942 im Kaukasus verstorben seien; die genauen Todesumstände konnten bis heute nicht eruiert werden",männlich,nein,-,"Yad Vashem; Stolpersteine; Auswanderungsfragebogen; Geni; Halbrainer, H.: Lichtenstein: Eine von den Nazis zerissene Familie.
In: Halbrainer, H./ Lamprecht, G.: Jüdischer Lend. Eine Spurensuche. Graz 2024, S. 114-121.",,Bilder und Briefkorrespondenz verfügbar unter Stolpersteine: Ella Lichtenstein. In: https://www.stolpersteine-graz.at/stolpersteine/lichtenstein-ella/#_ftn45 (am 29.07.2025).
192,Lichtenstein,Ella,Bergstein,Hela; Hynde Dwojre,"Hans-Resel-Gasse 3, 8020 Graz (""Mariengasse"" 3)",15.42466104,47.07170799,"Vorbeckgasse 12, 8020 Graz",15.43079240,47.07047946,16.06.1895,"Bolzowce, Ukraine",1942,Kaukasus,-,-,jüdischeopfer;jüdisch,"Tochter von Bergstein Bernhard und Berta, geb. Glanzberg; 29.12.1922 Heirat mit Lichtenstein David; Mutter von Lichtenstein Artur, Anna, Norbert und Herta; Hausfrau; zunächst wohnhaft in der Wielandgasse 10, 8010 Graz, wo ihr erster Sohn Artur auf die Welt kam, der jedoch in der ersten Woche nach der Geburt starb; 1925 gebar Ella einen zweiten Sohn namens Artur; ab 11.01.1926 wohnhaft in der Mariengasse 3 (heutige Hans-Resel-Gasse 3, 8020 Graz) im 1. Stock; im Mai 1928 Übersiedlung in eine neue Wohnung an derselben Adresse im zweiten Stock, wo auch Anna (starb im 4. Lebensjahr), Norbert und Herta auf die Welt kamen; im Dezember 1938 konnten Norbert und Herta mit einem Kindertransport in Sicherheit gebracht werden; Februar 1939 Verweis aus der Wohnung in der Mariengasse 3, 8020 Graz; kurze Zwischenstationen in der Lagergasse 27b, 8020 Graz und in der Vorbeckgasse 12, 8020 Graz; hier wurden David und Ella Lichtenstein am 23.05.1939 aus Graz ausgewiesen; 02.06.1939 Verhaftung in Graz und Abschiebung über die Grenze; Artur Lichtenstein musste derweil von seinen Eltern in einem jüdischen Waisenhaus zurückgelassen werden; Versuch von David und Ella Lichtenstein nach Polen zu gelangen; bis Anfang 1941 gab es Briefkontakt mit den Kindern in Schweden; Flucht nach dem Deutschen Angriff auf Polen in den Osten; sie blieben einige Monate in Stanislau (Ukraine) bevor sie in den Kaukasus gebracht wurden, wo sie auf Plantagen als Erntehelfer arbeiteten; nach dem Krieg erhielten Norbert und Herta Lichtenstein die Nachricht, dass ihre Eltern im Jahre 1942 im Kaukasus verstorben seien; die genauen Todesumstände konnten bis heute nicht eruiert werden",weiblich,nein,-,"Yad Vashem; Stolpersteine; Auswanderungsfragebogen; Geni; Halbrainer, H.: Lichtenstein: Eine von den Nazis zerissene Familie.
In: Halbrainer, H./ Lamprecht, G.: Jüdischer Lend. Eine Spurensuche. Graz 2024, S. 114-121.",,Bilder und Briefkorrespondenz verfügbar unter Stolpersteine: Ella Lichtenstein. In: https://www.stolpersteine-graz.at/stolpersteine/lichtenstein-ella/#_ftn45 (am 29.07.2025).
193,Lichtenstein,Ernst,-,-,"Annenstraße 19a, 8020 Graz",15.42890641,47.07095235,-,-,-,28.05.1903,"St. Gallen, Schweiz",06.09.1943,KZ Auschwitz,19.17371606,50.03774115,jüdischeopfer;jüdisch,"Sohn von Lichtenstein Chaim Joachim und Rosa, geb. Horochofski; Bruder von Lichtenstein Hermann Hersch und Serafine; vor dem 2. Weltkrieg in der Annenstraße 19a, 8020 Graz; der Reisende Ernst Lichtenstein wurde am 9. 3. 1943 ""nach Entlassung aus dem Arbeitshaus"" festgenommen; 01.04.1943 Deportation von Wien nach Theresienstadt; 06.09.1942 Überstellung von Theresienstadt nach Auschwitz, wo er laut Yad Vashem noch am selben Tag ermordet wurde",männlich,nein,-,DÖW; Yad Vashem; Geni,,Bild verfügbar unter https://www.doew.at/result; laut Yad Vashem starb er am 06.09.1943
194,Lichtenstein,Hermann Hersch,-,-,"Annenstraße 41, 8020 Graz",15.42513383,47.07112079,-,-,-,22.03.1893,"Boryslaw, Ukraine",-,-,-,-,jüdischeopfer;jüdisch,"Sohn von Lichtenstein Chaim Joachim und Rosa, geb. Horochofski; Bruder von Lichtenstein Serafine und Ernst; Ex-Ehemann von Lichtenstein Wilhelmine Rachel, geb Karmelio; vor dem 2. Weltkrieg in der Annenstraße 41, 8020 Graz",männlich,nein ,-,DÖW; Yad Vashem; Geni,,laut Geni 18.März 1893 als Geburtsdatum; laut DÖW und Yad Vashem 22.03.1893
195,Löw false Hammer,Anna,-,-,"Naglergasse 59, 8010 Graz",15.45667135,47.06831113,Lichtenauergasse 9; 1020 Wien,16.38966135,48.21461746,07.07.1877,"Lwiw, Ukraine",-,-,-,-,jüdischeopfer;jüdisch,"vor dem 2. Weltkrieg in Naglergasse 59, 8010 Graz; während des 2. Weltkriegs in einer Sammelwohnung in der Lichtenauergasse 9, 1020 Wien; 17.07.1942 Deportation von Wien nach Auschwitz",weiblich,nein,-,Liste DÖW Auswanderungsfragebogen; DÖW,,Informationen nur auf DÖW
196,Löw,Hermann,-,Zvi Hersch Löw; Hersch Löw; Herman Low,"Naglergasse 59, 8010 Graz",15.45667135,47.06831113,Lichtenauergasse 9; 1020 Wien,16.38966135,48.21461746,15.07.1878,"Sambir, Ukraine",1944,KZ Auschwitz,19.17371606,50.03774115,jüdischeopfer;jüdisch,"Sohn von Löw David vulgo Jacob Jakob (Guttmann) und Sara Dwora; verheiratet mit Löw Lea, geb. Speier; Vater von Löw Gisa und Jakob; in Graz wohnhaft seit 1907; tätig als Kaufmann; vor dem 2. Weltkrieg in Naglergasse 59, 8010 Graz; während des 2. Weltkriegs in einer Sammelwohnung in der Lichtenauergasse 9, 1020 Wien; 17.07.1942 Deportation von Wien nach Auschwitz, wo er ermordet wurde",männlich,nein,-,Yad Vashem; DÖW; Auswanderungsfragebogen; Geni,,laut Yad Vashem starb er im Jahr 1944 im KZ Auschwitz
197,Löw,Lea ,Speier,Sara Löw; Slava Loew,"Naglergasse 59, 8010 Graz",15.45667135,47.06831113,-,-,-,11.07.1887,"Lwiw, Ukraine",1944,KZ Auschwitz,19.17371606,50.03774115,jüdischeopfer;jüdisch,Tochter von Speier Abraham und Sara; Ehefrau von Löw Herman(n); Mutter von Löw Gisa und Jakob; tätig als Kindergärtnerin; vor dem 2. Weltkrieg in Graz,weiblich,nein,-,Yad Vashem; Auswanderungsfragebogen; Geni,,"laut Geni hieß sie Lea, laut Yad Vashem Slava und laut Auswanderungsfragebogen Sara; als Geburtsdatum wird neben dem 11.07.1887 in Lwiw (Auswanderungsfragebogen) auch der 25.03.1888 in Drohobycz (Geni)"
198,Löwi,Jakob ,-,Loewi; Löwy,"Kindermanngasse 12/3, 8020 Graz",15.42495800,47.06778383,"Seegasse 9, 1090 Wien",16.36356166,48.22342817,26.05.1875,"Wien, Österreich",21.02.1943,Theresienstadt,14.15064358,50.51089063,jüdischeopfer;jüdisch,"verheiratet mit Aloisia, geb. Seceny; kinderlos; seit 1901 in Graz wohnhaft; Kriegsdienst im 1. Weltkrieg; seit 1921 als selbstständiger Handelsvertreter tätig; vor dem 2. Weltkrieg in der Kindermanngasse 12/III, 8020 Graz; August 1939 Zwangsübersiedlung nach Wien gemeinsam mit seiner Ehefrau; während des 2. Weltkriegs in einem Jüdischen Altersheim in der Seegasse 9, 1090 Wien; 27.08.1942 Deportation von Wien nach Theresienstadt, wo er ermordet wurde",männlich,nein,-,"DÖW; Yad Vashem; Halbrainer, H./ Lamprecht, G.: „So dass uns Kindern eine durchwegs christliche Umgebung geschaffen war.“ Die Heilandskirche und ihre „Judenchristen“ zwischen 1880 und 1955. Graz 2010, S. 73.; Lamprecht, G.: Jakob Löwi – Handelsvertreter. In: Halbrainer, H./ Lamprecht, G.: Jüdischer Gries. Eine Spurensuche. Graz 2022, S. 194f.",,"als Geburtsdatum wird neben dem 25.05.1875 (DÖW) auch der 26.05.1875 (Yad Vashem; Lamprecht) angegeben; Bittgesuch von Jakob Löwi an Gauleiter Bürckel vom 20.01.1939 in: Halbrainer, H./ Lamprecht, G.: „So dass uns Kindern eine durchwegs christliche Umgebung geschaffen war.“ Die Heilandskirche und ihre „Judenchristen“ zwischen 1880 und 1955. Graz 2010, S. 72."
199,Löwinger,Anna,Weisz,Netti; Anny,"Dominikanergasse 5, 8020 Graz",15.42981169,47.07026785,"Scholzgasse 12/5, 1020 Wien",16.37065909,48.24743512,01.11.1893,"Gornji Slaveči, Slowenien",-,-,-,-,jüdischeopfer;jüdisch,"Tochter von Weisz Alexander und Mimi, geb. Weissenstein; verheiratet mit Löwinger Max; Mutter von Löwinger Kurt; vor dem 2. Weltkrieg in der Dominikanergasse 5, 8020 Graz; während des 2. Weltkriegs in der Scholzgasse 12/5, 1020 Wien; 17.07.1942 Deportation von Wien nach Auschwitz",weiblich,nein,-,Liste DÖW Auswanderungsfragebogen; DÖW; Yad Vashem;Auswanderungsfragebogen; Geni,,als Geburtsdatum wird neben dem dem 01.11.1893 (Auswanderungsfragebogen) auch der 02.11.1893 (DÖW; Yad Vashem) und der 01.11.1898 (Geni) angegeben
200,Löwinger,Esther,Schuster,Ester Lovinger,Graz,-,-,-,-,-,1894,"Serdica, Slowenien",1942,-,-,-,jüdischeopfer;jüdisch,Tochter von Schuster Alexander und Mimi; verheiratet mit Löwinger Max; Hausfrau; vor dem 2. Weltkrieg in Graz,weiblich,nein,-,Yad Vashem; Geni,,"unklar, ob Löwinger Anna oder eine andere Frau von Löwinger Max; unklar ob Mutter von Löwinger Kurt"
201,Löwinger,Kurt,-,Loevinger; Lebinger,"Dominikanergasse 5, 8020 Graz",15.42981169,47.07026785,"Scholzgasse 12/5, 1020 Wien",16.37065909,48.24743512,14.02.1925,"Leoben, Steiermark",-,-,-,-,jüdischeopfer;jüdisch,"Sohn von Löwinger Max und Anna (Netti), geb. Weisz (oder Esther Löwinger, geb. Schuster?); vor dem 2. Weltkrieg in der Dominikanergasse 5, 8020 Graz; während des 2. Weltkriegs in der Scholzgasse 12/5, 1020 Wien; 17.07.1942 Deportation von Wien nach Auschwitz",männlich,ja,-,Liste DÖW Auswanderungsfragebogen; DÖW; Yad Vashem; Auswanderungsfragebogen; Geni,,als Name der Mutter findet sich bei Yad Vashem auch Esther Löwinger
202,Löwinger ,Max,-,Max Lovinger; Lebinger,"Dominikanergasse 5, 8020 Graz",15.42981169,47.07026785,"Scholzgasse 12/5, 1020 Wien",16.37065909,48.24743512,10.01.1888,"Leoben, Steiermark",-,-,-,-,jüdischeopfer;jüdisch,"Sohn von Löwinger Alexander und Rosalie, geb. Steiner; 15.08.1920 Heirat in Graz mit Anna, geb. Weiß (Ester, geb. Schuster?); aus Ehe mit Anna Vater von Löwinger Kurt; tätig als Kaufmann in Leoben; vor dem 2. Weltkrieg in der Dominikanergasse 5, 8020 Graz; während des 2. Weltkriegs in der Scholzgasse 12/5, 1020 Wien; 17.07.1942 Deportation von Wien nach Auschwitz, wo er ermordet wurde",männlich,nein,-,Yad Vashem; DÖW; Geni,,"als Geburtsdatum wird neben dem 10.01.1888 (Geni; DÖW) auch das Geburtsjahr 1890 (Yad Vashem) angegeben; laut Yad Vashem vor 2. Weltkrieg in Graz (unklar, da auch Leoben angegeben in Geni); unklar ist die Ehe mit Ehe mit Löwinger Esther, geb. Schuster, die laut Geni ebenfalls mit ihm verheiratet war"
203,Ludmerer,Elias,-,Eliash,Graz,-,-,-,-,-,1874,"Dovhyi Voinyliv, Ukraine",1942,-,-,-,jüdischeopfer;jüdisch,"Sohn von Ludmerer Leon und Sarah, geb. Prinz; verheiratet; tätig als Buchhalter; vor dem 2. Weltkrieg in Graz; während des 2. Weltkriegs in Warschau",männlich,nein,-,Yad Vashem; Geni,,
204,Luft,Edith,Fischer,-,"Marschallgasse 15, 8020 Graz",15.43069100,47.07264262,-,-,-,27.07.1894,"München, Deutschland",-,KZ Auschwitz,19.17371606,50.03774115,jüdischeopfer;jüdisch,"Tochter von Fischer Sigmund und Jenny, geb. Kohn; Ehefrau von Luft Max; vor dem 2. Weltkrieg in der Marschallgasse 15, 8020 Graz; 02.09.1942 Deportation mit Transport 27 von Drancy nach Auschwitz",weiblich,nein,-,DÖW; Yad Vashem; Geni,,laut Geni starb sie im KZ Auschwitz
205,Lustig,David,-,Dezső; Dezso,Graz,-,-,"Große Schiffgasse 3, 1020 Wien",16.37527219,48.21642325,19.08.1871,"Senec, Slowakei",18.07.1942,Theresienstadt,14.15064358,50.51089063,jüdischeopfer;jüdisch,"Sohn von Lustig Leopoldund Johanna, geb. Braun; 1. Heirat am 14.04.1896 in Graz mit Lustig Laura, geb. Braun; gemeinsam mit Laura Vater von Wechsler Nora, Spiegel Frederike und Rosenberger Lily; 1908 Tod von Ehefrau Laura; 2. Heirat am 14.06.1924 in Graz mit Lustig Stephanie Ruth, geb. Barmüller; Kaufmann und Getreidehändler in Graz; vor dem 2. Weltkrieg in Graz; 1939 Zwangsübersiedlung nach Wien; während des 2. Weltkriegs im jüdischen Altersheim in Große Schiffgasse 3, 1020 Wien; 14.07.1942 Deportation von Wien nach Theresienstadt",männlich,nein,o:derla.sty503,"Yad Vashem; DÖW; DERLA; Geni; Halbrainer, H./ Lamprecht, G./ Rigerl, G.: Orte und Zeichen der Erinnerung. Erinnerungszeichen für die Opfer von Nationalsozialismus und Krieg in der Steiermark. Graz 2018, S. 203.",,als Geburtsdatum werden neben dem 19.08.1871 (Yad Vashem; Geni) auch der 19.08.1870 (Yad Vashem) und die Geburtsjahre 1872 und 1878 angegeben
206,Markus,Johanna,-,-,"Reitschulgasse 7, 8010 Graz",15.44435396,47.06716769,"Blumauergasse 20/14, 1020 Wien",16.38482679,48.21823773,04.05.1870,"Graz, Steiermark",-,Treblinka,22.02263844,52.66443665,jüdischeopfer;jüdisch,"Tochter von Markus Heinrich und Regina, geb. Schreier; ledig; Hausfrau; vor dem 2. Weltkrieg in Graz; 1939 Zwangsübersiedlung nach Wien; zuletzt wohnhaft in einer Sammelwohnung in der Blumauergasse 20/14, 1020 Wien; 20.06.1942 Deportation von Wien nach Theresienstadt; 19.09.1942 Überstellung von Theresienstadt nach Treblinka, wo sie ermordet wurde",weiblich,nein,-,Verzeichnis der von Graz nach Wien übersiedelten Juden; DÖW; Yad Vashem; Geni,,
207,Markus,Regine,Neumann,Regina,"Mondscheingasse 9, 8010 Graz",15.44477415,47.06618740,"Nickelgasse 4, 1020 Wien",16.37523650,48.21792237,10.04.1888,"Murska Sobota, Slowenien",04.09.1942,Maly Trostinec,27.70358964,53.83507935,jüdischeopfer;jüdisch,"Tochter von Neumann Max und Johanna Ivana, geb. Stern; verheiratet mit Markus Moriz; Mutter von Lechner Johanna; Miedermacherin; in Graz wohnhaft seit 1901; 1932 Tod des Ehemannes Moriz; vor dem 2. Weltkrieg in der Mondscheingasse 9, 8010 Graz; Zwangsübersiedlung nach Wien; während des 2. Weltkriegs in einer Sammelwohnung in der Nickelgasse 4, 1020 Wien; 31.08.1942 Deportation von Wien nach Maly Trostinec, wo sie ermordet wurde",weiblich,nein,-,Liste DÖW Auswanderungsfragebogen; DÖW; Yad Vashem; Auswanderungsfragebogen; Geni; ,,als Geburtsdatum wird neben dem 10.04.1888 (DÖW; Yad Vashem; Geni) auch der 09.04.1888 (Auswanderungsfragebogen) angegeben;
208,Markus,Sali,Landskroner,Seldi; Selde,"Annenstraße 18, 8020 Graz",15.42940282,47.07117271,"Zirkusgasse 10, 1020 Wien",16.38318116,48.21471155,25.04.1883,"Synowitz, Siret Bukowina, Rumänien",-,-,-,-,jüdischeopfer;jüdisch,"Tochter von Landskroner Israel und Rosa, geb. Hermann; verheiratet mit Markus Leopold; Mutter von Markus Josef, Siegmund und Alexander; seit 1911 in Graz wohnhaft; vor dem 2. Weltkrieg in der Annenstraße 18, 8020 Graz; während des 2. Weltkriegs in einer Sammelwohnung in der Zirkusgasse 10, 1020 Wien; 19.10.1941 Deportation von Wien nach Litzmannstadt (Lodz)",weiblich,nein,-,Stolperstein von Sohn Josef Markus; DÖW; Yad Vashem; Auswanderungsfragebogen; Geni,,
209,Matsky,Valerie,-,-,"Helbertgasse 10, Graz",,,-,-,-,08.04.1883,"Eisenerz, Österreich",18.09.1942,Maly Trostinec,27.70358964,53.83507935,jüdischeopfer;jüdisch,"vor dem 2. Weltkrieg in Graz; 14.09.1942 Deportation mit Transport 41 von Wien nach Maly Trostinec, wo sie ermordet wurde",weiblich,nein,-,DÖW; Yad Vashem,,"wenige Informationen; laut DÖW Helbertgasse 10 in Graz (gibt es nicht) - vielleicht Halbärthgasse 10, Graz?"
210,Mayer ,Karl,-,-,"Marburger Kai 47, 8010 Graz",15.43589747,47.06781761,-,-,-,16.11.1909,"Wiener Neustadt, Niederösterreich",1943,Halle-Booienhoven,5.113698356,50.80431212,jüdischeopfer;jüdisch,"Sohn von Mayer Samuel und Klotilde, geb. Stoessl; Bruder von Neumann Emma ledig; seit 1920 wohnhaft in Graz, davor in Wiener Neustadt; tätig als Betriebsleiter einer Sportschuhfabrik für zwiegenähte Sportschuhe in der Sportschuhfabrikg Ig. Stössl Graz; er wollte über Belgien nach Uruguay auswandern; während des 2. Weltkriegs in Belgien; 19.04.1943 Deportation mit Transport XX von Mechelen nach Auschwitz; bei der Deportation bei einem Fluchtversuch vom Zug gesprungen und erschossen",männlich,nein,-,"Yad Vashem; DÖW; Auswanderungsfragebogen; Geni; Vrancken, L. (August 2024): Een rit naar de vrijheid of de dood. Jodentransport XX passeert tienen. In: https://www.dereensteen.be/filter/Tienen/Een-rit-naar-de-vrijheid-of-de-dood (am 29.07.2025).",,"Bild verfügbar unter Yad Vashem; als Geburtsdatum findet sich neben dem 16.11.1909 (DÖW; Auswanderungsfragebogen; Lutgart Vrancken) auch der 15.11.1909 (Yad Vashem) und der 18.11.1909 (Geni), sowie das Geburtsjahr 1908 (Yad Vashem); Quelle: Vrancken, L. (August 2024): Een rit naar de vrijheid of de dood. Jodentransport XX passeert tienen. In: https://www.dereensteen.be/filter/Tienen/Een-rit-naar-de-vrijheid-of-de-dood (am 29.07.2025)."
211,Mermelstein,Bernhard,-,Bernard/Berl Mermelstein?,"Karl-Morre-Straße 5, 8020 Graz",15.40247278,47.07191572,"Novaragasse 38, 1020 Wien",16.38711386,48.21820829,20.04.1873,-,-,-,-,-,jüdischeopfer;jüdisch,Ehemann von Mermelstein Hermine; Vater von Mermelstein Berta und Hilde; vor dem 2. Weltkrieg in Graz; Deportation von Zagreb in unbekanntes Lager,männlich,nein,-,DÖW; Yad Vashem; Geni,,"als Geburtsdatum wird neben dem 22.04.1882 (Auswanderungsfragebogen) auch der 20.04.1873 (DÖW) angegeben; laut DÖW Karl-Morregasse 5, Graz (könnte auch Morregasse 5 in Kalsdorf sein); selber Bernhard Mermelstein in Auswanderungsfrageboge?"
212,Mermelstein,Hermine,Schwarz,-,"Karl-Morre-Straße 5, 8020 Graz",15.40247278,47.07191572,"Novaragasse 38/14, 1020 Wien",16.38711386,48.21820829,29.06.1879,"Körmend, Ungarn",-,-,-,-,jüdischeopfer;jüdisch,"Ehefrau von Mermelstein Bernhard; Mutter von Mermelstein Berta und Hilde; in Graz wohnhaft seit 1908; Zwangsumsiedlung nach Wien; während des 2. Weltkriegs in der Novaragasse 38/14, 1020 Wien; Deportation von Zagreb in unbekanntes Lager",weiblich,nein,-,DÖW; Yad Vashem; Auswanderungsfragebogen; Geni,,"als Geburtsdatum wird neben dem 29.06.1879 (Auswanderungsfragebogen); auch der 29.06.1876 (DÖW; Geni) angegeben;laut DÖW Karl-Morregasse 5, Graz (könnte auch Morregasse 5 in Kalsdorf sein); laut Auswanderungsfragebogen Morregasse 5"
213,Nasch ,Frieda,Feig,Frida Nash,"Humboldtstraße 26, 8010 Graz",15.44307702,47.07963719,"Franz-Josefs-Kai 39, 1010 Wien",16.37305259,48.21442843,15.07.1895,"Doupov, Tschechien",-,Maly Trostinec,27.70358964,53.83507935,jüdischeopfer;jüdisch,"Tochter von Feig Sigmund und Karolina, geb. Kohn; verheiratet mit Nasch Isidor; Mutter von Nasch Gertrude und Goldmann Tzipora; vor dem 2. Weltkrieg in der Humboldtstraße 26, 8010 Graz; 21.02.1939 muss die Familie aus der Humboldtstraße 26 ausziehen; Übersiedlung in die Rebengasse 25, 8020 Graz; Juni 1939 Abmeldung aus Graz nach Wien; während des 2. Weltkriegs in Franz-Josefs-Kai 39, 1010 Wien; 02.06.1942 Deportation von Wien nach Maly Trostinec, wo sie ermordet wurde",weiblich,nein,-,"Yad Vashem; DÖW; Geni; Halbrainer, H.: Opfer rassistischer Verfolgung aus dem Bezirk Geidorf. In: Halbrainer, H./ Lamprecht, G.: Jüdisches Geidorf? Eine historische Spurensuche. Graz 2020, S. 72.",,
214,Nasch,Isidor,-,Izidor Nash; Izko,"Humboldtstraße 26, 8010 Graz",15.44307702,47.07963719,"Franz-Josefs-Kai 39, 1010 Wien",16.37305259,48.21442843,01.07.1884,"Zohor, Slowakei",1942,Maly Trostinec,27.70358964,53.83507935,jüdischeopfer;jüdisch,"Sohn von Nasch Adolf und Josefine, geb. Laufer; verheiratet mit Frieda, geb. Feig; Vater von Nasch Gertrude und Goldmann Tzipora;  tätig als Kaufmann; vor dem 2. Weltkrieg in der Humboldtstraße 26, 8010 Graz; 21.02.1939 muss die Familie aus der Humboldtstraße 26 ausziehen; Übersiedlung in die Rebengasse 25, 8020 Graz; Juni 1939 Abmeldung aus Graz nach Wien; während des 2. Weltkriegs in Franz-Josefs-Kai 39, 1010 Wien; 02.06.1942 Deportation von Wien nach Maly Trostinec, wo er im Juli 1942 ermordet wurde",männlich,nein,-,"Yad Vashem; DÖW; Geni; Halbrainer, H.: Opfer rassistischer Verfolgung aus dem Bezirk Geidorf. In: Halbrainer, H./ Lamprecht, G.: Jüdisches Geidorf? Eine historische Spurensuche. Graz 2020, S. 72.",,als Geburtsdatum findet sich neben dem 01.07.1884 (Yad Vashem; Geni) auch der 01.07.1904 (DÖW)
215,Nestlang,Rosina ,-,-,"Berggasse 3, Graz  (unklare Lage)",-,-,-,-,-,14.06.1887,-,-,-,-,-,jüdischeopfer;jüdisch,vor dem 2. Weltkrieg in Graz; 26.01.1942 Deportation mit Transport 15 von Wien nach Riga,weiblich,nein,-,DÖW; Yad Vashem,,"unklar, wo die Berggasse 3 liegt; vielleicht Berggasse 3, 8055 Seiersberg"
216,Neuda,Rosa,Schwarz,-,"Neutorgasse 41/1, 8010 Graz",15.43734568,47.06838204,"Rembrandtsraße 22/12, 1020 Wien",16.37242634,48.22207309,08.07.1877,"Körmend, Ungarn",-,-,-,-,jüdischeopfer;jüdisch,"Tochter von Schwarz Lipot und Maria, geb. Wasserlauf; 1. Ehe mit Rosenberger Alexander; 1913 Tod von Rosenberger Alexander; 2. Ehe mit Neuda Franz; Schneiderin; vor dem 2. Weltkrieg in der Neutorgasse 41/1, 8010 Graz; Zwangsumsiedlung nach Wien; während des 2. Weltkriegs in einer Sammelwohnung in der Rembrandtstraße 22/12, 1020 Wien; 12.03.1941 Deportation von Wien nach Lagow-Opatow; ",weiblich,nein,-,Liste DÖW Auswanderungsfragebogen; DÖW; Auswanderungsfragebogen; Geni,,
217,Neufeld,Grete ,-,-,Graz,-,-,"Floßgasse 3, 1020 Wien",16.37457747,48.21696230,24.10.1910,"Köflach, Steeiermark",-,-,-,-,jüdischeopfer;jüdisch,"Tochter von Neufeld Bernard und Henriette, geb. Spitzer; vor dem 2. Weltkrieg in Graz; während des 2. Weltkriegs in Floßgasse 3, 1020 Wien; 19.02.1941 Deportation von Wien nach Kielce",weiblich,nein,-,Yad Vashem; DÖW; Geni,,
218,Neufeld,Henriette,Spitzer,-,Graz,-,-,"Floßgasse 3, 1020 Wien",16.37457747,48.21696230,12.07.1883,"Drösing, Niederösterreich",-,-,-,-,jüdischeopfer;jüdisch,"Tochter von Spitzer Samuel und Johanna, geb. Grünhut; verheiratet mit Neufeld Bernard; Mutter von Irow Lise und Neufeld Grete; vor dem 2. Weltkrieg in Graz; während des 2. Weltkriegs in Floßgasse 3, 1020 Wien; 19.02.1941 Deportation von Wien nach Kielce",weiblich,nein,-,Yad Vashem; DÖW; Geni,,
219,Neumann,Helene,Rosenberg,-,"Glacisstraße 9, 8010 Graz",15.44486251,47.07684199,"Rathausstraße 11/6, 1010 Wien",16.35652103,48.21231889,26.02.1878,"Wien, Österreich",27.07.1942,Theresienstadt,14.15064358,50.51089063,jüdischeopfer;jüdisch,"Tochter von Rosenberg Simon und Rosenberg Irene Regina; verheiratet mit Neumann Ignaz Bernhard; bis zum 30.11.1938 wohnhaft in der Glacisstraße 9, 8010 Graz; 05.04.1939 Abmeldung aus Graz nach Wien; während des 2. Weltkriegs in der Rathausstraße 11, 1010 Wien; 10.07.1942 Deportation von Wien nach Theresienstadt, wo sie und ihr Mann ermordet wurden",weiblich,nein,-,"DÖW; Yad Vashem; Geni; Halbrainer, H.: Opfer rassistischer Verfolgung aus dem Bezirk Geidorf. In: Halbrainer, H./ Lamprecht, G.: Jüdisches Geidorf? Eine historische Spurensuche. Graz 2020, S. 72.",,
220,Neumann,Ignaz Bernhard,-,Bernhard Neumann; Ignatz,"Glacisstraße 9, 8010 Graz",15.44486251,47.07684199,"Rathausstraße 11/6, 1010 Wien",16.35652103,48.21231889,10.02.1861,"Güssing, Burgenland",20.07.1942,Theresienstadt,14.15064358,50.51089063,jüdischeopfer;jüdisch,"Sohn von Neumann Jakab und Johanna, geb. Hoffmann; 1. Ehe mit Anna Beer, geb. Baum; aus dieser Ehe Vater von Neumann Felix und Newman Walter; 2. Ehe mit Helene, geb. Rosenberg; bis zum 30.11.1938 wohnhaft in der Glacisstraße 9, 8010 Graz; 05.04.1939 Abmeldung aus Graz nach Wien; während des 2. Weltkriegs in der Rathausstraße 11, 1010 Wien; 10.07.1942 Deportation von Wien nach Theresienstadt, wo er und seine Frau ermordet wurden",männlich,nein,-,"DÖW; Yad Vashem; Geni; Halbrainer, H.: Opfer rassistischer Verfolgung aus dem Bezirk Geidorf. In: Halbrainer, H./ Lamprecht, G.: Jüdisches Geidorf? Eine historische Spurensuche. Graz 2020, S. 72.",,
221,Neumann,Oskar ,-,Neuman; Oskar Yaakov,"Annenstraße 47, 8020 Graz",15.42395203,47.07107026,-,-,-,07.08.1891,"Graz, Steiermark",-,-,-,-,jüdischeopfer;jüdisch,"Sohn von Neumann Moritz und Rosa, geb. Stern; Heirat am 25.12.1921 in Graz mit Julie, geb. Welisch; Vater von Hedwig und Erich Otto; Kaufmann in Graz; Arbeit als selbstständiger Kaufmann und danach in einer Auto-Spedition in Graz; vor dem 2. Weltkrieg in der Annenstraße 47, 8020 Graz; während des 2. Weltkriegs in Agen, Frankreich und/oder in Antwerpen, Belgien; 09.09.1942 Deportation mit Transport 30 von Drancy nach Auschwitz",männlich,nein,-,DÖW; Yad Vashem; Auswanderungsfragebogen; Geni,,als Geburtsdatum wird neben dem 07.08.1891 (DÖW; Auswanderungsfragebogen; Geni) auch der 07.09.1891 (Yad Vashem) und der 07.08.1889 (Yad Vashem) angegeben
222,Orowan,Franziska,Redlich,Fanny; Fanni,"Gleisdorfergasse 8, 8010 Graz",15.44503774,47.06783556,"Karmeliterplatz 1/3, 1020 Wien",16.37982046,48.21550327,05.10.1860,"Brno-Líšeň, Tschechien",26.07.1942,Theresienstadt,14.15064358,50.51089063,jüdischeopfer;jüdisch,"Tochter von Redlich Moritz Moses und Hanni, geb. Rosner; verheiratet mit Orowan Wilhelm; Mutter von Orowan Hans und Margarethe; 1924 Tod des Ehemanns Wilhelm; vor dem 2. Weltkrieg in der Gleisdorfergasse 8, 8010 Graz; 1939 Zwangsübersiedlung nach Wien; während des 2. Weltkriegs wohnhaft in einer Sammelwohnung am Karmeliterplatz 1/3, 1020 Wien; 22.07.1942 Deportation von Wien nach Teheresienstadt, wo sie nach wenigen Tagen umkam",weiblich,nein,o:derla.sty505,"DERLA; DÖW; Yad Vashem; Geni; Halbrainer, H./ Lamprecht, G./ Rigerl, G.: Orte und Zeichen der Erinnerung. Erinnerungszeichen für die Opfer von Nationalsozialismus und Krieg in der Steiermark. Graz 2018, S. 205.",,
223,Orowan,Hans ,-,-,"Augasse 32, 8020 Graz",15.41664806,47.09027383,-,-,-,12.09.1888,"Leoben, Steiermark",1942,KZ Auschwitz,19.17371606,50.03774115,jüdischeopfer;jüdisch,"Sohn von Orowan Wilhelm und Franziska, geb. Redlich; Ehemann von Elisabeth, geb. Reisinger; Möbelhändler in Graz; 27.03.1930 Geburt der Tochter Ruth; vor dem 2. Weltkrieg in der Augasse 32, 8020 Graz; Flucht nach Frankreich; 17.08.1942 Deportation von Drancy nach Auschwitz",männlich,nein,o:derla.sty505,"DÖW; DERLA; Yad Vashem; Auswanderungsfragebogen; Geni; Halbrainer, H./ Lamprecht, G./ Rigerl, G.: Orte und Zeichen der Erinnerung. Erinnerungszeichen für die Opfer von Nationalsozialismus und Krieg in der Steiermark. Graz 2018, S. 205.",,
224,Öhler,Franz,-,Franjo,"Weg zum Reinerkogel 14, 8010 Graz",15.43008581,47.09279748,-,-,-,15.07.1887,"Graz, Steiermark",10.05.1945,Buchenwald,-,-,jüdischeopfer;als Jude verfolgt,"Sohn von Öhler Hermann und Josefine, geb. Wess; verheiratet mit Öhler Whilhelmine Viktoria, geb. von Heinrich; Sohn des Mitbegründers des Kaufhauses Kastner & Öhler; bei Kastner & Öhler tätig als Gesellschafter; 22.10.1907 Austritt aus dem Judentum und am nächsten Tag Taufe in der evangelischen Heilandskirche; 15.07.1908 Heirat in der Heilandskirche mit Wilhelmine Viktoria; 1927 rief er den ""Sport Kutlruverein Kastner & Öhler"" ins Leben und fungierte als dessen Präsident; bis 1931 wohnhaft im Bezirk Leonhard; von 1931 bis März 1938 wohnhaft in Weg zum Reinerkogel 14, 8010 Graz; nach dem Anschluss 1938 übernahm er in Zagreb die Filiale des Kaufhauses; ab Sommer 1940 traf er sich mit NS-Gegner in Istanbul und unterstützte den Auslandsapparat der KPÖ; im Zuge der Verhaftungswelle gegen führende Funktionäre der KPÖ am 04.05.1941 in Zagreb festgenommen; 07.07.1943 Anklage wegen Vorbereitung zum Hochverrat; 15.01.1945 Einweisung in das KZ Buchenwald; nach der Befreiung stellte er sich den US-Ermittler als Zeuge zur Verfügung; am 04.05.1945 starb er wenige Tage nach der Befreiung an den Folgen der Haft",männlich,nein,o:derla.sty132,"Herbert Birett; DERLA; Gedenkstätte Buchenwald: Franz Öhler. In: https://www.buchenwald.de/geschichte/themen/dossiers/fussball/franz-oehler (am 03.09.2025); Geni; Halbrainer, H./ Lamprecht, G.: „So dass uns Kindern eine durchwegs christliche Umgebung geschaffen war.“ Die Heilandskirche und ihre „Judenchristen“ zwischen 1880 und 1955. Graz 2010, S. 187.; Halbrainer, H.: Opfer rassistischer Verfolgung aus dem Bezirk Geidorf. In: Halbrainer, H./ Lamprecht, G.: Jüdisches Geidorf? Eine historische Spurensuche. Graz 2020, S. 72.",,Bilder online verfügbar unter Gedenkstätte Buchenwald: Franz Öhler. In: https://www.buchenwald.de/geschichte/themen/dossiers/fussball/franz-oehler (am 03.09.2025); als Sterbedatum findet sich neben dem 04.05.1945 (DERLA) auch der 10.05.1945 (Halbrainer/Lamprecht)
225,Panzer,Berta,-,-,"Grimmgasse 28, 8020 Graz",15.41973885,47.08385042,"Floßgasse 9, 1020 Wien",16.37455464,48.21762111,01.01.1874,"Nová Cerekev, Tschechien",-,-,-,-,jüdischeopfer;jüdisch,"Mutter von Panzer Hilde; vor dem 2. Weltkrieg in der Grimmgasse 28, 8020 Graz; während des 2. Weltkriegs in einer Sammelwohnung in der Floßgasse 9, 1020 Wien; 02.11.1941 Deportation von Wien nach Litzmannstadt (Lodz)",weiblich,nein,-,Liste DÖW Auswanderungsfragebogen; DÖW; Auswanderungsfragebogen,,
226,Pollak,Aranka,Stern,-,Graz,-,-,"Schottenring 17/10, 1010 Wien",16.36623741,48.21605276,16.10.1863,"Pécs, Ungarn",28.06.1942,Theresienstadt,14.15064358,50.51089063,jüdischeopfer;jüdisch,"Prokuristin; vor dem 2. Weltkrieg in Graz; 1939 Zwangsübersiedlung nach Wien; während des 2. Weltkriegs in einer Sammelwohnung in Schottenring 17/10, 1010 Wien; 20.06.1942 Deportation von Wien nach Theresienstadt, wo sie starb",weiblich,nein,o:derla.sty502,"DERLA; DÖW; Yad Vashem; Halbrainer, H./ Lamprecht, G./ Rigerl, G.: Orte und Zeichen der Erinnerung. Erinnerungszeichen für die Opfer von Nationalsozialismus und Krieg in der Steiermark. Graz 2018, S. 203.",,als Geburtsdatum wir neben dem 16.10.1863 (DERLA) auch der 02.10.1863 (DÖW; Yad Vashem) angegeben
227,Pollak,Frieda,Heimann,Friederika; Frida,"Mandellstraße 4, 8010 Graz",15.44775397,47.06829626,-,-,-,25.11.1876,"Berlin, Deutschland",31.05.1944,KZ Auschwitz,19.17371606,50.03774115,jüdischeopfer;jüdisch,"Tochter von Heiman Eleazar/Lazarus und Mina, geb. Feilchenfeld; Ehefrau des Grazer Kaufmanns Pollak Adolf; Mutter von Pollak Iganz, Ernst und Gogg Ilse; vor dem 2. Weltkrieg in der Mandellstraße 4, 8010 Graz; sie musste Graz zwangsweise nach Wien verlassen; 1939 Flucht über Italien nach Frankreich; 30.05.1944 Deportation von Drancy nach Auschwitz, wo sie ermordet wurde",weiblich,nein,o:derla.sty485; o:derla.sty492,"DÖW; DERLA; Stolpersteine; Yad Vashem; Geni; Halbrainer, H./ Lamprecht, G./ Rigerl, G.: Orte und Zeichen der Erinnerung. Erinnerungszeichen für die Opfer von Nationalsozialismus und Krieg in der Steiermark. Graz 2018, S. 190",,"laut DERLA 25.11.1876, laut DÖW, Yad Vashem und Geni 25.09.1876 als Geburtsdatum"
228,Pollak,Gustav,-,-,"Rosenberggürtel 48, 8010 Graz",15.44578700,47.08296279,"Ferdinandstraße 13, 1020 Wien",16.38387759,48.21362324,18.03.1877,"Graz, Steiermark",06.11.1942,Theresienstadt,14.15064358,50.51089063,jüdischeopfer;jüdisch,"Sohn von Pollak Leopold und Emilie, geb. Deutsch; Heirat am 29.09.1913 mit Zora, geb. Bergstein; Vater von Zwettels Engelsmann Lotte und Pollak Otto; angesehener Baukommissär, Ingenieur und Hofrat in Graz; die Familie war zunächst wohnhaft in der Klosterwiesgasse 65, 8010 Graz; 1937 Umzug zum Rosenberggürtel 48, 8010 Graz; bis Sommer 1939 wohnhaft in Graz; Sommer 1939 Zwangsübersiedlung nach Wien; während des 2. Weltkriegs in einer Sammelwohnung in der Ferdinandstraße 13, 1020 Wien; 24.09.1942 Deportation von Wien nach Theresienstadt, wo er im November 1942 starb",männlich,nein,o:derla.sty491,"Yad Vashem; DÖW; DERLA; Geni; Pollak, O.: From Graz to Tel Aviv. Graz 2002.; Gussmagg, L.: Von normaler Kindheit ist keine Red. Jüdische Kindheit und Jugend im Graz der Zwischenkriegszeit. Ungedr. Ma.-Arb. Graz 2021.; Halbrainer, H.: Opfer rassistischer Verfolgung aus dem Bezirk Geidorf. In: Halbrainer, H./ Lamprecht, G.: Jüdisches Geidorf? Eine historische Spurensuche. Graz 2020, S. 72f.",,Bild verfügbar unter Geni; als Sterbedatum findet sich neben dem 06.11.1942 (DERLA; DÖW; Geni) auch der 02.11.1942 (Yad Vashem)
229,Pollak,Mathilde,-,Matilde,Graz,-,-,"Czerningasse 14/6, 1020 Wien",16.38887639,48.21505757,01.12.1875,"Güssing, Burgenland",1941,Litzmannstadt (Łódź),19.47854996,51.80257426,jüdischeopfer;jüdisch,"Tochter von Pollak Leopold und Emilie, geb. Deutsch; ledig; vor dem 2. Weltkrieg in Graz; 1939 Zwangsübersiedlung nach Wien; während des 2. Weltkriegs in einer Sammelwohnung in der Czerningasse 14, 1020 Wien; 19.10.1941 Deportation von Wien in das Ghetto Litzmannstadt (Lodz), wo sie ermordet wurde",weiblich,nein,o:derla.sty492,"Yad Vashem; DERLA; DÖW; Geni; Halbrainer, H./ Lamprecht, G./ Rigerl, G.: Orte und Zeichen der Erinnerung. Erinnerungszeichen für die Opfer von Nationalsozialismus und Krieg in der Steiermark. Graz 2018, S. 196.",,als Geburtsdatum wird neben dem 01.12.1875 (Geni) auch das Jahr 1880 (Yad Vashem) angegeben; als Geburtsort findet sich neben Güssing (DERLA) auch Graz (Yad Vashem; Geni)
230,Pollak,Olga,Hajek,-,"Humboldtstraße 30, 8010 Graz",15.44363637,47.07973796,"Kolingasse 4, 1090 Wien",16.36209095,48.21528858,14.06.1877,"Kroměříž, Tschechien",1942,Ghetto Riga,24.11832408,56.94164830,jüdischeopfer;jüdisch,"verheiratet mit Pollak Leopold; während des 1. Weltkriegs Tod von Leopold Pollak durch Flecktyphus; vor dem 2. Weltkrieg in der Humboldtstraße 30, 8010 Graz; im Dezember 1938 gezwungen Graz zu verlassen; während des 2. Weltkriegs in einer Sammelwohnung in der Kolingasse 4, 1090 Wien; 11.01.1942 Deportation von Wien nach Riga, wo sie starb",weiblich,nein,o:derla.sty474,"DERLA; DÖW; Yad Vashem; Halbrainer, H./ Lamprecht, G./ Rigerl, G.: Orte und Zeichen der Erinnerung. Erinnerungszeichen für die Opfer von Nationalsozialismus und Krieg in der Steiermark. Graz 2018, S. 185.; Halbrainer, H.: Opfer rassistischer Verfolgung aus dem Bezirk Geidorf. In: Halbrainer, H./ Lamprecht, G.: Jüdisches Geidorf? Eine historische Spurensuche. Graz 2020, S. 73f.",,
231,Pollak,Zora,Bergstein,-,"Rosenberggürtel 48, 8010 Graz",15.44578700,47.08296279,"Ferdinandstraße 13, 1020 Wien",16.38387759,48.21362324,04.08.1891,"Varaždin, Kroatien",17.05.1944,KZ Auschwitz,19.17371606,50.03774115,jüdischeopfer;jüdisch,"Tochter von Bergstein Sandor (Alexander) und Charlotte, geb. Spitzer; Heirat am 29.09.1913 mit Pollak Gustav; Mutter von Zwettels Engelsmann Lotte und Pollak Otto; Hausfrau; die Familie war zunächst wohnhaft in der Klosterwiesgasse 65, 8010 Graz; 1937 Umzug zum Rosenberggürtel 48, 8010 Graz; bis Sommer 1939 wohnhaft in Graz; Sommer 1939 Zwangsübersiedlung nach Wien; während des 2. Weltkriegs in einer Sammelwohnung in der Ferdinandstraße 13, 1020 Wien; 24.09.1942 Deportation von Wien nach Theresienstadt, wo ihr Mann im November 1942 starb; 16.05.1944 Überstellung von Theresienstadt ins KZ Auschwitz, wo sie unmittelbar nach der Ankunft ermordet wurde ",weiblich,nein,o:derla.sty492,"Yad Vashem; DERLA; DÖW; Geni; Pollak, O.: From Graz to Tel Aviv. Graz 2002.; Gussmagg, L.: Von normaler Kindheit ist keine Red. Jüdische Kindheit und Jugend im Graz der Zwischenkriegszeit. Ungedr. Ma.-Arb.. Graz 2021.; Halbrainer, H.: Opfer rassistischer Verfolgung aus dem Bezirk Geidorf. In: Halbrainer, H./ Lamprecht, G.: Jüdisches Geidorf? Eine historische Spurensuche. Graz 2020, S. 72f.",,Bild verfügbar unter Geni
232,Popper,Otto,-,Oto Poppr,Graz,-,-,-,-,-,09.04.1880,"Lany, Tschechien",1942,KZ Jasenovac,16.92189235,45.27730038,jüdischeopfer;jüdisch,"Sohn von Popper Ludwig und Laura; verheiratet mit Marta, geb. Nardini; vor dem 2. Weltkrieg in Graz; Deportation von Nova Gradiška nach Jasenovac",männlich,nein,-,DÖW; Yad Vashem; Geni,,
233,Preis,Eduard,-,-,"Prankergasse 79, 8020 Graz",15.41867335,47.06863112,-,-,-,07.09.1892,"Neunkirchen, Niederösterreich",13.02.1941,KZ Buchenwald,11.24944041,51.02172998,jüdischeopfer;jüdisch,"verheiratet mit Preis Anna; vor dem 2. Weltkrieg in der Prankergasse 79, 8020 Graz; 25.06.1938 Deportation nach Dachau; 23.09.1938 Überstellung von Dachau nach Buchenwald, wo er ermordet wurde",männlich,nein,-,DÖW; Auswanderungsfragebogen; Geni,,
234,Preis,Moritz,-,-,"Prankergasse 79, 8020 Graz",15.41867335,47.06863112,-,-,-,07.09.1892,"Neunkirchen, Niederösterreich",-,-,-,-,jüdischeopfer;jüdisch,"vor dem 2. Weltkrieg in der Prankergasse 79, 8020 Graz; während des 2. Weltkriegs in der Favoritenstraße 155, 1110 Wien; 20.10.1939 Deportation von Wien nach Nisko",männlich,nein,-,Liste DÖW Auswanderungsfragebogen; DÖW,,
235,Preis,Otto,-,Preiss; Otto Khaskel Preis,Graz,-,-,-,-,-,15.11.1919,"Graz, Steiermark",12.10.1941,Zasavica bei Sabac,19.52591103,44.95876830,jüdischeopfer;jüdisch,"Sohn von Preis Arthur und Paula, geb. Hermann; Bruder von Stuchiner Hilda und Preis Fritz Zeev; Zimmermann; vor dem 2. Weltkrieg in Graz; während des zweiten Weltkrieg in Haasgasse 16/7, 1020 Wien; vermutlich Anschluss an den Kladovo-Transport, da er, wie auch die übrigen Männer des Kladovo-Transportes, am 12.10.1941 in Zasavica bei Sabac ermordet wurde",männlich,nein,-,Yad Vashem; DÖW; Geni,,unklar seit wann wohnhaft in der Haasgasse 16/7 Wien
236,Preiss,Julius,-,Preis; Preisz,"Brockmanngasse 66, 8010 Graz",15.44535375,47.06271068,"Fechtergasse 19/25, 1090 Wien",16.35977756,48.22678511,24.04.1883,"Obersiebenbrunn, Niederösterreich",26.05.1942,Maly Trostinec,27.70358964,53.83507935,jüdischeopfer;jüdisch,"Sohn von Preiss Jakob und Sali, geb. Mandler; verheiratat mit Rosa, geb. Winternitz; Vater von Preis Grete und Siegfried; bis 1897 in Wien wohnhaft; seit 03.06.1907 in Graz wohnhaft; Kaufmann in Graz; vor dem 2. Weltkrieg wohnhaft in der Brockmanngasse 66, 8010 Graz; während des 2. Weltkriegs in der Fechtergasse 19/25, 1090 Wien; 20.05.1942 Deportation von Wien nach Maly Trostinec, wo er ermordet wurde",männlich,nein,-,Liste DÖW Auswanderungsfragebogen; DÖW; Auswanderungsfragebogen; Geni,,als Geburtsdatum wird neben dem 24.04.1883 (Auswanderungsfragebogen) auch der 16.04.1883 (DÖW; Geni) angegeben
237,Preiss,Rosa,Winternitz,Preis; Preisz,"Brockmanngasse 66, 8010 Graz",15.44535375,47.06271068,"Fechtergasse 19/25, 1090 Wien",16.35977756,48.22678511,30.10.1882,"Písečné u Slavonic, Tschechien",26.05.1942,Maly Trostinec,27.70358964,53.83507935,jüdischeopfer;jüdisch,"Tochter von Winternitz Philipp und Rosalia, geb. Österreicher; verheiratat mit Preis Julius; Mutter von Preis Grete und Siegfried; vor dem 2. Weltkrieg wohnhaft in der Brockmanngasse 66, 8010 Graz; während des 2. Weltkriegs in der Fechtergasse 19/25, 1090 Wien; 20.05.1942 Deportation von Wien nach Maly Trostinec, wo sie ermordet wurde",weiblich,nein,-,Liste DÖW Auswanderungsfragebogen; DÖW; Auswanderungsfragebogen; Geni,,als Geburtsdatum findet sich neben dem 29.10.1882 (DÖW; Geni) auch der 30.10.1882 (Auswanderungsfragebogen Julius) und das Jahr 1883 (Auswanderungsfragebogen Siegfried)
238,Propst,Jakob ,-,Jakob Probst; Jacques,Graz,-,-,"Pazmanitengasse 4/9, 1020 Wien",16.38457649,48.22025676,30.12.1885,"Wien, Österreich",09.10.1942,Maly Trostinec,27.70358964,53.83507935,jüdischeopfer;jüdisch,"Sohn von Propst Tobias Chaim Tewel und Josefine, geb. Grünmandel; verheiratet mit Szerene, geb. Paskusz; Vater von Zylberberg Olga, Propst Friedrich und Propst Artur; Geschäftsmann; laut Auswanderungsfragebogen der Ehefrau Szerene aus dem Jahr 1938 bereits seit 5 Jahren geschieden; 2. Ehe mit Ernestine ""Erna"" Propst (?); vor dem 2. Weltkrieg in Graz; während des 2. Weltkriegs in Sammelwohung in Pazmanitengasse 4/9, 1020 Wien; 05.10.1942 Deportation von Wien nach Maly Trostinec, wo er ermordet wurde",männlich,nein,-,Yad Vashem; DÖW; Geni; Auwanderungsfragebogen von geschiedener Frau Szerene Propst,,Bild verfügbar unter DÖW; Familienverhältnisse unklar mit Erna und Szerene Propst
239,Prucker,Ettel,Körner,Ettel Entner; Ettel Prucker-Entner,"Leitnergasse 2, 8010 Graz",15.43732667,47.05894925,"Nickelgasse 4/19, 1020 Wien",16.37522627,48.21793862,03.09.1886,"Boryslaw, Ukraine",04.09.1942,Maly Trostinec,27.70358964,53.83507935,jüdischeopfer;jüdisch,"Tochter von Körner Chaim Loeb und Feige, geb. Eisenstein; verheiratet mit Prucker Israel; Ältere Schwester von Dortort Anna Channa Rechla; von 17.10.1915 bis 17.12.1938 wohnhaft in der Leitnergasse 2, 8010 Graz; danach Zwangsumsiedlung in eine Sammelwohnung in der Zweiglgasse 14b; am 17.03.1939 wurde Ettel behördlich abgemeldet und kurz darauf ihr Nachname auf Entner geändert; Zwangsumsiedlung in die Nickelgasse 4/19, 1020 Wien; 31.08.1942 Deportation von Wien nach Maly Trostinec, wo sie ermordet wurde",weiblich,nein,o:derla.sty381,Yad Vashem; DÖW; DERLA; Stolpersteine; Geni,,als Geburtsdatum wird neben dem 03.08.1884 in Boryslav (DERLA; Stolpersteine; Geni) auch das Jahr 1888 in Drohobycz (Yad Vashem) angegeben
240,Prucker,Frieda,-,Friedel Prucker; Frida,"Ungergasse 16/1, 8020 Graz",15.42558803,47.06730224,-,-,-,14.10.1920,"Graz, Steirmark",-,KZ Sajmište (Belgrad),20.44137228,44.81072704,jüdischeopfer;jüdisch,"Tochter von Prucker (Kandl) Moses (Erich) und Bronislava, geb. Gelbard; Hausgehilfin; ledig; vor dem 2. Weltkrieg in der Ungergasse in Graz; Flucht nach Jugoslawien; während des 2. Weltkriegs in Jugoslawien; in Jugoslawien von den Nazis eingeholt in Sajmište ermordet",weiblich,nein,-,"Yad Vashem; DÖW; Auswanderungsfragebogen; Geni; Lamprecht, G.: Muni Weinberg. Das erste Opfer des Münchner Olympia-Attentates 1972. Eine biographische Annäherung. Graz 2022, S. 19-24.",,als Sterbeort findet sich neben Sajmište (DÖW; Yad Vashem; Geni; Lamprecht) auch Šabac (Yad Vashem)
241,Prucker,Israel,-,Srul Prucker-Entner,"Leitnergasse 2, 8010 Graz",15.43732667,47.05894925,"Zweiglgasse 14b, 8020 Graz ",15.43250943,47.06516463,08.10.1884,"Drohobycz, Ukraine",1942,-,-,-,jüdischeopfer;jüdisch,"Sohn von Prucker Barisch und Stary, geb. Sambor; verheiratet mit Ettel, geb. Körner; von 17.10.1915 bis 17.12.1938 wohnhaft in der Leitnergasse 2, 8010 Graz; er führte ein Textil- und Manufakturgeschäft am Lendplatz 7, 8020 Graz; 17.12.1938 offiziell abgemeldet; wahrscheinlich danach wohnhaft in einer Sammelwohnung in der Zweiglgasse 14b; Flucht nach Jugoslawien; nach dem Überall der Wehrmacht im April 1941 von den Nationalsozialisten eingeholt und 1942 ermordet",männlich,nein,o:derla.sty382,"Yad Vashem; DERLA; Stolpersteine; Geni; Lamprecht, G.: Muni Weinberg. Das erste Opfer des Münchner Olympia-Attentates 1972. Eine biographische Annäherung. Graz 2022, S. 19-24.",,als Geburtsdatum wird neben dem 08.09.1884 in Drohobycz (DERLA; Stolpersteine) auch der 15.09.1884 in Staryi Sambir (Geni) und das Jahr 1888 in Drohobycz (Yad Vashem) angegeben
242,Prucker,Samuel,-,-,Graz,-,-,-,-,-,-,-,-,-,-,-,jüdischeopfer;jüdisch,vor dem 2. Weltkrieg in Graz,männlich,nein,-,DÖW; Yad Vashem; Geni,,"kaum Informationen, alle von DÖW übernommen: Wohnort Graz"
243,Rachmuth,Ernst,-,-,"Morellenfeldgasse 26, 8010 Graz",15.45313581,47.06998711,-,-,-,06.08.1914,"Rădăuți, Rumänien",1942,Mohyliw-Podilskyj,27.79500774,48.45207559,jüdischeopfer;jüdisch,"Sohn von Rachmuth Friedrich und Charlotte, geb. Kern; Oktober 1937 Heirat mit Amelie (Mela), geb.  Silberstein; Medizinstudent in Graz; zunächst ein Semester an der Universität Klausenburg; ab Herbst 1934 zum Studium in Graz; in Graz wohnhaft in der Morellenfelgasse 26, 8010 bzw. bei der Familie seiner Frau in der Conrad von Hötzendorfstraße 3, 8010 Graz; nach dem ""Anschluss"" 1938 kann er nicht in Graz weiterstudieren; April 1938 Rückkehr mit seiner Frau nach Rădăuți; 1941 Verhaftung in Rădăuți im Zuge der Verfolgungsmaßnahmen gegen Juden; Deportation in das rumänische Durchgangslager Mohyliw-Podilskyj, wo er 1942 erschossen wird; von seiner Frau Amelie fehlt seither jede Spur",männlich,nein,-,"Geni; Halbrainer, H.: Vom „Modehaus Markus Silberstein“ zum „Volksbekleidungshaus“. In: Halbrainer, H./ Lamprecht, G.: Jüdischer Lend. Eine Spurensuche. Graz 2024, S. 143-150.; Kernbauer, A.: Der Nationalsozialismus im Mikrokosmos. Die Universität Graz 1938. Analyse - Dokumentation - Gedenkbuch. Graz 2019, S. 331f.",,"unklar, ob zuletzt in Graz in der Morrellenfeldgasse 26, 8010 Graz oder in der Conrad von Hötzendorfstraße 3, 8010 Graz wohnhaft"
244,Ransburg,Irene ,-,Irene Ida Maria Ransburg; Irene Ranschburg,"Leonhardstraße 130, 8010 Graz (Odilien-Institut)",15.46407339,47.07785938,-,-,-,20.11.1898,"Graz, Steiermark",1944,KZ Auschwitz,19.17371606,50.03774115,jüdischeopfer;als Jude verfolgt,"Tochter von Ransburg Ludwig und Dora, geb. Gottlieb; ledig; nach 1900 ließen sich Eltern scheiden und Vater ging nach Ungarn; Mutter beging im Jahr 1916 Selbstmord; wohl wegen trister wirtschaftlicher Verhältnisse wurde sie der Pflegefamilie Brix in St. Ruprecht a. d. Raab gegeben, katholisch erzogen und trat aus dem Judentum aus; Besuch der Handelsschule in Graz; mit 16 Jahr schwer am Usher-Syndrom erkrankt; Verlust der Seh- und Hörfähigkeit; ab 1915 aufgrund der Taub- und Blindheit in der Odilien-Blindenanstalt in Graz; künstlerische Beschäftigung in dieser Zeit; nach eine Verrat am 21.09.1944 holte die Gestapo sie als ""Jüdin"" und überstellte sie nach Theresienstadt; 23.10.1944 Überstellung von Theresienstadt nach Auschwitz, wo sie in den Gaskammern umgebracht wurde",weiblich,nein,o:derla.sty133; o:derla.sty383,"Yad Vashem; DERLA; Stolpersteine; DÖW; Geni; Jandl, M./ Roth, B.: UND WÄR’ DIE GANZE WELT IN FLAMMEN. Irene Ransburg und Gisela Kaufmann. Zwei blinde Frauen zwischen Selbstbestimmung, Lyrik und NS-Verfolgung. Graz 2024.",,"Bilder verfügbar unter Stolpersteine; Bilder verfügbar in Jandl, M./ Roth, B.: UND WÄR’ DIE GANZE WELT IN FLAMMEN. Irene Ransburg und Gisela Kaufmann. Zwei blinde Frauen zwischen Selbstbestimmung, Lyrik und NS-Verfolgung. Graz 2024."
245,Rechnitzer,Elsa,-,-,Graz (Krefelderstraße 64),-,-,"Czerningasse 23/19, 1020 Wien",16.38954594,48.21581953,16.08.1896,"Körmend, Ungarn",-,-,-,-,jüdischeopfer;jüdisch,"Tochter von Rechnitzer Max und Francziska, geb. Blau; Beamtin; vor dem 2. Weltkrieg in Graz; 1939 Zwangsumsiedlung nach Wien; zuletzt wohnhaft in einer Sammelwohnung in der Czerningasse 23/19,1020 Wien; 10.09.1942 Deportation von Wien nach Theresienstadt; 23.01.1943 Überstellung von Theresienstadt nach Auschwitz",weiblich,nein,-,Verzeichnis der von Graz nach Wien übersiedelten Juden; DÖW; Yad Vashem; Geni,,als Geburtsort findet sich neben Körmend (DÖW; Yad Vashem) auch Graz (Geni)
246,Rechnitzer,Elvira,-,-,Graz (Krefelderstraße 64),-,-,"Czerningasse 23, 1020 Wien",16.38954594,48.21581953,28.05.1878,"Körmend, Ungarn",-,-,-,-,jüdischeopfer;jüdisch,"Tochter von Rechnitzer Max und Francziska, geb. Blau; Angestellte; vor dem 2. Weltkrieg in Graz; 1939 Zwangsumsiedlung nach Wien; zuletzt wohnhaft in der Czerningasse 23/19,1020 Wien; 19.02.1941 Deportation von Wien nach Kielce",weiblich,nein,-,Verzeichnis der von Graz nach Wien übersiedelten Juden; DÖW; Yad Vashem; Geni,,
247,Reich,Georg,-,-,Graz,-,-,-,-,-,-,"Kcynia, Polen",-,-,-,-,jüdischeopfer;jüdisch,Sohn von Reich Luis und Eva; ledig; vor und während des 2. Weltkriegs in Graz,männlich,nein,-,Yad Vashem; Geni,,kaum Informationen
248,Reich,Oskar ,-,-,"Volksgartenstraße 18, 8020 Graz",15.42951933,47.07310778,"Färbergasse 2, 8010 Graz",15.43869230,47.07191868,18.07.1886,"Wien, Österreich",14.09.1942,KZ Auschwitz,19.17371606,50.03774115,jüdischeopfer;jüdisch,"Sohn von Reich Adalbert und Theresia, geb. Friedmann; vermutlich erstmals in Graz ab 1893; Besuch des Keplergymnasiums in Graz; ab 1904 Chemistudium in der Technischen Hochschule Graz; tätig als Schriftführer in der jüdischen Studentenverbindung ""Charitas""; Soldat im 1. WK; von 1915 bis 1920 Kriegsgefangener in Russland; ledig; ausgebildeteter Ingeniuer-Chemiker; zuletzt tätig als Mineralölhändler und gerichtlicher Sachverständiger für Treibstoffe; bis 1938 in der Volksgartenstraße 18, 8020 Graz; zwischen 1938 und 1939 in Dachau (? Auswanderungsfragebogen); 1939 wohnhaft in Färbergasse 2, 8010 Graz (unfreiwillig?); während 2. WK zwischenzeitlich in Genua (Yad Vashem); 04.09.1942 Deportation von Drancy nach Auschwitz, wo er ermordet wurde",männlich,nein,-,"DÖW; Yad Vashem; Auswanderungsfragebogen; Wäger, H.: Jüdische Schüler:innen im Bezirk Lend. In: Halbrainer, H./ Lamprecht, G.: Jüdischer Lend. Eine Spurensuche. Graz 2024, S. 49f.",,"Bild verfügbar in Wäger, H.: Jüdische Schüler:innen im Bezirk Lend. In: Halbrainer, H./ Lamprecht, G.: Jüdischer Lend. Eine Spurensuche. Graz 2024, S. 50.; laut Auswanderungsfragebogen 1939 wohnhaft in Färbergasse 2, 8010 Graz (erzwungener Wohnort?) und bis 1938 wohnhaft in Volksgartenstraße 18, 8020 Graz"
249,Rendi (Rosenbaum),Simon,-,-,"Joanneumring 5, 8010 Graz",15.44101292,47.06740573,-,-,-,04.03.1864,"Nové Mesto nad Váhom, Slowakei",11.01.1942,KZ Jasenovac,16.92189235,45.27730038,jüdischeopfer;jüdisch,"Sohn von Rosenbaum Moritz und Ilona, geb. Schreiber; verheiratet mit Rosa Sara, geb. Schwarz; 1892 Gründung des in der ganzen Monarchie bekannden Tuchhandelshauses Rendi in Graz; von Alexander Zerkowitz Bauausfürhung des Geschäfts- und Wohnhauses am Joanneumring 5, 8010 Graz für Simon Rendi; von 1912 bis 1928 Präsident der Jüdischen Gemeinde Graz; vor dem 2. Weltkrieg in Graz; nach der Machtübernahme der Nationalsozialisten Flucht nach Zagrab; während des 2. Weltkriegs in Zagreb; ",männlich,nein ,o:derla.sty493,"Yad Vashem; DÖW; DERLA; Geni; Senarclens de Grancy, A.: Alexander Zerkowitz (Wien 1860-1927 Graz). In: Senarclens de Grancy, A./ Zettelbauer, H. (Hrsg.): Architektur, Vergessen. Jüdische Architekten in Graz. Wien/Köln/Weimar, 2011, S. 233-246.; Halbrainer, H./ Lamprecht, G./ Rigerl, G.: Orte und Zeichen der Erinnerung. Erinnerungszeichen für die Opfer von Nationalsozialismus und Krieg in der Steiermark. Graz 2018, S. 197.",,als Geburtsdatum wird neben dem 04.03.1864 (DERLA; Yad Vashem; Geni) auch der 04.03.1867 (DÖW) angegeben
250,Rosenberg,Gisella,-,Gizela Rozenberg,Graz,-,-,-,-,-,-,Ungarn,-,-,-,-,jüdischeopfer;jüdisch,verheiratet mit Rosenbaum Jakob; Hausfrau; vor  dem 2. Weltkrieg in Graz; während des 2. Weltkriegs in Graz,weiblich,nein,-,Yad Vashem; Geni,,kaum Informationen vorhanden
251,Rosenberg,Jakob ,-,Jakab Rozenberg; Yaakov; Jacob,Graz,-,-,-,-,-,-,Ungarn,-,-,-,-,jüdischeopfer;jüdisch,verheiratet mit Gisella; tätig als Lebensmittelhändler; vor dem 2. Weltkrieg in Graz; während des 2. Weltkriegs in Ungarn,männlich,nein,-,Yad Vashem; Geni,,kaum Informationen vorhanden
252,Rosenberg,Josef,-,-,Graz,-,-,-,-,-,31.03.1884,"Czernowitz, Ukraine",1943,KZ Lublin-Majdanek,22.60613393,51.22527327,jüdischeopfer;jüdisch,"Sohn von Rosenberg Salomon und Ruchel, geb Schapira; 1. Ehe mit Sali, geb. Grumer; aus dieser Ehe Vater von Rosenberg Benno, Salo und Hermann Leo; 1927 Tod der Ehefrau Sali; 2. Ehe mit Hermine Aloisia, geb. Loder; Kaufmann in Graz; vor dem 2. Weltkrieg in Graz; während des 2. Weltkriegs in Châteauneuf-la-Forêt, Frankreich",männlich,nein,-,Yad Vashem; Geni,,
253,Rosenberg,Samuel,-,-,Graz,-,-,-,-,-,11.09.1865,"Rechnitz, Burgenland",1943,-,-,-,jüdischeopfer;jüdisch,"Sohn von Rosenberg Anton und Rosalia, geb. Stern; Vater von Rosenberg Adolf, Karl, Pesing Elsa, Winkler Wilma und Flamm Marie; Kaufmann; vor dem 2. Weltkrieg in Graz; 1939 Zwangsumsiedlung nach Wien; unbekannter Sterbeort",männlich,nein,o:derla.sty499,"DERLA; Geni; Halbrainer, H./ Lamprecht, G./ Rigerl, G.: Orte und Zeichen der Erinnerung. Erinnerungszeichen für die Opfer von Nationalsozialismus und Krieg in der Steiermark. Graz 2018, S. 201.",,
254,Rosenberger ,Ernst,-,-,Graz,-,-,-,-,-,13.01.1891,"Stadtschlaining, Burgenland",1941,KZ Jasenovac,16.92189235,45.27730038,jüdischeopfer;jüdisch,"Sohn von Rosenberger Alexander und Rosa, geb. Steiner; verheiratet mit Rosenberger Lily, geb. Lustig; Vater von Russel (Rosenberger) Axel; Grazer Fabrikant; vor dem 2. Weltkrieg in Graz; laut Geni in Jasenovac ermordet",männlich,nein,-,Stolperstein von Axel Rosenberger; DERLA von Axel Rosenberger; Geni,,
255,Rosenfeld,Grete ,-,Greta Rozenfeld,Graz,-,-,"Eßlinggasse 13/10, 1010 Wien",16.37017679,48.21602688,10.03.1894,Tschechoslowakei,-,-,-,-,jüdischeopfer;jüdisch,"ledig; tätig als Lehrerinvor dem 2. Weltkrieg in Graz; während des 2. Weltkriegs in einer Sammelwohnung in der Eßlinggasse 13/10, 1010 Wien; 26.01.1942 Deportation on Wien nach Riga",weiblich,nein,-,Yad Vashem; DÖW; Geni,,
256,Rosner,Gisela,Strimpfel,Gisèle Rosner,"Rechbauerstraße 16, 8010 Graz",15.45159549,47.06909184,-,-,-,21.03.1892,"Ostrava, Tschechien",04.09.1942,KZ Auschwitz,19.17371606,50.03774115,jüdischeopfer;jüdisch,"Tochter von Strimpfel Arnold und Rosa; Heirat am 10.09.1923 in Privc mit Rosner Norbert Hans; Mutter von Rosner Ernst Arnold; Stiefmutter von Monis Erna, Fritz; vor dem 2. Weltkrieg in der Rechbaurstraße 16, 8010 Graz; 1939 Flucht der Familie über die Schweiz nach Abbeville, Frankreich; weitere Flucht nach Vinezac und Paris, 02.09.1942 Deportation mit Transport 27 von Drancy nach Auschwitz, wo sie und ihre Ehemann ermordet wurden",weiblich,nein,-,DÖW; Yad Vashem; Stolperstein von Ernst Rosner; Auswanderungsfragebogen; Geni,,
257,Rosner,Norbert Hans,-,Naftali Henech,"Rechbauerstraße 16, 8010 Graz",15.45159549,47.06909184,-,-,-,11.09.1884,"Przemyśl, Polen",04.09.1942,KZ Auschwitz,19.17371606,50.03774115,jüdischeopfer;jüdisch,"Sohn von Rosner Chaje; 1. Heirat am 10.09.1911 in Graz mit Sophie, geb. Weiss; 2. Heirat am 10.09.1923 in Privc mit Gisela, geb. Strimpel; aus erster Ehe Vater von Monis Erna und Fritz; aus zweiter Ehe Vater von Ernst Arnold; Kaufmann; zunächst Manufakturwarengeschäft in der Gleisdorfer Gasse 17; danach Modegeschäft in der Reitschulgasse 10; nach Konkurs Geschäft für Textilien-,Konfektions- und Wirkwaren in der Reitschulgasse 10; vor dem 2. Weltkrieg in der Rechbauerstraße 16, 8010 Graz; während der Novemberprogrome in Graz verhaftet und ins KZ Dachau deportiert, von wo er am 16.12.1938 entlassen wurde; zweite Verhaftung im Mai 1939; danach Flucht der Familie über die Schweiz nach Abbeville, Frankreich; weitere Flucht nach Vinezac und Paris; 02.09.1942 Deporation mit Tansport 27 von Drancy nach Auschwitz, wo er und seine Ehefrau ermordet wurden",männlich,nein,-,DÖW; Yad Vashem; Stolperstein von Ernst Rosner; Auswanderungsfragebogen; Geni,,"als Geburtsdatum findet sich neben dem 11.09.1884 (DÖW, Auswanderungsfragebogen, Geni) auch der 11.09.1886 (Yad Vashem)"
258,Roth,Amalie,Bendiner,Amelie; Amalia,"Strauchergasse 8, 8020 Graz",15.42832448,47.07218621,-,-,-,03.08.1907,"Graz, Steiermark",-,KZ Auschwitz,19.17371606,50.03774115,jüdischeopfer;jüdisch,"Tochter von Bendiner Alois und Julie, geb. Haas; verheiratet mit Roth N.N.; Ärztin in Graz; nach dem Anschluss Flucht nach Frankreich; während des 2. Weltkriegs in Frankreich; Festnahme in Frankreich im Sommer 1942;  09.09.1942 Deportation von Drancy nach Auschwitz, wo sie ermordet wurde",weiblich,nein ,o:derla.sty490,"DÖW; Yad Vashem; DERLA; Auswanderungsfragebogen; Geni; Halbrainer, H./ Lamprecht, G./ Rigerl, G.: Orte und Zeichen der Erinnerung. Erinnerungszeichen für die Opfer von Nationalsozialismus und Krieg in der Steiermark. Graz 2018, S. 194.; Lang, M.: Im Spanischen Bürgerkrieg 1936 bis 1939. In: Halbrainer, H./ Lamprecht, G.: Jüdischer Gries. Eine Spurensuche. Graz 2022, S. 228.",,
259,Samek,Hermann,-,-,"Wielandgasse 32, 8010 Graz",15.43966499,47.06347455,"Herminengasse 23/10, 1020 Wien",16.37570546,48.21857750,12.02.1881,"Wien, Österreich",-,-,-,-,jüdischeopfer;jüdisch,"Sohn von Samek Isaak Ignatz und Franciska Fanny, geb. Friedmann; verheiratet mit  Kornelia; Vater von Samek Oskar und Ernst; Graphologe; von Geburt bis 1932 in Wien wohnhaft; vor dem 2. Weltkrieg in der Wielandgasse 32, 8010 Graz; ab Juli 1938 wieder in Wien wohnhaft; während des 2. Weltkriegs in der Herminengasse 23/10, 1020 Wien; 02.11.1941 Deportation von Wien nach Litzmannstadt (Lodz)",männlich,nein,-,Liste DÖW Auswanderungsfragebogen; DÖW; Yad Vashem; Auswanderungsfragebogen; Geni,,
260,Samek,Kornelia,-,Cornelie,"Wielandgasse 32, 8010 Graz",15.43966499,47.06347455,"Herminengasse 23/10, 1020 Wien",16.37570546,48.21857750,14.06.1888,"Oslany, Slowakei",-,-,-,-,jüdischeopfer;jüdisch,"verheiratet mit Samek Hermann; Mutter von Samek Oskar und Ernst; vor dem 2. Weltkrieg in der Wielandgasse 32, 8010 Graz; während des 2. Weltkriegs in der Herminengasse 23/10, 1020 Wien; 02.11.1941 Deportation von Wien nach Litzmannstadt (Lodz)",weiblich,nein,-,Liste DÖW Auswanderungsfragebogen; DÖW; Auswanderungsfragebogen,,
261,Samek,Oskar ,-,-,"Wielandgasse 32, 8010 Graz",15.43966499,47.06347455,"Herminengasse 23/10, 1020 Wien",16.37570546,48.21857750,07.06.1923,"Wien, Österreich",-,-,-,-,jüdischeopfer;jüdisch,"Sohn von Samek Hermann und Kornelia; vor dem 2. Weltkrieg in der Wielandgasse 32, 8010 Graz; während des 2. Weltkriegs in der Herminengasse 23/10, 1020 Wien; 02.11.1941 Deportation von Wien nach Litzmannstadt (Lodz)",männlich,ja,-,Liste DÖW Auswanderungsfragebogen; DÖW; Yad Vashem; Auswanderungsfragebogen,,
262,Schkolnik,Aron,-,"""Adolf""","Lagergasse 89, 8020 Graz",15.43339641,47.05958263,-,-,-,29.04.1879,"Lipkau bei Chotin, Ukraine",-,-,-,-,jüdischeopfer;jüdisch,"Sohn von Schkolnik Itzig Jerichimowitsch und Scheindel Schmilowna; 17.08.1900 Heirat mit erster Frau Rebekka, geb. Wachs; Vater von Samuel, Helene und Grete; ab ca. 1919 in Graz; 16.06.1921 Tod von Ehefrau Rebekka; ab August 1921 in Lagergasse 89, 8020 Graz; Heirat in zweiter Ehe am 18.02.1922 mit Chane Beile, geb. Szreier; Besitzer des Warenhauses ""A.Scholnik & Sohn Textil- und Konfektionshandel"" in der Elisabethinergasse 32, 8020 Graz; Deportation von Stanislau in unbekanntes Lager; noch im Jahr 1938 nach der Enteignung verliert sich ihre Spur; nach dem Tod wurden Aron und Chane Beile Schkolnik für tot erklärt",männlich,nein ,o:derla.sty394,DÖW; DERLA; Stolpersteine;  Yad Vashem; Auswanderungsfragebogen; Geni,,Bild verfügbar unter Stolpersteine; Bild verfügbar unter Yad Vashem; als Geburtsdatum wird neben dem 29.04.1879 (DÖW; DERLA; Stolpersteine; Auswanderungsfragebogen) auch der 29.04.1882 (Yad Vashem) angegeben
263,Schkolnik,Chane Beile,Szreier,"fälschlich ""Anna""; Szkolnik","Lagergasse 89, 8020 Graz",15.43339641,47.05958263,-,-,-,28.07.1892,"Zagwozdz, Ukraine",-,-,-,-,jüdischeopfer;jüdisch,"Tochter von Silber Elias und Szreier Sara, geb. Hönigsberg; Heirat in erster Ehe am 02.02.1914 in Graz mit Diamand David Saul; Mutter von Storfer Klothilde, geb. Diamand; früh verwitwet; Heirat in zweiter Ehe am 18.02.1922 mit Schkolnik Aron; Flucht mit Mann nach der Enteignung durch Nationalsozialisten; noch im Jahr 1938 nach der Enteignung verliert sich ihre Spur; nach dem Tod wurden Aron und Chane Beile für tot erklärt",weiblich,nein,o:derla.sty395,DÖW; DERLA; Stolpersteine; Yad Vashem; Auswanderungsfragebogen; Geni,,"Bild online verfügbar unter Yad Vashem; Stolpersteine gibt zu Geburtsdatum folgendes an: Laut Meldezettel / Grazer Meldeamt: am 28. Juli 1892 (voriger Eintrag: „18. Mai 1892“ durchgestrichen), laut Meldezettel des Stadtarchivs am 18. Mai 1892, laut Yad Vashem-Eintrag: 1897; laut Auswanderungsfragebogen 25.7.1892 als Geburtsdatum; laut Yad Vashem 18.05.1894"
264,Schlesinger,Ilona,-,Shlezinger,"Mondscheingasse 1, 8010 Graz",15.44498180,47.06679313,"Krafftgasse 6, 1020 Wien",16.37294938,48.22216520,31.10.1887,"Graz, Steiermark",16.08.1943,Theresienstadt,14.15064358,50.51089063,jüdischeopfer;jüdisch,"Tochter von Schlesinger Josef und Fanny, geb. Wechsler; vor dem 2. Weltkrieg wohnhaft in der Mondscheingasse 1, 8010 Graz; Zwangsumsiedlung nach Wien; während des 2. Weltkriegs in einer Alterswohngemeinschaft in der Krafftgasse 6, 1020 Wien; 24.09.1942 Deportation von Wien nach Theresienstadt, wo sie ermordet wurde",weiblich,nein,-,DÖW; Yad Vashem; Geni,,unbekannter Wohnort
265,Schlosser,Charlotte,-,Karlotte; Schlösser; Schloesser,"Griesplatz 28, 8020 Graz",15.43117238,47.06572355,-,-,-,16.03.1909,"Graz, Steiermark",25.01.1943,KZ Auschwitz,19.17371606,50.03774115,jüdischeopfer;jüdisch,"Tochter von Schlosser Raimund (Rachmiel) und Miria, geb. Suppan; ledig; tätig als Kindermädchen; bis mindestens Juni 1938 wohnhaft am Grießplatz 28, 1. Stock; 8020 Graz; während des 2. Weltkriegs in den Niederlanden; 22.01.1943 Deportation von Westerbork nach Auschwitz, wo sie am 25.01.1943 ermordet wurde",weiblich,nein,-,Yad Vashem; DÖW; Auswanderungsfragebogen; Geni,,
266,Schnee,Alfred,-,-,"Leonhardstraße 42/2, 8010 Graz",15.45353365,47.07292596,-,-,-,06.07.1913,"Wien, Österreich",-,KZ Jasenovac,16.92189235,45.27730038,jüdischeopfer;jüdisch,Sohn von Schnee Michael und Berta; Bruder von Schnee Helene; wohnhaft in Graz seit 1927; tätig als freier Musiker; Deportation von Zagreb nach Jasenovac,männlich,nein,-,DÖW; Auswanderungsfragebogen,,
267,Schön,Richard,-,-,Graz,-,-,-,-,-,07.04.1884,"Uherský Brod, Tschechien",1943,Polen,-,-,jüdischeopfer;jüdisch,"Sohn von Schön Max und Betti, geb. Brammer; verheiratet mit Schön Eva, geb. Völkl; Vater von Schön Friederike und Max; Kaurmann in Graz; vor dem 2. Weltkrieg in Graz; während des 2. Weltkriegs in Brünn und Prag; 08.02.1942 Deporatation von Prag nach Theresienstadt; 18.04.1942 Überstellung von Theresienstadt nach Rejowiec",männlich,nein,-,Stolperstein von Max Schön; DERLA von Max Schön; DÖW; Yad Vashem; Geni,,Bild online verfügbar unter Geni; laut Yad Vashem wurde er 1943 in Polen ermordet
268,Schwarz,Anna Sara Chana,Feuerstein,Anna; Anna Sara Khana; Chane; Sara Chana,"Zweiglgasse 4, 8020 Graz",15.43347462,47.06449918,"Floßgasse 8/31, 1020 Wien",16.37487186,48.21667652,09.01.1878,"Drohobycz, Ukraine",-,-,-,-,jüdischeopfer;jüdisch,"Tochter von Feuerstein Leib und Lea, geb. Koch; verheiratet mit Schwarz Moritz (Moses); Mutter von Rothstein Fanny; Hausfrau; bis zumindest Juni 1938 wohnhaft in der Zweiglgasse 4, 8020 Graz; während des 2. Weltkriegs in einer Alterswohngemeinschaft in der Floßgasse 8/31, 1020 Wien; 06.02.1942 Deportation von Wien nach Riga",weiblich,nein,-,Yad Vashem; DÖW; Auswanderungsfragebogen von Ehemann Moritz; Geni,,"als Geburtsdatum wird neben dem 09.01.1878 (Auswanderungsfragebogen) auch der 28.12.1877 (DÖW),  der 29.12.1877 (Geni) und das Jahr 1882 (Yad Vashem) angegeben"
269,Schwarz,Emma,-,-,Graz,-,-,"Seegasse 9, 1090 Wien",16.36356166,48.22342817,23.08.1899,"Boryslaw, Ukraine",23.09.1942,Theresienstadt,14.15064358,50.51089063,jüdischeopfer;jüdisch,"Tochter von Schwarz Jakob und Judit Debora, geb. Silberschlag; ledig; Unternehmerin; vor dem 2. Weltkrieg in Graz; während des 2. Weltkriegs in der Seegasse 9, 1090 Wien; 27.08.1942 Deportation von Wien nach Theresienstadt",weiblich,nein,-,Yad Vashem; DÖW; Geni,,Bild und Gedenkbrief der Nichte Laura verfügbar unter Yad Vashem
270,Schwarz,Ettel,-,Emma,"Mariahilfer Straße 11, 8020 Graz",15.43340396,47.07195688,"Große Schiffgasse 3, 1020 Wien",16.37527219,48.21642325,06.08.1871,"Stryj, Ukraine",-,Treblinka,22.02263844,52.66443665,jüdischeopfer;jüdisch,"vor dem 2. Weltkrieg in der Mariahilfer Straße 11, 8020 Graz; während des 2. Weltkriegs in einem jüdischen Altersheim in Große Schiffgasse 3, 1020 Wien; 14.07.1942 Deportation von Wien nach Theresienstadt; 23.09.1942 Überstellung von Theresienstadt nach Treblinka, wo sie ermordet wurde",weiblich,nein,-,Liste DÖW Auswanderungsfragebogen; DÖW; Yad Vashem; Auswanderungsfragebogen,,"unklar ob vielleicht mit Emma Schwarz übereinstimmend, s. Fragebogen von Joachim Schwarz"
271,Schwarz,Hans,-,Hans Israel Schwartz (?),"Brückenkopfgasse 9, 8020 Graz",15.43239500,47.06633252,-,-,-,01.01.1902,"Graz, Steiermark",09.02.1945,KZ Dachau,11.46869264,48.26883841,jüdischeopfer;jüdisch,"Sohn von Schwarz Samuel und Nelly, geb. Reiss;  vor dem 2. Weltkrieg in der Brückenkopfgasse 9, 8020 Graz; während 2. WK in Bologna?; Deportation von Zagreb in unbekanntes Lager laut DÖW (Hans Schwarz); 16.05.1944 Deportation von Fossoli nach Auschwitz laut DÖW und Yad Vashem (unter Hans Schwartz)",männlich,nein,-,DÖW; Yad Vashem; Geni,,"Hans Schwarz und Hans Schwartz auf Yad Vashem gleiches Geburtsdatum und Wohnort, aber anderes Schicksal (selbe Person)?; laut DÖW starb Hans Schwarz am 09.02.1945 in Dachau; laut Yad Vashem starb er in Auschwitz (laut Geni am 31.12.1942); laut DÖW unter Hans Schawarz Deportation von Zagreb in unbekanntes Lager; laut DÖW und Yad Vashem unter Hans Schwartz Deportation von Fossoli di Carpi nach Auschwitz am 16.05.1944"
272,Schwarz,Hermann,-,-,Graz,-,-,-,-,-,12.11.1887,"Drohobycz, Ukraine",12.11.1938,KZ Dachau,11.46869264,48.26883841,jüdischeopfer;jüdisch,vor dem 2. Weltkrieg in Graz,männlich,nein,-,DÖW,,Informationen bislang nur auf DÖW gefunden
273,Schwarz,Hugo,-,-,"Mariahilfer Straße 32, 8020 Graz",15.43275601,47.07415229,-,-,-,13.05.1880,"Körmend, Ungarn",1941,Kielce,20.6279164,50.87488518,jüdischeopfer;jüdisch,"Sohn von Schwarz Wilhelm und Katharina, geb. Gerstl; 25.12.1910 Heirat mit Stefanie, geb. Spitz; Vater von Schwarz Richard; seit 1881 wohnhaft in Graz; tätig als Herrenschneider; bis 1886 wohnhaft in der Stockergasse 8, 8020 Graz; ab 1886 wohnhaft in der Mariahilferstraße 32, 8020 Graz; 1910 Heirat und Eintritt in die Kleiderfabrik seines Vaters Wilhelm; Verhaftung im Zuge des Novemberpogroms und Deportation in das KZ Dachau; Dezember 1938 ""Arisierung"" des Betriebes; bis 1938 mit Frau Stefanie wohnhaft in der Mariahilfer Straße 32, 8020 Graz; nach Rückehr aus dem KZ Dachau zwischenzeitlich wohnhaft am Grieskai 39, 8020 Graz; Februar 1939 Tod des Vaters Wilhelm; Juli 1939 Zwangsumsiedlung nach Wien; zuletzt wohnhaft in der Mariahilfer Straße 178, 1150 Wien; 19.02.1941 Deportation von Wien nach Kielce, wo er ermordet wurde",männlich,nein,-,"Yad Vashem; DÖW; Auswanderungsfragebogen; Geni; Riedl, K.: Familie Schwarz - Kleidermacher. In: Halbrainer, H./ Lamprecht, G.: Jüdischer Lend. Eine Spurensuche. Graz 2024, S. 160-166.",,
274,Schwarz,Moritz,-,Moses; Moris; Moshe,"Zweiglgasse 4, 8020 Graz",15.43347462,47.06449918,"Floßgasse 8/31, 1020 Wien",16.37487186,48.21667652,28.09.1874,"Przemyśl, Polen",-,-,-,-,jüdischeopfer;jüdisch,"Sohn von Schwarz Markus und Gütel, geb. Nagel; Heirat am 06.03.1910 mit Anna Sara Chana, geb. Feuerstein; Vater von Rothstein Fanny; Kaufmann; vor dem 2. Weltkrieg in Graz in Zweiglgasse 4, 8020 Graz; während des 2. Weltkriegs in einer Alterswohngemeinschaft in der Floßgasse 8/31, 1020 Wien; 06.02.1942 Deportation von Wien nach Riga",männlich,nein,-,Yad Vashem; DÖW; Auswanderungsfragebogen; Geni,,als Geburtsdatum wird neben dem 28.09.1874 (DÖW; Auswanderungsfragebogen; Geni) auch das Jahr 1877 (Yad Vashem) angegeben
275,Schwarz,Robert,-,-,"Josef-Huber-Gasse 4/2, 8020 Graz",15.42642859,47.06655349,"Lichtenauergasse 9, 1020 Wien",16.38965696,48.21462695,25.04.1926,"Graz, Steiermark",-,KZ Auschwitz,19.17371606,50.03774115,jüdischeopfer;jüdisch,"Sohn von Schwarz Moriz Moses und Rosa, geb. Lichtenstein; Bruder von Schwarz Jacques;  Schüler am Oeversee-Gymnasium in Graz; vor dem 2. Weltkrieg in der Josef-Huber-Gasse 4/2, 8020 Graz; während des 2. Weltkriegs gemeinsam mit Mutter Rosa in einer Sammelwohnung in der Lichtenauergasse 9, 1020 Wien; 17.07.1942 Deportation von Wien nach Auschwitz",männlich,ja,o:derla.sty407,Yad Vashem; DÖW; DERLA; Stolpersteine; Stolperstein von David Lichtenstein; Auswanderungsfragebogen der Mutter Rosa; Geni,,laut DERLA ist nach 1938 sein Lebensweg nicht mehr bekannt
276,Schwarz,Rosa,Lichtenstein,Roza,"Josef-Huber-Gasse 4/2, 8020 Graz",15.42642859,47.06655349,"Lichtenauergasse 9, 1020 Wien",16.38965696,48.21462695,12.09.1893,"Holobutiv, Ukraine",1943,KZ Auschwitz,19.17371606,50.03774115,jüdischeopfer;jüdisch,"Tochter von Zorn Aron Hirsh und Lichtenstein Ettel; verheiratet mit Schwarz Moriz Moses; Mutter von Schwarz Jacques und Robert; Hausfrau und Kaufmannsgattin; von 1905 bis 1920 wohnhaft in St. Gallen, Schweiz; seit 1920 wohnhaft in Graz; vor dem 2. Weltkrieg in der Josef-Huber-Gasse 4/II, 8020 Graz; laut Auswanderungsfragebogen 1938 bereits verwitwet; während des 2. Weltkriegs gemeinsam mit Sohn Robert in einer Sammelwohnung in der Lichtenauergasse 9, 1020 Wien; 17.07.1942 Deportation von Wien nach Auschwitz",weiblich,nein,-,Yad Vashem; DÖW; Stolperstein von David Lichtenstein; Auswanderungsfragebogen; Geni,,Bild verfügbar unter Yad Vashem; als Geburtsdatum wird neben dem 12.09.1893 (Yad Vashem; Auswanderungsfragebogen) auch der 18.09.1887 (Yad Vashem; DÖW; Geni) und das Jahr 1890 (Yad Vashem) angegeben; als Sterbedatum wird neben dem Jahr 1943 in Auschwitz (Yad Vashem) auch der 17.10.1941 in Theresienstadt und das Jahr 1943 in Theresienstadt (jeweils Yad Vashem) angegeben
277,Schwarz,Stefanie,Spitz,Steffie,"Mariahilfer Straße 32, 8020 Graz",15.43275601,47.07415229,-,-,-,14.09.1884,"Bratislava, Slowakei",1941,Kielce,20.62791640,50.87488518,jüdischeopfer;jüdisch,"25.12.1910 Heirat mit Schwarz Hugo; Mutter von Schwarz Richard; nach Heirat wohnhaft in der Mariahilfer Straße 32, 8020 Graz; im Zuge des Novemberpogroms Verhaftung und Deportation ihres Mannes Hugo in das KZ Dachau; gleichzeitig muss Stefanie ihre Wohnung in der Mariahilferstraße verlassen und übersiedlet in eine Wohnung am Grieskaie 39, 8020 Graz; Juli 1939 Zwangsübersiedlung nach Wien; zuletzt wohnhaft in der Mariahilfer Straße 178, 1150 Wien; 19.02.1941 Deportation von Wien nach Kielce, wo sie und ihr Mann ermordet wurden",weiblich,nein,-,"Yad Vashem; DÖW; Auswanderungsfragebogen von Ehemann Hugo; Geni; Riedl, K.: Familie Schwarz - Kleidermacher. In: Halbrainer, H./ Lamprecht, G.: Jüdischer Lend. Eine Spurensuche. Graz 2024, S. 160-166.",,
278,Schwarzmann,Regina,Jung rect Chinkes,Rifka; Riwka,"Idlhofgasse 107, 8020 Graz",15.42416820,47.06486540,"Karajangasse 25/2a, 1200 Wien",16.37539067,48.22987580,15.02.1877,"Kupchyntsi, Ukraine",15.06.1942,Maly Trostinec,27.70358964,53.83507935,jüdischeopfer;jüdisch,"Tochter von Jung Dawid und Chinkes Esther; verheiratet mit Schwarzmann Samuel; Mutter von Schwarzmann Artur und Bielski Esther (Erna); vor dem 2. Weltkrieg in Idlhofgasse 107, 8020 Graz; während des 2. Weltkriegs in der Karajangasse 25, 1200 Wien; 09.06.1942 Deportation von Wien nach Maly Trostinec, wo sie ermordet wurde",weiblich,nein,-,Yad Vashem; DÖW; Auswanderungsfragebogen von Schwarzmann Samuel; Geni,,als Geburtsdatum findet sich neben dem 15.02.1877 (DÖW; Auswanderungsfragebogen) auch das Jahr 1878 (Geni)
279,Schwarzmann,Samuel,-,Schwarzman,"Idlhofgasse 107, 8020 Graz",15.42416820,47.06486540,-,-,-,12.10.1882,"Lipkany, Moldawien",14.03.1942,"Bernburg an der Saale, Tötungsanstalt",11.72926966,51.78731508,jüdischeopfer;jüdisch,"Sohn von Schwarzmann Adam und Rikel; verheiratet mit Regina, geb. Jung recte Chinkes; Vater von Schwarzmann Artur und Bielski Esther (Erna); in Graz wohnhaft ab 1907; 12.11.1938 Deportation nach Dachau; 02.10.1939 Deportation von Wien nach Buchenwald; 24.10.1940 Überstellung von Buchenwald nach Dachau; 05.07.1941 Überstellung von Dachau nach Buchenwald",männlich,nein,-,DÖW; Yad Vashem; Auswanderungsfragebogen; Geni,,laut DÖW starb er am 14.03.1942 in der Tötungsanstalt Bernburg an der Saale; laut Yad Vashem starb er am 27.03.1942 im KZ Buchenwald
280,Silber,Elias,-,-,"Lazarettgasse 12, 8020 Graz",15.42574476,47.06568480,"Große Schiffgasse 3, 1020 Wien",16.37527219,48.21642325,25.05.1862,"Zagwodz, Ukraine",20.02.1940,KZ Buchenwald,11.24944041,51.02172998,jüdischeopfer;jüdisch,"verheiratet mit Sara, geb. Szreier; Vater von Silber Dawid, Schreier Hermann, Schkolnik Chane Beile, Kornreich Zosia, Szreier Berl, Silber Wilhelm, Schreier Jakob, Silber Sigmund, Engel Rosa, Samek Hela und Kornreich Sophie; 14.04.1913 Anmeldung des erstehn Wohnsitzes in Graz in der Elisabethinergasse 14, 8020 Graz; 1913 Tod der Ehefrau Sara; nach einigen Wohnungswechseln schließlich in der Lazarettgasse 12, 8020 Graz wohnhaft, wo Elias Silber auch ein kleines lebensmittelgeschäft für Öl und Fett hat; Anfang der 1920er Jahren betreibt er zudem eine Einkaufsstelle für Kork, Tuch und Säcke in der Klosterwiesgasse 4, 8010 Graz; 29.11.1938 zum Auszug aus seiner Wohnung gezwungen; bis Februar 1939 wohnhaft bei seiner Tochter Sophie Kornreich; Februar 1939 Übersiedlung nach Wien; in Wien wohnhaft im Jüdischen Altersheim in Große Schiffgasse 3, 1020 Wien; 02.10.1939 Deporatation ins KZ Buchenwald, wo er Anfang des Jahres 1940 ermordet wurde",männlich,nein,o:derla.sty410,"Yad Vashem; DÖW; DERLA; Stolpersteine; Auswanderungsfragebogen; Geni; Halbrainer, H.: Die amilie Engel aus Gries mit dem Lisl-Transport nach Palästina. In: Halbrainer, H./ Lamprecht, G.: Jüdischer Gries. Eine Spurensuche. Graz 2022, S. 202-208.",,"Bild verfügbar unter Yad Vashem;als Geburtsdatum wird neben dem 25.05.1862 (DERLA; Stolpersteine; Geni; Auswanderungsbogen von Sohn Wilhelm Silber) auch der 15.05.1862 (DÖW) und  das Jahr 1866 angegeben; als Geburtsort wird neben Stanislawow, Polen (Yad Vashem; Derla; Stolpersteine) auch Zagozdz, Ukraine (Yad Vashem; DÖW; Auswanderungsbogen von Sohn Wilhelm Silber) angegeben; als Sterbedatum wird neben dem 20.01.1940 (DÖW) auch der 20.02.1940 (Yad Vashem; Halbrainer) angegeben, auch auf Stolpersteine werden beide Daten angegeben"
281,Singer,Emanuel,-,-,Graz (Kroisbachgasse 3/6?),-,-,"Czerningasse 14/14, 1020 Wien",16.38886471,48.21505493,30.03.1860,"Miroslav, Tschechien",18.03.1943,Theresienstadt,14.15064358,50.51089063,jüdischeopfer;jüdisch,"verheiratet mit Adele; Vater Singer Grete und Just Erna; Kaufmann; 1939 Zwangsumsiedlung von Graz nach Wien; zuletzt wohnhaft in einer Sammelwohnung in der Czerningasse 14/14, 1020 Wien; 20.08.1942 deportation von Wien nach Theresienstadt, wo er ermordet wurde",männlich,nein,-,Verzeichnis der von Graz nach Wien übersiedelten Juden; DÖW; Yad Vashem; Auswanderungsfragebogen,,
282,Singer,Josef,-,-,"Hartenaugasse 34, 8010 Graz",15.45841166,47.07552881,-,-,-,02.03.1886,"Dolina, Polen",1942,KZ Lublin,22.60622932,51.22524146,jüdischeopfer;jüdisch,"verheiratet mit Karoline, geb. Goldberg; Beamter; vor dem 2. Weltkrieg in der Hartenaugasse 34, 8010 Graz; 29.08.1938 Abmeldung aus Graz; Ausreise 1938 in die Tschechoslowakei; 12.05.1942 Deportation von Prag nach Theresienstadt; 17.05.1942 Überstellung von Theresienstadt nach Lublin, wo er ermordet wurde",männlich,nein,o:derla.sty475,"DÖW; DERLA; Yad Vashem; Auswanderungsfragebogen; Halbrainer, H./ Lamprecht, G./ Rigerl, G.: Orte und Zeichen der Erinnerung. Erinnerungszeichen für die Opfer von Nationalsozialismus und Krieg in der Steiermark. Graz 2018, S. 185.; Halbrainer, H.: Opfer rassistischer Verfolgung aus dem Bezirk Geidorf. In: Halbrainer, H./ Lamprecht, G.: Jüdisches Geidorf? Eine historische Spurensuche. Graz 2020, S. 74.",,"laut DERLA in Dolina, Polen geboren und laut DÖW in Solotwyno, Ukraine"
283,Singer,Karoline,Goldberg,-,"Hartenaugasse 34, 8010 Graz",15.45841166,47.07552881,-,-,-,27.01.1883,"Brody, Polen",1942,KZ Lublin,22.60622932,51.22524146,jüdischeopfer;jüdisch,"verheiratet mit Singer Josef; vor dem 2. Weltkrieg in der Hartenaugasse 34, 8010 Graz; 29.08.1938 Abmeldung aus Graz; Ausreise 1938 in die Tschechoslowakei; 12.05.1942 Deportation von Prag nach Theresienstadt; 17.05.1942 Überstellung von Theresienstadt nach Lublin, wo sie ermordet wurde",weiblich,nein,o:derla.sty476,"DÖW; DERLA; Halbrainer, H./ Lamprecht, G./ Rigerl, G.: Orte und Zeichen der Erinnerung. Erinnerungszeichen für die Opfer von Nationalsozialismus und Krieg in der Steiermark. Graz 2018, S. 185.; Halbrainer, H.: Opfer rassistischer Verfolgung aus dem Bezirk Geidorf. In: Halbrainer, H./ Lamprecht, G.: Jüdisches Geidorf? Eine historische Spurensuche. Graz 2020, S. 74.",,
284,Singer,Ludwig,-,Ludvig Singer,"Feuerbachgasse 8, 8020 Graz",15.43217090,47.07058707,-,-,-,13.06.1878,"Velké Meziříčí, Tschechien",-,-,-,-,jüdischeopfer;jüdisch,"vor dem 2. Weltkrieg in der Feuerbachgasse 8, 8020 Graz; 08.03.1940 Ankunft in Fužine, wo er ineterniert war",männlich,nein,-,"DÖW; Grünfelder, A. M.: Von Der Shoa Eingeholt. Ausländische Jüdische Flüchtlinge Im Ehemaligen Jugoslawien 1933-1945. Wien 2013.",,als Geburtsdatum wird neben dem 13.06.1878 (Von der Shoah eingeholt) auch der 14.06.1878 (DÖW) angegeben)
285,Sonnenfeld,Ludwig,-,-,"Humboldtstraße 33, 8010 Graz",15.44414419,47.08017974,-,-,-,19.06.1867,"Sotina, Slowakei",23.12.1943,Theresienstadt,14.15064358,50.51089063,jüdischeopfer;jüdisch,"Sohn von Sonnenfeld Samuel und Charlotte, geb. Natzler; verheiratet mit Kornelia, geb. Redlich; pensionierter Fabrikdirektor; vor dem 2. Weltkrieg wohnhaft in der Humboldtstraße 33, 8010 Graz; mit seiner Frau Kornelia geht er nach Brno; letzter Wohnsitz vor dem Transport in Brünn; 31.03.1942 Deportation von Brünn nach Theresienstadt, wo er starb",männlich,nein,-,"Yad Vashem; Geni; Encyklopedie
dějin Brna; Halbrainer, H.: Opfer rassistischer Verfolgung aus dem Bezirk Geidorf. In: Halbrainer, H./ Lamprecht, G.: Jüdisches Geidorf? Eine historische Spurensuche. Graz 2020, S. 75",,"als Geburtsdatum wird neben dem 19.06.1867 (Encyklopedie
dějin Brna; Halbrainer) auch der 19.07.1867 (Geni) und der 11.06.1868 (Yad Vashem) angegeben"
286,Sperling,Paula,-,Paula Kornblum,"Griesplatz 9/1, 8020 Graz",15.43183124,47.06515070,-,-,-,02.10.1909,"Bregenz, Vorarlberg",04.09.1942,KZ Auschwitz,19.17371606,50.03774115,jüdischeopfer;jüdisch,"Tochter von Sperling Fritz und Katharina, geb. Weitzmann; seit Mai 1923 in Graz; Handelsangestellte; verlobt mit Kornblum Günther; vor dem 2. Weltkrieg in Griesplatz 9/1, 8020 Graz; während des 2. Weltkriegs in Amsterdam, JB1 Distelweg 9; 10.08.1942 Deportation von Westerbork nach Auschwitz, wo sie ermordet wurde",weiblich,nein,-,Liste DÖW Auswanderungsfragebogen; DÖW; Yad Vashem; Auswanderungsfragebogen; Geni,,als Sterbedatum findet sich neben dem 04.09.1942 (DÖW; Yad Vashem) auch der 30.09.1942 (Yad Vashem; Geni)
287,Spiegel,Otto,-,-,"Beethovenstraße 17, 8010 Graz",15.45189303,47.07379923,-,-,-,16.05.1886,"Graz, Steiermark",17.09.1944,Nizza der Paris (beides wird angegeben),-,-,jüdischeopfer;jüdisch,"Sohn von Spiegel Michael und Josefine, geb. Kadisch; verheiratet mit Manka; Vater von Spiegel Peter Felix und Franz Erich; Jurist und eigene Anwaltskanzlei in der Murgasse 14, 8010 Graz; seit 1924 wohnhaft in der Beethovenstraße 17, 8010 Graz; Scheidung von Manka; Manka verlässt 1935 mit Kindern Peter Felix und Franz Erich Graz in Richtung Palästina; nach NS-Machtübernahme Verhaftung und gezwungen auszureisen; Unfreiwilliger Verkauf seiner Liegenschaften; Flucht nach Südfrankreich; 1942 in Nizza vom Vichy-Regime interniert; 2. Ehe mit Mina, geb. Druckmann; entweder 1943 Tod in Nizza oder 1944 Tod in Paris",männlich,nein,o:derla.sty424,Stolpersteine; DERLA; Geni,,als Sterbeort werden sowohl Paris als auch Nizza angegeben
288,Spielmann,Hans ,-,-,"Annenstraße 34, 8020 Graz",15.42626563,47.07133422,-,-,-,13.12.1914,"Graz, Steiermark",18.02.1945,KZ Buchenwald,11.24944041,51.02172998,jüdischeopfer;jüdisch,"Sohn von Spielmann Wilhelm und Amalia, geb. Hübsch; Schneider in Graz; im Kommunistichen Jugendverband aktiv und deshalb 1936 verhaftet; vor dem 2. Weltkrieg in der Annenstraße 34, 8020 Graz; er ging 1938 nach Spanien, wo er für die Internationalen Brigaden kämpft; Festnahme in Montauban; Deportation ins Außenlager von Auschwitz, ins KZ Blechhammer; im Jänner 1945 Überstellung von Auschwitz ins KZ Groß-Rosen; 10.02.1945  Überstellung von Groß-Rosen ins KZ Buchenwald, wo er ermordet wurde",männlich,nein,o:derla.sty429,"DÖW; DERLA; Stolpersteine; Geni; Spielmann, H.: Shanghai. Eine Jugend im Exil. Graz 2022.; Halbrainer, H.: Gedenken und Erinnern im Bezirk. Stolpersteine in Lend. In: Halbrainer, H./ Lamprecht, G.: Jüdischer Lend. Eine Spurensuche. Graz 2024, S. 216f. ",,"als Sterbedatum wird neben dem 10.02.1945 (Stolpersteine; Geni) auch der 18.02.1945 (DERLA; DÖW; Spielmann, H.: Shanghai. Eine Jugend im Exil. Graz 2022) angegben und Lamprecht gibt beide Daten an"
289,Spielmann,Rudolf,-,-,"Sparbersbachgasse 17, 8010 Graz",15.44899417,47.06710948,"Brockmanngasse 66, 8010 Graz",15.44535378,47.06270999,09.11.1889,"Graz, Steiermark",11.04.1941,Shanghai,-,-,jüdischeopfer;jüdisch,"Sohn von Spielmann Abraham und Franziska (Fanni), geb. verheiratet mit Paula, geb. Sternthal; Vater von Spielmann Helmut; Besuch der Volks-, Bürger und Handelsschule in Graz; Teilhaber des Kleidergeschäfts seines Bruders Wilhelm Spielmann; seit 1908 im Kleidergeschäft seines Bruders tätig; 01.11.1925 Heirat in der Grazer Synagoge mit Paula; vor dem 2. Weltkrieg wohnhaft in der Sparbersbachgasse 17, 8010 Graz; 10.11.1938 Festnahme im Zuge des Novemberpogroms 1938 und Überstellung nach Dachau; um den 20.12.1938 körperlich und seelisch schwer gezeichnet nach Graz zurückgehrt;  nach der Freilassung Umsiedlung in die Sparbersssbachgasse 14, 8010 Graz; Anfang Februar 1939 Umsiedlung in eine Sammelwohnung in die Brockmanngasse 66, 8010 Graz; 20.02.1938 Emigration mit Frau Paula und Sohn Helmut im Februar 1939 über Genua nach Shanghai; 11.04.1941 Tod im jüdischen Spital in Shanghai",männlich,nein,o:derla.sty432,"DERLA; Stolpersteine; Spielmann, H.: Shanghai. Eine Jugend im Exil. Graz 2022.; Halbrainer, H.: Gedenken und Erinnern im Bezirk. Stolpersteine in Lend. In: Halbrainer, H./ Lamprecht, G.: Jüdischer Lend. Eine Spurensuche. Graz 2024, S. 217. ",,"Bilder verfügbar in Spielmann, H.: Shanghai. Eine Jugend im Exil. Graz 2022.; als Geburtsdatum findet sich neben dem 09.11.1889 (Lamprecht, Spielmann) auch der 08.11.1889 (DERLA); früher Tod in Shanghai aufgrund des KZ-Aufenthalts und der Strapazen der Reise"
290,Spitz,Moritz,-,Moriz,"Volksgartenstraße 29, 8020 Graz",15.43020691,47.07491666,-,-,-,26.05.1880,"Kolomea, Ukraine",-,-,-,-,jüdischeopfer;jüdisch,seit 1902 in Graz wohnhaft; verheiratet mit Spitz Berta; selbstständiger Kaufmann; 29.04.1944 Deportation mit Transport 72 von Drancy nach Auschwitz,männlich,nein,-,DÖW; Yad Vashem; Auswanderungsfragebogen,,"laut Auswanderungsfragebogen in Volksgartenstraße 26/III, 8020 Graz wohnhaft; laut DÖW in Volksgartenstraße 29, 8020 Graz wohnhaft"
291,Spitzer,Aranka,Latzer,-,Graz,-,-,"Praterstraße 28, 1020 Wien",16.38396050,48.21421721,08.04.1889,"Güssing, Burgenland",1942,KZ Auschwitz,19.17371606,50.03774115,jüdischeopfer;jüdisch,"Tochter von Latzer Heinrich und Sidonie, geb. Löffler; verheiratet mit Spitzer Ivo; Mutter von Spitzer Erich; vor dem 2. Weltkrieg in Graz wohnhaft; Zwangsübersiedlung nach Wien; 17.07.1942 Deportation von Wien nach Auschwitz, wo sie ermordet wurde; laut Yad Vashem war sie zunächst noch in Theresienstadt , bevor sie nach Auschwitz deportiert wurde",weiblich,nein,o:derla.sty491,"DÖW; DERLA; Yad Vashem; Geni; Halbrainer, H./ Lamprecht, G./ Rigerl, G.: Orte und Zeichen der Erinnerung. Erinnerungszeichen für die Opfer von Nationalsozialismus und Krieg in der Steiermark. Graz 2018, S. 195.",,laut Yad Vashem war sie zwischenzeitlich in Theresienstadt bevor sie nach Auschwitz deportiert wurde
292,Spitzer,Heinrich,-,-,"Gabelsbergerstraße 4, 8020 Graz",15.42673796,47.07564737,-,-,-,17.02.1885,"Güssing, Burgenland",02.12.1938,KZ Dachau,11.46869264,48.26883841,jüdischeopfer;jüdisch,"Sohn von Spitzer Emanuel und Natalie, geb. Pollak; Heirat am 19.10.1919 in Graz mit Feige (Fani), geb. Lichtenstein; Scheidung am 09.01.1923; Kaufmann  (Lebenmittelgeschäftsinhaber); vor dem 2. Weltkrieg wohnhaft in Graz; 12.11.1938 Deportation nach Dachau, wo er ermordet wurde",männlich,nein,-,DÖW; Yad Vashem; Stolüerstein von David Lichtenstein; Auswanderungsfragebogen; Geni,,"als Geburtsdatum wird neben dem 17.02.1885 in Güssing (DÖW, Yad Vashem; Auswanderungsfragebogen) auch das Jahr 1887 in Graz (Yad Vashem) angegeben; laut Auswanderungsfragebogen vom 26.Mai 1938 wohnhaft in Sigmundstadl 15 (1. Stock), 8020 Graz"
293,Steiner,Ernst Leo,-,-,"Sparbersbachgasse 14, 8010 Graz",15.44913859,47.06686056,"Blumauergasse 20/25, 1020 Wien",16.38482551,48.21823228,05.03.1934,"Graz-Eggenberg, Steiermark",-,-,-,-,jüdischeopfer;jüdisch,"Sohn von Steiner Julius und Margarete; vor dem 2. Weltkrieg in der Sparbersbachgasse 14, 8010 Graz; Zwangsumsiedlung nach Wien; während des 2. Weltkriegs in einer Sammelwohnung in der Blumauergasse 20/25, 1020 Wien; 09.10.1942 Deportation von Wien nach Theresienstadt; 09.10.1944 Überstellung von Theresienstadt nach Auschwitz",männlich,ja,-,DÖW; Yad Vashem; Auswanderungsfragebogen,,
294,Steiner,Julius,-,-,"Sparbersbachgasse 14, 8010 Graz",15.44913859,47.06686056,"Blumauergasse 20/25, 1020 Wien",16.38482551,48.21823228,10.07.1879,"Prag, Tschechien",-,-,-,-,jüdischeopfer;jüdisch,"verheiratet mit Margarete; Vater von Ernst Leo; vor dem 2. Weltkrieg in der Sparbersbachgasse 14, 8010 Graz; Zwangsumsiedlung nach Wien; während des 2. Weltkriegs in einer Sammelwohnung in der Blumauergasse 20/25, 1020 Wien; 09.10.1942 Deportation von Wien nach Theresienstadt; 09.10.1944 Überstellung von Theresienstadt nach Auschwitz",männlich,nein,-,DÖW; Yad Vashem; Auswanderungsfragebogen,,als Geburtsort wird neben Prag (Auswanderungsfragebogen) auch Wien (DÖW) angegeben
295,Steiner,Margarethe,-,-,"Sparbersbachgasse 14, 8010 Graz",15.44913859,47.06686056,"Blumauergasse 20/25, 1020 Wien",16.38482551,48.21823228,02.04.1894,"Wien, Österreich",-,-,-,-,jüdischeopfer;jüdisch,"Tochter von Lax Leo Juda Leib und Amalia, geb. Bybring; verheiratet mit Julius; Mutter von Ernst Leo; vor dem 2. Weltkrieg in der Sparbersbachgasse 14, 8010 Graz; Zwangsumsiedlung nach Wien; während des 2. Weltkriegs in einer Sammelwohnung in der Blumauergasse 20/25, 1020 Wien; 09.10.1942 Deportation von Wien nach Theresienstadt; 09.10.1944 Überstellung von Theresienstadt nach Auschwitz",weiblich,nein,-,DÖW; Yad Vashem; Auswanderugnsfragebogen; Geni,,
296,Steiner,Moritz,-,Moriz,"Idlhofgasse 12, 8020 Graz",15.42403310,47.07025101,-,-,-,12.02.1884,"Graz, Steiermark",-,-,-,-,jüdischeopfer;jüdisch,"Handelsvertreter; vor dem 2. Weltkrieg in der Idlhofgasse 12, 8020 Graz; 18.09.1942 Deportation von Mährisch Ostrau nach Theresienstadt; 22.09.1942 Überstellung von Theresienstadt nach Maly Trostinec",männlich,nein,-,DÖW; Yad Vashem; Auswanderungsfragebogen,,
297,Stern ,Charlotte,Rosenberg,-,"Lazarettgürtel 77, 8020 Graz",15.42674076,47.05834183,-,-,-,18.05.1853,"Güssing, Burgenland",1941,Jugoslawien,-,-,jüdischeopfer;jüdisch,"Tochter von Rosenberg Lazar und Josephine, geb. Pollak; 1873 Heirat mit Politzer Adolf; aus dieser Ehe Mutter von Politzer Ludwig, Leopold und Kukula Karoline u; sie lebten zunächst in Judenburg, bevor sie nach Graz zogen; in Graz Aufbau einer Altwarenhandlung; 1887 Tod des Ehemannes Adolf Politzer; 1887 Heirat mit Stern David in Szombathely; aus dieser Ehe Mutter von Stern Olga und Lang Elsa; im Israelitischen Frauenverein aktiv;  1912 Präsidentin des Israelitischen Frauenvereins in Graz; vor dem 2. Weltkrieg wohnhaft im barocken Falkenhof am Lazarettgürtel 77, 8020 Graz, wo sich auch der Altwarenbetrieb ab 1890 befindet; Ende Februar 1939 zwangsweise Übersiedelung nach Wien mit seiner Frau in eine Sammelwohnung in der Rebrandtstraße 21/12, 1020 Wien; Februaer 1940 im Alter von 80 Jahren Flucht nach Jugoslawien; hier starb sie im Arpil 1941kurz vor dem Überfall der deutschen Wehrmacht auf Jugoslawien",weiblich ,nein,o:derla.sty555,"Stolpersteine; DERLA; Geni; Lamprecht, G.: David und Charlotte Stern. In: Halbrainer, H./ Lamprecht, G.: Jüdischer Gries. Eine Spurensuche. Graz 2022, S. 164-168.",,starb in hohem Alter nach Flucht nach Jugoslawien durch Strapazen
298,Stern,Klara,Arvay,Clara,"Annenstraße 30, 8020 Graz",15.42690558,47.07130374,"Pfeffergasse 3, 1020 Wien",16.38195391,48.22200263,09.07.1880,"Szeged, Ungarn",-,-,-,-,jüdischeopfer;jüdisch,"Tochter von Arvay Jonas und Paulina, geb. Schlesinger; Heirat am 29.12.1907 in Wien mit Stern Samuel; Mutter von Otto, Alice und Mindes Gertrude; vor dem 2. Weltkrieg gemeinsam mit Ehemann in Annenstraße 30, 1020 Graz; während des 2. Weltkriegs in einer Sammelwohnung in der Pfeffergasse 3/7, 1020 Wien; 23.10.1941 Deportation von Wien nach Litzmannstadt (Lodz)",weiblich,nein,-,Yad Vashem; DÖW; Auswanderungsfragebogen; Geni,,als Geburtsdatum wird neben dem 09.07.1880 (Auswanderungsfragebogen; Yad Vashem) auch de 09.07.1875 (DÖW; Geni) angegeben
299,Stern,David,-,-,"Lazarettgürtel 77, 8020 Graz",15.42674076,47.05834183,-,-,-,10.06.1859,"Güssing, Burgenland",14.12.1942,Jugoslawien,-,-,jüdischeopfer;jüdisch,"Sohn von Stern Jakob und Johanna, geb. Morgenstern; seit den 1870er Jahren in Graz; Schulbesuch in Graz; Lehre im Altwarengeschäft von Politzer Adolf; 1887 Heirat mit der Witwe Politzer Charlotte, geb. Rosenbergm, in Szombathely; Vater von Olga und Lang Else; Übernahme des Altwarengeschäfts von Politzer Adolf; von 1922 bis 1926 Präsident der Israelitischen Kultusgemeinde Graz; vor dem 2. Weltkrieg wohnhaft im barocken Falkenhof am Lazarettgürtel 77, 8020 Graz, wo sich auch der Altwarenhandel ab 1890 befindet; Ende Februar 1939 zwangsweise Übersiedelung nach Wien mit seiner Frau in eine Sammelwohnung in der Rebrandtstraße 21/12, 1020 Wien; 1940 im Alter von 80 Jahren Flucht nach Jugoslawien; ermordet bei einer Razzia der Nazis",männlich,nein,o:derla.sty556,"DÖW; DERLA; Stolpersteine; Geni; Lamprecht, G.: David und Charlotte Stern. In: Halbrainer, H./ Lamprecht, G.: Jüdischer Gries. Eine Spurensuche. Graz 2022, S. 164-168.",,Bild verfügbar auf Stolpersteine; als Geburtsdatum wird neben dem 10.06.1859 (Stolpersteine; DERLA; Geni) auch der 11.06.1859 angegeben
300,Stern,Robert,-,-,Graz,-,-,-,-,-,06.02.1921,"Frohnleiten, Steiermark",15.01.1944,KZ Buchenwald,11.24944041,51.02172998,jüdischeopfer;jüdisch,"Sohn von Kahane Hermine, geb. Stern; vor dem 2. Weltkrieg in Graz; Ende September 1938 Flucht aus Graz in Richtung Osijek; unfreiwilliger Austritt aus dem Judentum, um auf der Flucht leichter in andere Länder zu gelangen; Weiterflucht über Jugoslawien misslang; Anfang 1939 kurzzeitige Rückkehr nach Graz; Mai 1939 erneuter Fluchtversuch über Jugoslawien, der aber misslang; 01.01.1944 Deportation von Zagreb ins KZ Buchenwald, wo er ermordet wurde",männlich,nein,-,"DÖW; Yad Vashem; Geni; Halbrainer, H./ Lamprecht, G.: „So dass uns Kindern eine durchwegs christliche Umgebung geschaffen war.“ Die Heilandskirche und ihre „Judenchristen“ zwischen 1880 und 1955. Graz 2010, S. 61.",,"Brief von Robert Stern zu seinem Austritt aus dem Judentum in: Halbrainer, H./ Lamprecht, G.: „So dass uns Kindern eine durchwegs christliche Umgebung geschaffen war.“ Die Heilandskirche und ihre „Judenchristen“ zwischen 1880 und 1955. Graz 2010, S. 61."
301,Stern,Samuel,-,-,"Annenstraße 30, 8020 Graz",15.42690558,47.07130374,-,-,-,12.07.1880,"Rechnitz, Burgenland",-,-,-,-,jüdischeopfer;jüdisch,"Sohn von Stern Nathan und Anna; Heirat am 29.12.1907 in Wien mit Clara, geb. Arvay; Vater von Otto, Alice und Mindes Gertrude, geb. Stern; Kaufmann; vor dem 2. Weltkrieg in der Annenstraße 30, 8020 Graz",männlich,nein,-,DÖW; Yad Vashem; Auswanderungsfragebogen; Geni,,
302,Stessel,Hilde,-,Hilda; Hildegard,"Kindermanngasse 38, 8020 Graz",15.42534563,47.06519078,-,-,-,10.07.1911,"Graz, Steiermark",-,KZ Auschwitz,19.17371606,50.03774115,jüdischeopfer;jüdisch,"Tochter von Stessel Max und Isabella, geb. Stössel; vor dem 2. Welktrieg in der Kindermanngasse 38, 8020 Graz; Flucht nach Frankgreich; während des 2. Weltkriegs in Frankreich; Festnahme im Sommer 1942 im Zuge der Razzien gegen Juden; 07.09.1942 Deportation von Drancy nach Auschwitz, wo sie ermordet wurde",weiblich,nein,-,"DÖW; Geni; Halbrainer, H.: Künstler aus dem Gries: Ludwig und Oskar Stössel. In: Halbrainer, H./ Lamprecht, G.: Jüdischer Gries. Eine Spurensuche. Graz 2022, S. 213f.",,
303,Stessel,Isabella,Stössel,-,"Kindermanngasse 38, 8020 Graz",15.42534563,47.06519078,"Novaragasse 40/17, 1020 Wien",16.38801025,48.21809699,24.12.1878,"Neunkirchen, Niederösterreich",-,Treblinka,22.02263844,52.66443665,jüdischeopfer;jüdisch,"Tochter von Stössel Leopold und Berta, geb. Kopfststein; Heirat am 02.09.1906 in Graz mit Stessel Max; Mutter von Berger Margarethe, Heichler Elsa, Stessel Hilde, Erich und Herta; seit Juli 1892 mit ihrer Mutter und Geschwistern zum Vater nach Graz gezogen; 11.05.1932 Tod des Vaters Leopold; vor dem 2. Weltkrieg in der Kindermanngasse 38, 8020 Graz; Dezember 1938 Zangsübersiedlung nach Wien; während des 2. Weltkriegs in einer Sammalwohnung in der Novaragasse 40/17, 1020 Wien; 10.09.1942 Deportation von Wien nach Theresienstadt; 29.09.1942 Überstellung von Theresienstadt nach Treblinka, wo sie und ihr Mann Max ermordet wurden",weiblich,nein,-,"Liste DÖW Auswanderungsfragebogen; DÖW; Yad Vashem; Auswanderungsfragebogen; Geni; Halbrainer, H.: Künstler aus dem Gries: Ludwig und Oskar Stössel. In: Halbrainer, H./ Lamprecht, G.: Jüdischer Gries. Eine Spurensuche. Graz 2022, S. 213f.",,als Geburtsdatum wird neben dem 24.12.1878 (Yad Vashem; Geni; Auswanderungsfragebogen) auch der 24.12.1878 (DÖW) und das Jahr 1877 (Halbrainer angegeben)
304,Stessel,Max,-,-,"Kindermanngasse 38, 8020 Graz",15.42534563,47.06519078,"Novaragasse 40/17, 1020 Wien",16.38801025,48.21809699,02.07.1867,"Sopron, Ungarn",-,Treblinka,22.02263844,52.66443665,jüdischeopfer;jüdisch,"Sohn von Stessel Albert und Josefine, geb. Goldschmied; Heirat am 02.09.1906 in Graz mit Isabella, geb. Stössel; Vater von Berger Margarethe, Heichler Elsa, Stessel Hilda, Erich und Herta; Kaufmann; vor dem 2. Weltkrieg in der Kindermanngasse 38, 8020 Graz; Dezember 1938 Zwangsumsiedlung nach Wien; während des 2. Weltkriegs in einer Sammalwohnung in der Novaragasse 40/17, 1020 Wien; 10.09.1942 Deportation von Wien nach Theresienstadt; 29.09.1942 Überstellung von Theresienstadt nach Treblinka, wo er und seine Frau Isabella ermordet wurden",männlich,nein,-,"Liste DÖW Auswanderungsfragebogen; DÖW; Yad Vashem; Auswanderungsfragebogen; Geni; Halbrainer, H.: Künstler aus dem Gries: Ludwig und Oskar Stössel. In: Halbrainer, H./ Lamprecht, G.: Jüdischer Gries. Eine Spurensuche. Graz 2022, S. 213f.",,
305,Stier,Ida,Braun,-,Graz,-,-,"Große Stadtgutgasse 24/9, 1020 Wien",16.38417873,48.21977922,26.09.1877,"Bíňa, Slowakei",06.07.1945,vermutlich kurz nach der Befreiung in Theresienstadt verstorben,,,jüdischeopfer;jüdisch,"Tochter von Braun Leopold und Rosalie, geb. Heinrich; verheiratet mit dem Kaufmann Stier Gustav; Tod des Ehemanns im Jahr 1927; Hauswarenverkäuferin; vor dem 2. Weltkrieg in Graz; während des 2. Weltkriegs in einer Sammelwohnung in Große Stadtgutgasse 24/9, 1020 Wien; 20.08.1942 Deportation von Wien nach Theresienstadt; vermutlich überlebte sie und starb kurz nach der Befreiung am 06.07.1945 in Theresienstadt",weiblich,nein,-,Yad Vashem; Geni,,laut Terezinska Pametni Kniha [Theresienstädter Gedenkbuch] hat sie überlebt; laut Geni starb sie erst am 06.07.1945
306,Strassmann,Melanie,Mayer,Mela,"Kaiserfeldgasse 19, 8010 Graz",15.43850296,47.06731913,"Glockengasse 14, 1020 Wien",16.38216327,48.21840152,10.06.1879,"Graz, Steiermark",-,KZ Auschwitz,19.17371606,50.03774115,jüdischeopfer;jüdisch,"Tochter von Mayer Emil Emanuel und Rosa, geb. Biller; verheiratet mit Strassmann Sigmund; Mutter von Strassmann Margarethe Rosa und Friedrich Emanuel; geboren in Graz; während des 2. Weltkriegs in einer Sammelwohnung in der Glockengasse 14, 1020 Wien; 24.09.1942 Deportation von Wien nach Theresienstadt; 16.05.1944 Überstellung von Theresienstadt nach Auschwitz ",weiblich,nein,-,DÖW; Yad Vashem; Geni,,unbekannter Wohnort
307,Strassmann,Sigmund,-,-,"Kaiserfeldgasse 19, 8010 Graz",15.43850296,47.06731913,"Glockengasse 14, 1020 Wien",16.38216327,48.21840152,09.03.1870,"Koryčany, Tschechien",07.01.1944,Theresienstadt,14.15064358,50.51089063,jüdischeopfer;jüdisch,"Sohn von Strassmann Emanuel und Julie, geb. Morawetz; verheiratet mit Melanie, geb. Mayer; Vater von Strassmann Margarethe Rosa und Friedrich Emanuel; Rechtsanwalt; vor dem 2. Weltkrieg in der Kaiserfeldgasse 19, 8010 Graz; während des 2. Weltkriegs in einer Sammelwohnung in der Glockengasse 14, 1020 Wien; 24.09.1942 Deportation von Wien nach Theresienstadt, wo er laut Yad Vashem angeblich an einer Lungenentzündung starb",männlich,nein,-,Liste DÖW Auswanderungsfragebogen; DÖW; Yad Vashem; Auswanderungsfragebogen; Geni,,
308,Stukart,Walter,-,-,"Prankergasse 33, 8020 Graz",15.42343441,47.06848030,-,-,-,07.01.1903,"Wien, Österreich",-,-,-,-,jüdischeopfer;jüdisch,"Sohn von Stukart Wilhelm und Beutler Katharina; vor dem 2. Weltkrieg in der Prankergasse 33, 8020 Graz; 04.09.1942 Deportation mit Transport 28 von Drancy nach Auschwitz",männlich,nein,-,DÖW; Yad Vashem; Geni,,laut Geni nach 1943 in Auschwitz gestorben
309,Sussmann,Mechel,-,Süssmann,"Färbergasse 2, 8010 Graz",15.43869368,47.07191557,"Färbergasse 2, 8010 Graz",15.43869368,47.07191557,19.04.1890,"Stryj, Ukraine",-,-,-,-,jüdischeopfer;jüdisch,"Sohn von Sussmann Mincie; Heirat am 13.02.1919 in Wien mit Perl, geb. Steuermann;  Vater von Sussmann Emanuel, Hans und Martha und Lappe Sophie; tätig als Kaufmann; vor dem 2. Weltkrieg in Graz; Deportation von Graz in unbekanntes Lager",männlich,nein,-,DÖW; Yad Vashem; Geni,,"Bild verfügbar unter Yad Vashem; ist die Färbergasse 2, 8010 Graz ein erzwungener Wohnort"
310,Taus,Gustav,-,-,"Zweiglgasse 11/4, 8020 Graz",15.43213128,47.06431015,-,-,-,02.12.1887,"Uherský Brod, Tschechien",28.05.1943,Transport nach Theresienstadt,-,-,jüdischeopfer;jüdisch,"Sohn von Taus Elias und Katharina, geb. Sternlicht; Ehemann von Betty; Vater von Taus Hildegard Kozmak; von 1908 bis 1937 in Wien wohnhaft, dann in Zweiglgasse 11/4, 8020 Graz; tätig als Kaufmann; 15.02.1943 Deportation von Prag nach Theresienstadt; 28.05.1943 Überstellung von Theresienstadt ins KZ Auschwitz, wobei er laut DÖW beim Transport verstarb",männlich,nein,-,DÖW; Yad Vashem; Auswanderungsfragebogen; Geni,,Bild verfügbar unter Yad Vashem
311,Taussig,Gisela,Breuer,Gisella; Gizela,"Kreuzgasse 15, 8010 Graz",15.44006728,47.08290659,"Börsegasse 18, 1010 Wien",16.36644655,48.21648789,04.05.1879,"Timișoara, Rumänien",-,-,-,-,jüdischeopfer;jüdisch,"Tochter von Breuer Armin und Ilona, geb. Schwimmer; verheiratet mit Taussig Richard; Mutter von Brecher Klara; Hausfrau; bis zum 17.12.1938 wohnhaft in der Kreuzgasse 15, 8010 Graz; zum Auszug gezwungen und vorübergehend wohnhaft in der Rechbauerstraße 16, 8010 Graz; Mitte April 1939 muss sie und ihr Mann Graz verlassen und sie gehen nach Wien; während des 2. Weltkriegs in Börsegasse 18/1, 1010 Wien; 14.06.1942 Deportation von Wien nach Sobibor, wo sie ermordet wurde",weiblich,nein,-,"Yad Vashem; DÖW; Geni; Halbrainer, H.: Opfer rassistischer Verfolgung aus dem Bezirk Geidorf. In: Halbrainer, H./ Lamprecht, G.: Jüdisches Geidorf? Eine historische Spurensuche. Graz 2020, S. 76.",,Bild verfügbar unter Yad Vashem; als Geburtsdatum wird neben dem 04.05.1879 (Halbrainer) auch der 30.06.1870 (Yad Vashem; Geni) und der der 06.05.1879 (DÖW) angegeben; als Sterbeort werden Sobibor und Izbica angegeben
312,Teich,Eugenie,Spielmann,Ojeny Taich; Ogeni,"Griesplatz 14, 8020 Graz",15.43158245,47.06428506,"Franz-Hochedlinger-Gasse 8, 1020 Wien",16.37284433,48.21931753,09.08.1898,"Graz, Steiermark",-,Kielce,20.62791640,50.87488518,jüdischeopfer;jüdisch,"Tochter von Spielmann Fritz und Ernestine, geb. Frisch; verheiratet mit Osias (Oskar); Mutter von Tal Aron, Teich Hugo Isac, Walter, Herbert und Gertrud; Hausfrau; vor dem 2. Weltkrieg gemeinsam mit Mann in Griesplatz 14, 8020 Graz; während des 2. Weltkriegs in Franz-Hochedlinger-Gasse 8, 1020 Wien; 19.02.1941 Deportation von Wien nach Kielce, wo sie vermutlich auch ermordet wurde",weiblich,nein,-,Yad Vashem; DÖW; Auswanderungsfragebogen; Geni,,Bilder verfügbar unter Geni; als Geburtsdatum wird neben dem 09.08.1898 in Graz (Yad Vashem; DÖW; Auswanderungsfragebogen; Geni) auch der 09.08.1889 in Düsseldorf (Yad Vashem) angegeben
313,Teich,Gertrud,-,Gertrude; Gertie,"Griesplatz 14, 8020 Graz",15.43158245,47.06428506,"Franz-Hochedlinger-Gasse 8, 1020 Wien",16.37284433,48.21931753,27.03.1935,"Graz, Steiermark",-,Kielce,20.62791640,50.87488518,jüdischeopfer;jüdisch,"Tochter von Teich Osias (Oskar) und Eugenie, geb. Spielmann; Schwester von Tal Aron, Teich  Hugo Isac, Walter und Herbert; vor dem 2. Weltkrieg bei Eltern in Griesplatz 14, 8020 Graz; während des 2. Weltkriegs in Franz-Hochedlinger-Gasse 8, 1020 Wien; 19.02.1941 Deportation von Wien nach Kielce, wo sie vermutlich auch ermordet wurde",weiblich,ja,-,Yad Vashem; DÖW; Auswanderungsfragebogen; Geni,,Bild verfügbar unter Geni; als Geburtsdatum wird neben dem 27.03.1935 (DÖW; Geni) auch der 07.03.1935 (Yashem) angeben
314,Teich,Herbert,-,Israel,"Griesplatz 14, 8020 Graz",15.43158245,47.06428506,"Franz-Hochedlinger-Gasse 8, 1020 Wien",16.37284433,48.21931753,10.05.1932,"Graz, Steiermark",-,Kielce,20.62791640,50.87488518,jüdischeopfer;jüdisch,"Sohn von Teich Osias (Oskar) und Eugenie, geb. Spielmann; Bruder von Tal Aron, Teich  Hugo Isac, Walter und Gertrud; Schüler; vor dem 2. Weltkrieg bei Eltern in Griesplatz 14, 8020 Graz; während des 2. Weltkriegs in Franz-Hochedlinger-Gasse 8, 1020 Wien; 19.02.1941 Deportation von Wien nach Kielce, wo er vermutlich auch ermordet wurde",männlich,ja,-,Yad Vashem; DÖW; Auswanderungsfragebogen; Geni,,Bild verfügbar unter Yad Vashem
315,Teich,Walter,-,Valter Teich,"Griesplatz 14, 8020 Graz",15.43158245,47.06428506,"Franz-Hochedlinger-Gasse 8, 1020 Wien",16.37284433,48.21931753,20.06.1926,"Graz, Steiermark",-,Kielce,20.62791640,50.87488518,jüdischeopfer;jüdisch,"Sohn von Teich Osias (Oskar) und Eugenie, geb. Spielmann; Bruder von Tal Aron, Teich  Hugo Isac, Herbert und Gertrud; Schüler; vor dem 2. Weltkrieg bei Eltern in Griesplatz 14, 8020 Graz; Zwangsumsiedlung nach Wien; zunächst im Wasienhaus für jüdische Knaben und Mädchen in der Bauernfeldgasse 40,1190 Wien; danach mit Mutter und Bruder in Franz-Hochedlinger-Gasse 8, 1020 Wien; 19.02.1941 Deportation von Wien nach Kielce, wo er vermutlich auch ermordet wurde",männlich,ja,-,Yad Vashem; DÖW; Auswanderungsfragebogen; Geni,,Bild verfügbar unter Yad Vashem; als Geburtsdatum wird neben dem 30.06.1926 (Yad Vashem; DÖW; Auswanderungsfragebogen; Geni) auch der 26.07.1926 (Yad Vashem) angegeben
316,Teicher,Josef,-,Josef Isaak Teicher recte Opisdorf,"Wielandgasse 8, 8010 Graz/ Judenburg (Herrengasse 23)",15.43877577,47.06559696,"Haasgasse 10/10, 1020 Wien",16.37266118,48.22164415,30.09.1881,"Sudowa Wyschnja, Ukraine",-,KZ Jasenovac,16.92189235,45.27730038,jüdischeopfer;jüdisch,"08.11.1910 Heirat in Graz mit Lotte, geb. Peller; Vater von Tannenbaum Gerta, geb. Teicher; Kaufmann und Besitzer eines Damen- und Herrenmodengeschäfts in Judenburg; wohnhaft in der Herrengasse 23, 8750 Judenburg; zumindest im Mai 1938 laut Auswanderungsfragebogen wohnhaft in der Wielandgasse 8, 1020 Graz; Zwangsübersiedlung von Graz nach Wien; in Wien zuletzt wohnhaft in der Haasgasse 10/10,1020 Wien; nach dem Überfall auf Jugoslawien Deportation in das KZ Jasenovac, wo er laut Yad Vashemermordet wurde",männlich,nein,o:derla.sty253,Verzeichnis der von Graz nach Wien übersiedelten Juden; DERLA; DÖW; Yad Vashem; Auswanderungsfragebogen;  Geni,,"unklar, ob die Wielandgasse 8, 8010 Graz ein freiwilliger Wohnort war/ vmtl. Letzter freiwilliger Wohnort in der Herrengasse 23, 8750 Judenburg"
317,Teicher,Lotte,Peller,Leici Lotte; Charlotte,"Wielandgasse 8, 8010 Graz/ Judenburg (Herrengasse 23)",15.43877577,47.06559696,"Haasgasse 10/10, 1020 Wien",16.37266118,48.22164415,25.11.1888,"Krzywcza, Polen",-,KZ Jasenovac,16.92189235,45.27730038,jüdischeopfer;jüdisch,"08.11.1910 Heirat in Graz mit Teicher Josef; Mutter von Tannenbaum Gerta, geb. Teicher; Hausfrau; wohnhaft in der Herrengasse 23, 8750 Judenburg; zumindest im Mai 1938 laut Auswanderungsfragebogen wohnhaft in der Wielandgasse 8, 1020 Graz; Zwangsübersiedlung von Graz nach Wien; in Wien zuletzt wohnhaft in der Haasgasse 10/10,1020 Wien; nach dem Überfall auf Jugoslawien Deportation in das KZ Jasenovac, wo sie laut Yad Vashem ermordet wurde",weiblich,nein,o:derla.sty253,Verzeichnis der von Graz nach Wien übersiedelten Juden; DERLA; DÖW; Yad Vashem; Auswanderungsfragebogen;  Geni,,"unklar, ob die Wielandgasse 8, 8010 Graz ein freiwilliger Wohnort war/ vmtl. Letzter freiwilliger Wohnort in der Herrengasse 23, 8750 Judenburg"
318,Teichner,Helene,-,-,"Annenstraße 4, 8020 Graz",15.43004165,47.07110361,-,-,-,26.03.1875,"Bielsko-Biała, Polen",-,-,-,-,jüdischeopfer;jüdisch,"Mutter von Teichner Albert und Josef; vor dem 2. Weltkrieg in Annenstraße 14, 8020 Graz; während des 2. Weltkriegs in der Stuwerstraße 16/3, 1020 Wien; 14.06.1942 Deportation von Wien nach Sobibor",weiblich,nein,-,Liste DÖW Auswanderungsfragebogen; DÖW; Auswanderungsfragebogen,,als Geburtsjahr wird neben 1873 (DÖW) auch 1874 (Auswanderungsfragebogen) angegeben
319,Teitelbaum,Ruchla,Porchowitsch,Tetelbaum; Tajtelbaum,"Conrad-von Hötzendorfstraße 3/I, 8010 Graz",15.44328252,47.06426916,"Große Pfarrgasse 11/12, 1020 Wien",16.37878645,48.21880071,25.05.1870,"Suchowice, Kielce, Polen",1942,Treblinka,22.02263844,52.66443665,jüdischeopfer;jüdisch,"Tochter von Porchowitsch Moses und Scheindler; verheiratet mit Teitelbaum Berek (Bernhard); Mutter von Hans, Salka, Josef und Nathan; bis zur Jahrhundertwende in Polen; zunächst wohnhaft in der Schörgelgasse 34, 8010 Graz; nach dem Tod ihres Mannes ab 1930 wohnhaft bei der Familie ihrer Tochter Salka Silberstein in der Conrad-von Hötzendorfstraße 3, 8010 Graz; Familie musste ihre Wohnung verlassen; bis Ende Jänner 1939 wohnhaft bei Karoline und Nathan Boruchwitz in der Josef-Huber-Gasse 4, 8020 Graz; von Ende Jänner bis Anfang Febrauer 1939 in der Neutorgasse 8, 8010 Graz bei Robert Silberstein; Zwangsumsiedlung nach Wien; zuletzt wohnhaft in einer Sammelwohnung in Große Pfarrgasse 11/12, 1020 Wien; 22.07.1942 Deportation von Wien nach Theresienstadt; 21.09.1942 Überstellung von Theresienstadt nach Treblinka, wo sie emordet wurde",weiblich,nein,o:derla.sty439,"Stolpersteine; DERLA; DÖW; Yad Vashem; Geni; Halbrainer, H.: Vom „Modehaus Markus Silberstein“ zum „Volksbekleidungshaus“. In: Halbrainer, H./ Lamprecht, G.: Jüdischer Lend. Eine Spurensuche. Graz 2024, S. 143-150.",,als Geburtsdatum wird neben dem 25.05.1870 (Stolpersteine; DERLA; Geni) auch der 21.05.1870 (DÖW) angegeben
320,Teitler,Amalia,Brings,Malvina Tajtler; Amalie; Malvine,Graz,-,-,"Große Pfarrgasse 11, 1020 Wien",16.37878645,48.21880071,27.07.1877,"Boryslaw, Ukraine",1942,Izbica,23.15986311,50.89502993,jüdischeopfer;jüdisch,"Tochter von Rischeles Leib und Brings Lea; verheiratet mit dem Kaufmann Teitler Moses (Moritz); Mutter von Theordor, Gusta und Lippa Rosa; Hausfrau; 1922 Tod von Ehemann Moses; vor dem 2. Weltkrieg in Graz; 1939 musste sie Graz zwangsweise verlassen und ging nach Wien; während des 2. Weltkriegs in einer Sammelwohnung in Große Pfarrgasse 11, 1020 Wien; 05.06.1942 Deporatation von Wien nach Izbica, wo sie ermordet wurde",weiblich,nein,o:derla.sty498,"Yad Vashem; DÖW; DERLA; Auswanderungsfragebogen; Geni; Halbrainer, H./ Lamprecht, G./ Rigerl, G.: Orte und Zeichen der Erinnerung. Erinnerungszeichen für die Opfer von Nationalsozialismus und Krieg in der Steiermark. Graz 2018, S. 200. ",,als Geburtsdatum wird neben dem 27.07.1877 (Geni) auch der 16.07.1877 (Auswanderungsbogen von Sohn Theodor) und das Jahr 1878 angegeben (in DERLA Tippfehler 27.02.1877)
321,Thalhofer,Klementine,Hirschler,-,"Afritschgasse 35, 8020 Graz",15.42973177,47.07283678,"Annenstraße 49, 8020 Graz (""Krefelderstraße"")",15.42360134,47.07115067,15.12.1877,"Koprivnica, Kroatien",1943,KZ Auschwitz,19.17371606,50.03774115,jüdischeopfer;jüdisch,"Tochter von Hirschler Heinrich und Katharina; Heirat am 22.05.1899 in Križevac, Kroatien mit Jakob Sussmann Tolczyner (später umbenannt in Thalhofer); seit 1909 in Graz; Mutter von Thalhofer Leo, Hermann, Otto und Ernst; seit 1915 lebte die Familie in der Auenburggerstr. 35 = heute Afritschgasse 35, 8020 Graz; 12.01.1923 Tod von Ehemann Jakob in Graz; nach der Machtübernahme der Nationalsozialisten zunächst Zwangsübersiedelung in die ""Krefelderstraße"" 49 (=Annenstraße), 8020 Graz; 24.12.1938 Zwangsübersiedelung nach Wien; 1938 Flucht nach Zagreb; 1943 Deportation ins KZ Auschwitz, wo sie ermordet wurde",weiblich,nein,o:derla.sty440; o:derla.sty487,"DÖW; DERLA; Stolpersteine; Yad Vashem; Geni; Halbrainer, H./ Lamprecht, G./ Rigerl, G.: Orte und Zeichen der Erinnerung. Erinnerungszeichen für die Opfer von Nationalsozialismus und Krieg in der Steiermark. Graz 2018, S. 192.; Halbrainer, H.: Gedenken und Erinnern im Bezirk. Stolpersteine in Lend. In: Halbrainer, H./ Lamprecht, G.: Jüdischer Lend. Eine Spurensuche. Graz 2024, S. 216.",,"Bild verfügbar unter Yad Vashem; laut DERLA und Stolpersteine finden sich in den Akten 1877 und 1878 als Geburtsjahr; laut Stolpersteine letzte erzwungen Wohnadresse in Annenstraße 49 (""Krefeldstraße), 8020 Graz"
322,Trautmann,Karoline Regina,-,-,"Sigmundstadl 17/I, 8020 Graz",15.42806859,47.07462742,"Große Schiffgasse 24/23, 1020 Wien",16.37599016,48.21797702,28.06.1880,"Graz, Steiermark",15.03.1942,Litzmannstadt (Łódź),19.47854996,51.80257426,jüdischeopfer;jüdisch,"ledig; Schneiderin; vor dem 2. Weltkrieg in Sigmundstadl 17/I, 8020 Graz; während des 2. Weltkriegs in Große Schiffgasse 24/23, 1020 Wien; 19.10.1941 Deportation von Wien nach Litzmannstadt, wo sie ermordet wurde",weiblich,nein,-,DÖW; Yad Vashem; Auswanderungsfragebogen,,
323,Vadas,Paul Leopold,-,Pál Lipót Vadász,"Morellenfeldgasse 3, 8010 Graz",15.45182684,47.06955387,-,-,-,19.05.1893,"Mojmírovce, Slowakei",-,-,-,-,jüdischeopfer;jüdisch,"Sohn von Weinberger Gabor und Johanna, geb. Ehrlich; vor dem 2. Weltkrieg in der Morellenfeldgasse 3, 8010 Graz; 04.07.1944 Deporation von Szombathely nach Auschwitz",männlich,nein,-,DÖW; Yad Vashem; Geni,,
324,Vajda,Janos,-,-,"Wielandgasse 22/1, 8010 Graz",15.43936440,47.06451161,-,-,-,15.08.1919,"Csurgó, Ungarn",12.01.1945,KZ-Außenlager Mühldorfer Hart,12.43099442,48.23611456,jüdischeopfer;jüdisch,"Sohn von Remenyi Zoltan und Vajda Ilona; vor dem 2. Weltkrieg wohnhaft in der Wielandgasse 22/1, 8010 Graz; Abiturientenkurs in der HAK Grazbachgasse, welchen er Ende 1937 frühzeitig verlassen musste; unklar, was mit ihm 1938 geschah; Spur findet sich wieder ab 1944; 11.11.1944 Registration im KZ Dachau; 14.11.1944 Überstellung in das Waldlager 5 des KZ-Außenlagers Mühldorfer Hart in Bayern, wo er 1945 an angeblicher ""Herzschwäche"" verstarb",männlich,nein ,o:derla.sty578,Stolpersteine; DERLA; Yad Vashem; Geni,,
325,Vari,Sigmund,Würzburger,Siegesmund Vari; Sigmond Würzburger Vari,"Sparbersbachgasse 43, 8010 Graz",15.45212401,47.06864103,"Hammer-Purgstall-Gasse 1, 1020 Wien",16.37664860,48.21503223,05.06.1878,"Stadtschlaining, Burgenland",-,-,-,-,jüdischeopfer;jüdisch,"Sohn von Würzburger Gaspar Karl (Gershon) und Sara, geb. Braun; ledig; tätig als Angestellter in einer Fleischselcherei und in der Wursterzeugung; vor dem 2. Weltkrieg wohnhaft in der Sparbersbachgasse 43, 8010 Graz; während des 2. Weltkriegs gemeinsam mit Schwester Rosine Würzburger in einer Sammelwohnung in der Hammer-Purgstall-Gasse 1, 1020 Wien; 19.02.1941 Deportation von Wien nach Kielce",männlich,nein,-,Yad Vashem; DÖW; Auswanderungsfragebogen; Geni,,"als Geburtsdatum wird neben dem 05.06.1878 (DÖW; Auswanderungsfragebogen; Geni) auch das Jahr 1880 (Yad Vashem) angegeben; als Geburtsort wird neben Stadtschlaining, Burgenland (Auswanderungsfragebogen) und Aschau, Burgenland (Geni; Yad Vashem) auch Schladming, Steiermark (DÖW) und auf Yad Vashem fälschlicherweise Aschach, Oberösterreich (Yad Vashem) angegeben"
326,Wagner,Alice,-,Alice Edith Stern?,Graz,-,-,-,-,-,1905,"Graz, Steiermark",-,Nova Gradiška,-,-,jüdischeopfer;jüdisch,ledig; vor dem 2. Weltkrieg in Graz; während des 2. Weltkriegs in Zagreb,weiblich,nein,-,Yad Vashem; Geni,,"kaum Informationen erhalten; möglicherweise Alice Edith Stern Ehefrau von Milan Stern und Tochter von Eugen und Milcsi Wagner, geboren am 07.07.1903 unter https://www.geni.com/people/Alice-Stern/6000000199181442829?"
327,Wagner,Milcsi,Kraus,Emilie; Mizzi,"Elisabethstraße 5, 8010 Graz",15.44806291,47.07404543,"Odeongasse 9, 1020 Wien",16.38495933,48.21784279,14.08.1874,"Siófok, Ungarn",17.10.1942,Theresienstadt,14.15064358,50.51089063,jüdischeopfer;jüdisch,"Tochter von Kraus Markus und Julia, geb. Deutsch; verheiratet mit Wagner Eugen; Mutter von Stern Alice Edith; Ehemann Eugen meldete zunächst 1920 das Gewerbe ""Handel mit Pferden"" in der Elisabethstraße 5 an und war bis 1938 Antiquitätenhändler in Graz; vor dem 2. Weltkrieg wohnhaft in Graz; 1938 zusammen mit Ehemann Eugen Zwangsübersiedlung nach Wien; während des 2. Weltkriegs in einer Sammelwohnung in der Odoengasse 9, 1020 Wien; 28.07.1942 Deportation von Wien nach Theresienstadt, wo sie starb; ihr Mann Eugen überlebte das Ghetto hingegen",weiblich,nein,-,"DÖW; Yad Vashem; Geni; Storm, B.: Gewerbliches Leben im Bezirk Geidorf. In: Halbrainer, H./ Lamprecht, G.: Jüdisches Geidorf? Eine historische Spurensuche. Graz 2020, S. 15.",,
328,Weinberger,Aurelia,-,Rella,ab März 1938 in Graz (davor Leoben),-,-,"Fleischmarkt 28/2, 1010 Wien",16.37862496,48.21005386,01.04.1876,"Podivin, Tschechien",1942,Chelmno,18.7275131,52.15439100,jüdischeopfer;jüdisch,"Tochter von Weinberger Moses (Moritz) und Marie, geb. Aschkenes; ledig; ab 1920 in Leoben im Haus ihres Schwagers Ludwig Röhr und ihrer Schwester Irene; wohnhaft in der Timmersdorfergasse 3, 8700 Leoben; sie arbeitete im Geschäft für Damenkonfektionswaren von ihrer Schwester Ida; nach Machtübernahme der Nationalsozialisten Liquidierung des Geschäfts für Damenkonfektionswaren in Leoben; Mitte Mai 1938 Umzug nach Graz, wo Aurelia gemeinsam mit ihrer Schwester in einer Wohnung lebte; März 1939 Zwangsumsiedlung nach Wien in Fleischmarkt 28/2, 1010 Wien; 02.11.1941  Deportation von Wien nach Litzmannstadt gemeinsam mit ihrer Schwester Ida; Mai 1942 Ermordung im Vernichtungslager Chelmno",weiblich,nein,o:derla.sty642,"Yad Vashem; DÖW; DERLA; Stolpersteine; Geni; Lamprecht, G.: Zur Geschichte jüdischer Leobner im 19. und 20. Jahrhundert. In: Anzenberger, W./ Ehetreiber, C./ Halbrainer, H. (Hrsg.): Die Eisenstraße 1938 - 1945. NS-Terror - Widerstand - Neues Erinnern. Graz 2013, S. 47-90.; Halbrainer, H.: Gescheiterte Flucht: Endstation Kladova – Emanuel und Martha Weinberger. In: Halbrainer, H./ Lamprecht, G.: Jüdischer Lend. Eine Spurensuche. Graz 2024, S. 122-128.",,Bild verfügbar unter Yad Vashem; als Sterbeort findet sich neben Chelmno (DERLA; Stolpersteine) auch Litzmannstadt (Yad Vashem; Geni; Halbrainer)
329,Weinberger,Emanuel,-,-,"Hans-Resel-Gasse 18, 8020 Graz (""Mariengasse"" 18)",15.42445497,47.07280626,-,-,-,15.01.1880,"Podivin, Tschechien",12.10.1941,Zasavica bei Sabac,19.52591103,44.95876830,jüdischeopfer;jüdisch,"Sohn von Weinberger Moses (Moritz) und Marie, geb. Aschkenes; vor dem 1. WK Textilwarengeschäft in der Grazer Vorbeckgasse 1 eröffnet; 10.12.1922 Heirat in Ciescyn mit Martha, geb. Wechsberg; Vater von Walter und Kurt; vor dem 2. Weltkrieg in der Hans-Resel-Gasse 18, 8020 Graz (""Mariengasse"" 18); Verhaftung im Zuge der Novemberpogrome 1938, doch konnte er durch die Hintertür entkommen; März 1939 Zwangsumsiedlung nach Wien; Mitte 1939 Flucht nach Kroatien, wo er nahe Zagreb lebte; März 1940 Anschluss an den Kladovo-Transport; Verlegung der jüdischen Flüchtlinge von Kladovo nach Šabac; in Šabac werden die jüdischen Flüchtlinge im April 1941 von den Nationalsozialisten eingeholt; Juli 1941 Internierung in Militärbaracken in Šabac, wo sie Zwangsarbeit für die Wehrmacht verrichten müssen; Anfang Oktober 1941 werden 21 Soldaten bei einem Gefecht mit Partisanenen getötet, woraufhin der Wehrmachtsgeneral Franz Böhm anordnet zur ""Sühne"" 2100 Menschen zu erschießen; unter ihnen ist auch Emanuel Weiberber, der am 12.10.1941 in Zasavica bei Sabac von der Wehrmacht erschossen wird",männlich,nein,o:derla.sty525,"DÖW; DERLA; Stolpersteine; Yad Vashem; Auswanderungsvfragebogen; Geni; Halbrainer, H.: Gescheiterte Flucht: Endstation Kladova – Emanuel und Martha Weinberger. In: Halbrainer, H./ Lamprecht, G.: Jüdischer Lend. Eine Spurensuche. Graz 2024, S. 122-128.",,"Bild verfügbar unter Stolpersteine; Bild verfügbar in Halbrainer, H.: Gescheiterte Flucht: Endstation Kladova – Emanuel und Martha Weinberger.
 In: Halbrainer, H./ Lamprecht, G.: Jüdischer Lend. Eine Spurensuche. Graz 2024, S. 122-128."
330,Weinberger,Ida,-,-,ab März 1938 in Graz (davor Leoben),-,-,"Hollandstraße 1, 1020 Wien",16.37585792,48.21497511,11.08.1874,"Podivin, Tschechien",1942,Chelmno,18.72751310,52.15439100,jüdischeopfer;jüdisch,"Tochter von Weinberger Moses (Moritz) und Marie, geb. Aschkenes; Kauffrau; ledig; Anfang des 20. Jahrhunderts in die Steiermark übersiedelt; ab 1912 zeitweise in Leoben; seit 1918 in Leoben niedergelassen im Haus ihres Schwagers Röhr Ludwig und ihrer Schwester Irene; 1918 Eröffnung eines Geschäfts für Damenkonfektionswaren; seit 1920 auch Schwester Aurelia in Leoben; wohnhaft in der Timmersdorfergasse 3, 8700 Leoben; nach Machtübernahme der Nationalsozialisten Liquidierung des Geschäfts in Leoben; Mitte Mai 1938 Umzug nach Graz, wo Ida Weinberger eine Wohnung gemeinsam mit ihrer Schwester Aurelia mietete; Oktober 1938 zum Auszug aus der Wohnung gezwungen; kurzzeitig bei ihrem Bruder Emanuel Weinberger; März 1939 Zwangsumsiedlung nach Wien in die Hollandstraße 1, 1020 Wien; 02.11.1941  Deportation von Wien nach Litzmannstadt gemeinsam mit ihrer Schwester Aurelia; Mai 1942 Ermordung im Vernichtungslager Chelmno",weiblich,nein,o:derla.sty641,"Yad Vashem; DÖW; DERLA; Stolpersteine; Geni; Lamprecht, G.: Zur Geschichte jüdischer Leobner im 19. und 20. Jahrhundert. In: Anzenberger, W./ Ehetreiber, C./ Halbrainer, H. (Hrsg.): Die Eisenstraße 1938 - 1945. NS-Terror - Widerstand - Neues Erinnern. Graz 2013, S. 47-90.; Halbrainer, H.: Gescheiterte Flucht: Endstation Kladova – Emanuel und Martha Weinberger. In: Halbrainer, H./ Lamprecht, G.: Jüdischer Lend. Eine Spurensuche. Graz 2024, S. 122-128.",,als Sterbeort findet sich neben Chelmno (DERLA; Stolpersteine) auch Litzmannstadt (Yad Vashem; Geni; Halbrainer)
331,Weinberger,Martha,Wechsberg,Miriam Marta,"Hans-Resel-Gasse 18, 8020 Graz (""Mariengasse"" 18)",15.42445497,47.07280626,-,-,-,02.03.1896,"Cieszyn, Polen",1942,KZ Sajmište (Belgrad),20.44137228,44.81072704,jüdischeopfer;jüdisch,"Tochter von Wechsberg Joseph und Eugenie, geb. Silberstein; 1922 Heirat mit Emanuel; Mutter von Walter und Kurt; sie betrieb mit ihrem Mann ein Textilgeschäft in Graz; vor dem 2. Weltkrieg in der Hans-Resel-Gasse 18, 8020 Graz (""Mariengasse"" 18); März 1939 Zwangsumsiedelung nach Wien; 20.07.1940 verlässt Wien mit der Bahn und trifft Ende Juli 1940 in Kladovo ein; dort trifft sie wieder auf ihren Ehemann Emanuel; Verlegung der jüdischen Flüchtlinge von Kladovo nach Šabac; in Šabac werden die jüdischen Flüchtlinge im April 1941 von den Nationalsozialisten eingeholt; Juli 1941 Internierung in Militärbaracken in Šabac, wo sie Zwangsarbeit für die Wehrmacht verrichten müssen; Ehemann Emanuel wird erschossen; Jänner 1942 Überstellung in das KZ Sajmište bei Belgrad, wo sie zwischen März und Mai 1942 in einem LKW vergast wird",weiblich,nein,o:derla.sty526,"DÖW; DERLA; Stoplersteine; Yad Vashem; Geni; Halbrainer, H.: Gescheiterte Flucht: Endstation Kladova – Emanuel und Martha Weinberger.
In: Halbrainer, H./ Lamprecht, G.: Jüdischer Lend. Eine Spurensuche. Graz 2024, S. 122-128.",,"Bild verfügbar unter Stolpersteine; Bild verfügbar in Halbrainer, H.: Gescheiterte Flucht: Endstation Kladova – Emanuel und Martha Weinberger.
In: Halbrainer, H./ Lamprecht, G.: Jüdischer Lend. Eine Spurensuche. Graz 2024, S. 123."
332,Weinberger,Moritz,-,-,"Hauptplatz 45, 8130 Frohnleiten",15.32768463,47.27134880,"Kaiserfeldgasse 29, 8010 Graz",15.43657251,47.06677651,18.04.1872,"Szeged, Ungarn",29.11.1938,Graz,-,-,jüdischeopfer;jüdisch,"Sohn von Weinberger Israel und Josefine; verheiratet mit Bertha, geb. Lustig;  Vater von Weinberger Ladislaus, Schlesinger Josefa, Bauernfreund Charlotte, Weinberger Ignaz, Albert und Salz Laura; 1907 von Bratislava nach Frohnleiten gezogen; wohnhaft am Hauptplatz 45, 8130 Frohnleiten; Betreiber einer Gemischtwarenhandlung in Frohnleiten; Liquidierung des Geschäftes und des Hauses; Sommer 1938 Umzug zu seiner Tochter Josefa Schlesinger in die Kaiserfeldgasse 29, 8010 Graz; in der Reichspogramnacht mit seinem Schwiegersohn Karl Schlesinger verhaftet und nach Dachau deportiert; todkrank und von Misshandlungen gekennzeichet nach Graz zurückgekehrt, wo er nach wenigen Tagen am 29.11.1938 an einem Lungenödem verstarb",männlich,nein,o:derla.sty635,"Stolpersteine; DERLA; Geni; Lamprecht, G.: Muni Weinberg. Das erste Opfer des Münchner Olympia-Attentates 1972. Eine biographische Annäherung. Graz 2022, S. 25-28.",,"Brief von Moritz Weinberger vom 23.11.1938 in: Lamprecht, G.: Muni Weinberg. Das erste Opfer des Münchner Olympia-Attentates 1972. Eine biographische Annäherung. Graz 2022, S. 27.; als Geburtsdatum wird neben dem 18.04.1872 (Stolpersteine; DERLA) auch der 08.04.1872 (Geni) angegeben"
333,Weinschell ,Katharina,Mamma,Katalin,"Josef-Huber-Gasse 2, 8020 Graz",15.42672182,47.06656177,-,-,-,04.10.1902,"Linz, Oberösterreich",-,-,-,-,jüdischeopfer;jüdisch,"Tochter von Mamma Josef und Julianna, geb. Fröhlich; Verkäuferin; verheiratet mit Weinschell Oskar; vor dem 2. Weltkrieg in der Josef-Huber-Gasse 2, 8020 Graz; während des 2. Weltkriegs im KZ Bergen-Belsen; laut Yad Vahsem Schicksal ""not stated""",weiblich,nein,-,Liste DÖW Auswanderungsfragebogen; Yad Vashem; Auswanderungsfragebogen; Geni,,"als Geburtsdatum wird neben dem 04.10.1902 (Liste DÖW Auswanderungsfragebogen; Auswanderungsfragebogen; Geni) auch der 04.10.1903 (Yad Vashem) angegeben; laut Yad Vashem Schicksal ""not stated"""
334,Weinschell ,Oskar ,-,-,"Josef-Huber-Gasse 2, 8020 Graz",15.42672182,47.06656177,-,-,-,02.01.1906,Prelyscze,-,-,-,-,jüdischeopfer;jüdisch,"Sohn von Weinschell Friedrich und Sara Dwora; Ehemann von Katharina, geb. Mamma; zwischen 1914 und 1916 in Wien; in Graz wohnhaft seit 01.09.1936; Handelsangestellter; Deportation von Jugoslawien in unbekanntes Lager",männlich,nein,-,DÖW; Yad Vashem; Auswanderungsfragebogen; Geni,,Geburtsort nicht klar (gibt keinen genauen Ort mit Namen Prelyscze - Prelipcze)
335,Weinwurm,Ernst,-,-,"Rankengasse 15, 8020 Graz; Mariahilferstraße 22, 8020 Graz (freiwillig?)",-,-,"Große Mohrengasse 20/17, 1020 Wien",16.38233673,48.21546253,26.09.1926,"Graz, Steiermark",-,-,-,-,jüdischeopfer;jüdisch,"Sohn von Weinwurm Alexander und Johanna, geb. Löwinger; Bruder von Weinwurm Friedrich; zunächst wohnhaft in der Rankengasse 15, 8020 Graz bei Eltern; laut Ansuchen bei der Israelitischen Kultusgemeinde Wien am 01.03.1939  wohnhaft in der Mariahilfer Straße 22, 8020 Graz; dieses Haus war bis 1938 im Besitz der Familie Weiss; Zwangsumsiedlung nach Wien; zunächst im Waisenaus für jüdische Knaben und Mädchen in der Bauernfeldgasse 40, 1190 Wien; November 1941 Räumung des Waisenhauses; danach in einer Sammelwohnung in Große Mohrengasse 20/17, 1020 Wien; 01.10.1942 Deportation von Wien nach Theresienstadt; 15.12.1943 Überstellung von Theresienstadt nach Auschwitz ",männlich,ja,-,Yad Vashem; DÖW; Auswanderungsfragebogen; Geni,,als Geburtsdatum wird neben dem dem 26.09.1926 (Auswanderungsfragebogen) auch der 16.09.1926 (DÖW; Geni) angegeben
336,Weinwurm,Friedrich,-,Fritz,"Rankengasse 15, 8020 Graz",15.43209257,47.06197627,"Heil-und Pflegeanstalt ""Am Steinhof""",16.27801930,48.20965910,30.06.1928,"Graz, Steiermark",-,Hartheim,14.11377068,48.28098878,jüdischeopfer;jüdisch,"Sohn von Weinwurm Alexander und Johanna, geb. Löwinger; Bruder von Weinwurm Ernst; zunächst wohnhaft in der Rankengasse 15, 8020 Graz bei Eltern; letzter Aufenthalt in der ""Heil und Pflegeanstalt"" ""Am Steinhof"",1140 Wien; 29.07.1941 im Rahmen der ""Aktion T4"" aus der Anstalt nach Hartheim abtransportiert, wo er ermordet wurde",männlich,ja,-,"Yad Vashem; DÖW; Auswanderungsfragebogen; GeniYad Vashem; DÖW; Auswanderungsfragebogen; Geni; Häupl, W.: Spuren zu den ermordeten Kindern und Jugendlichen in Hartheim und Niedernhart. Gedenkdokumentation für die Opfer der NS-Euthanasie. Wien/Köln/Weimar 2012, S. 221.",,"auch ""euthanasieopfer"", Doppelbelegung nicht möglich"
337,Weinwurm,Johanna,Löwinger,-,"Rankengasse 15, 8020 Graz",15.43209257,47.06197627,"Große Mohrengasse 20/17, 1020 Wien",16.38233673,48.21546253,11.02.1889,"Leoben, Steiermark",-,-,-,-,jüdischeopfer;jüdisch,"Tochter von Löwinger Alexander und Rosalie, geb. Steiner; verheiratet mit Weinwurm Alexander; Mutter von Weinwurm Ernst und Friedrich; Schneiderin; vor dem 2. Weltkrieg in Rankengasse 15, 8020 Graz; während des 2. Weltkriegs in einer Sammelwohnung in Große Mohrengasse 20/17, 1020 Wien; 01.10.1942 Deportation von Wien nach Theresienstadt; 15.12.1943 Überstellung von Theresienstadt nach Auschwitz",weiblich,nein,-,DÖW; Yad Vashem; Auschwitz.at; Auswanderungsfragebogen; Geni,,als Geburtsdatum wird neben dem 11.02.1889 (DÖW; Yad Vashem; Auswanderungsfragebogen; Geni) auch das Jahr 1887 (Yad Vashem) angegeben; als Geburtsort wird neben Leoben (Auswanderungsfragebogen; Geni) auch Graz (Yad Vashem) angegeben
338,Weiss,Albert,-,-,"Gabelsbergerstraße 4, 8020 Graz",15.42673796,47.07564737,"Floßgasse 10/17, 1020 Wien",16.37500521,48.21686128,15.04.1889,"Câmpulung Moldovenesc, Rumänien",-,-,-,-,jüdischeopfer;jüdisch,"Heirat am 14.03.1919 in Budapest mit Gisela, geb. Lebowitz; Vater von Eduard und Josefine; Sägewerksbesitzer in Graz; vor dem 2. Weltkrieg in Graz; 1939 Zangsumsiedlung nach Wien; zuletzt wohnhaft in einer Alterswohngemeinschaft in der Floßgasse 10/17, 1020 Wien; 09.10.1942 Deportation von Wien nach Thersienstadt; 28.10.1944 Überstellung von Theresienstadt nach Auschwitz",männlich,nein,-,Verzeichnis der von Graz nach Wien übersiedelten Juden; DÖW; Yad Vashem,,
339,Weiss,Friedrich,-,Fritz Weiss; Frigyes Weisz,Graz,-,-,-,-,-,22.04.1928,"Graz, Steiermark",20.02.1945,KZ Flossenbürg,12.35453109,49.73690906,jüdischeopfer;jüdisch,"Sohn von Weiss Oskar und Bebetta, geb. Kohn; vor dem 2. Weltkrieg in Graz",männlich,ja,-,Yad Vashem; DÖW; Geni,,als Geburtsdatum wird neben dem 22.04.1928 (DÖW; Geni) auch der 12.04.1928 (Yad Vashem) angegeben; als Sterbedatum findet sich neben dem 20.02.1945 (DÖW; Geni) auch der 02.02.1945 (Yad Vahsem)
340,Weiss,Gisella,Lebowitz,Gisela; Gizella Lebovits,"Gabelsbergerstraße 4, 8020 Graz",15.42673796,47.07564737,"Floßgasse 10/4/17, 1020 Wien",16.37500450,48.21686211,04.03.1894,,-,-,-,-,jüdischeopfer;jüdisch,"Heirat am 14.03.1919 in Budapest mit Weiss Albert; Mutter von Eduard und Josefine; vor dem 2. Weltkrieg in Graz; 1939 Zwangsumsiedlung nach Wien; zuletzt wohnhaft in der Floßgasse 10/4/17, 1020 Wien; Deportation nach Theresienstadt",weiblich,nein,-,Verzeichnis der von Graz nach Wien übersiedelten Judenf; Yad Vashem; Geni,,aufgrund der Wohnadresse in Wien und des Geburtsjahres dürfte es sich um sie handeln
341,Weiss,Josefine,-,Weiß; Jozefina Weisz,"Jakoministraße 7, 8010 Graz",15.44238680,47.06622778,"Floßgasse 10/4/17, 1020 Wien",16.37500450,48.21686211,01.08.1924,"Graz, Steiermark",-,Theresienstadt,14.15064358,50.51089063,jüdischeopfer;jüdisch,"Tochter von Weiss Albert und Gisella, geb. Lebowitz; vor dem 2. Weltkrieg in Graz; 1939 Zwnagsumsiedlung von Graz nach Wien; zuletzt wohnhaft in der Floßgasse 10/4/17, 1020 Wien; Deportatiion  nach Theresienstadt, wo sie laut DÖW ermordet wurde; laut Yad Vashem wurde sie am 14.08.1944 vom KZ Auschwitz in das KZ Stutthof überstellt",weiblich,ja,-,Verzeichnis der von Graz nach Wien übersiedelten Juden; DÖW; Yad Vashem,,laut DÖW starb sie in Theresienstadt; laut Yad Vashem wurde sie am 14.08.1944 vom KZ Auschwitz ins KZ Stutthof überstellt; auf Geni befindet sich ein Jozefin Weisz mit Geburtsdatum 01.08.1926 in Graz und der Mutter Gizella Lebovits
342,Weiss,Josefine,Eisenstädter,Josefine Eisenstädter; Iosefina Veis; Pepi Weiss,"Morregasse 5/II, Graz (Karl-Morre-Straße 5/II, 8020 Graz?)",-,-,"Jakoministraße 7, 8010 Graz",15.44239817,47.06622860,04.06.1881,"Graz, Steiermark",1944,KZ Auschwitz,19.17371606,50.03774115,jüdischeopfer;jüdisch,"Tochter von Eisenstädter Max und Karolina, geb. Grünwald; verheiratet mit dem Kaufmann Weiss Samuel; Mutter von Weiss Oswald und Gross Julie; tätig als Köchin; bis 1938 wohnhaft in Morregasse 5 in Graz; zwischen 1938 und 1939 Ehemann Samuel in Schutzhaft im KZ Dachau;  ab 1939 wohnhaft in Jakominstraße 7, 8010 Graz",weiblich,nein,-,Yad Vashem; Auswanderungsfragebogen; Geni,,"als Geburtsdatum findet sich neben dem 04.06.1881 (Geni; Auswanderungsfragebogen), auch der 04.07.1881 (Auswanderungsfragebogen) und auch das Jahr 1882 (Yad Vashem); unklar, was mit Morregasse 5 gemeint ist"
343,Weiss,Othmar,-,Weiß,"Mariahilferstraße 22, 8020 Graz",15.43320104,47.07336804,-,-,-,25.05.1889,"Graz, Steiermark",15.09.1942,"Brooklyn, New York",-,-,jüdischeopfer;jüdisch,"Sohn von Weiss Adolf und Johanna (Hani), geb. Braun; 06.09.1925 Heirat im Wiener Tempel mit Gertrude, geb. Allina; Vater von Weiss Fritz; Besuch der Schule in Graz; Kaufmann in Graz; ab Jänner 1921 neben seinem Vater Gesellschafter der Firma Adolf Weiss; 12.11.1922 Tod des Vaters Adolf Weiss; 06.09.1925 Heirat im Wiener Tempel mit Gertrude Allina; 25.02.1938 Tod der Mutter Johanna; nach der Machtübernahme der Nationalsozialisten wird Othmar Weiss seines Geschäfts; ""Arisierung"" des Hauses und des Geschäfts; 10.11.1938 Verhaftung im Zuge der Progromnacht und Deportation in das KZ Dachau; 30.11.1938 Verkauf des Hauses in der Mariahilferstraße 22 an den Tischlermeister Franz Lederer; Dezember 1938 Freilassung mit der Auflage das Deutsche Reich zu verlassen; Sohn Fritz kommt mit einem Kindertransport nach Grroßbrritanien; 07.12.1938 Beitritt zu der Aktion Gildemeester; 11.03.1939 Visa für Großbritannien und Land in Richtung London verlassen; 12.12.1939 Reise mit Frau und Sohn mit einem Schiff in die USA; Niederlassung in Brooklyn in New York, wo Othmar Weiß im Alter von nur 53 Jahren verstirbt",männlich,nein,-,"Stolpersteine; Geni; Halbrainer, H./ Macher-Kroisenbrunner, H.: Warenhaus Weiß. In: Halbrainer, H./ Lamprecht, G.: Jüdischer Lend. Eine Spurensuche. Graz 2024, S. 151-159.",,"Bilder online verfügbar unter Stolpersteine; Bild verfügbar in: Halbrainer, H./ Macher-Kroisenbrunner, H.: Warenhaus Weiß. In: Halbrainer, H./ Lamprecht, G.: Jüdischer Lend. Eine Spurensuche. Graz 2024, S. 151-159.; Inhaftierung in KZ Dachau und Flucht, was zu seim frühen Tod geführt haben könnte"
344,Weiss,Robert,-,-,"Neutorgasse 25, 8010 Graz",15.43623928,47.07013915,"Reisnerstraße 3/15, 1030 Wien",16.38241444,48.20280494,11.03.1892,"Graz, Steiermark",-,KZ Auschwitz,19.17371606,50.03774115,jüdischeopfer;jüdisch,"Sohn von Weiss Isidor und Fanni, geb. Felix; verheiratet mit Paula, geb. Fried; Vater von Weiss Susanna (Sussi); Kaufmann; vor dem 2. Weltkrieg in Neutorgasse 25, 8010 Graz; während des 2. Weltkriegs in Reisnerstraße 3/15, 1030 Wien; 15.02.1941 Deportation von Wien nach Opole",männlich,nein,-,Yad Vashem; DÖW; Auswanderungsfragebogen; Geni,,als Geburtsdatum wird neben dem 11.03.1892 (DÖW; Auswanderungsfragebogen; Geni) auch der 02.04.1893 (Yad Vashem) angegeben
345,Weiss ,Samuel,-,-,"Morregasse 5/II, Graz (Karl-Morre-Straße 5/II, 8020 Graz?)",-,-,"Jakoministraße 7, 8010 Graz",15.44239817,47.06622860,15.10.1884,"Cifer, Slowakei",-,-,-,-,jüdischeopfer;jüdisch,"Sohn von Weisz Jakob und Juli, geb. König; verheiratet mit Josefine (Pepi), geb. Eisenstädter; Vater von Weiss Oswald und Gross Julie; Kaufmann; in Graz wohnhaft seit Beginn des 20. Jahrhunderts (1902,1904 oder 1905); Begründer der zionistischen Ortsgruppe Graz; Vorstandsmitglied der Chewra Kadischa Graz; bis mindestens Juli 1938 wohnhaft in der Morregasse 5/II (Karl-Morre-Straße, 8020 Graz?); vermutlich nach dem Novemberpogrom 1938 in Graz mehrere Monate in Schutzhaft im KZ Dachau; im Juli 1939 wohnhaft in der Jakoministraße 7, 8010 Graz gemeinsam mit seiner Frau Josefine",männlich,nein,-,Yad Vashem; Auswanderungsfragebogen; Geni,,"unklar, was mit Morregasse 5/II in Graz gemeint ist"
346,Weiss,Siegmund,-,-,"Jakoministraße 34/1, 8010 Graz",15.44252569,47.06465610,-,-,-,25.02.1877,"Wiener Neustadt, Niederösterreich",-,-,-,-,jüdischeopfer;jüdisch,"Vater von Weiss Bruno; Rechtsanwalt; vor dem 2. Weltkrieg in der Jakoministraße 34/1, 8010 Graz; während des 2. Weltkriegs in der Westbahnstraße 10/12, 1070 Wien; Deportation von Wien in ein unbekanntes Lager",männlich,nein,o:derla.vie1304,Liste DÖW Auswanderungsfragebogen; DERLA; DÖW; Auswanderungsfragebogen,,
347,Weiss,Susanne,-,Susanna,"Neutorgasse 25, 8010 Graz",15.43623928,47.07013915,"Reisnerstraße 3/15, 1030 Wien",16.38241444,48.20280494,27.05.1931,"Graz, Steiermark",-,-,-,-,jüdischeopfer;jüdisch,"Tochter von Weiss Robert und Paula (?), geb. Fried; vor dem 2. Weltkrieg in Neutorgasse 25, 8010 Graz; während des 2. Weltkriegs in Reisnerstraße 3/15, 1030 Wien; 15.02.1941 Deportation von Wien nach Opole",weiblich,ja,-,DÖW; Yad Vashem; Auswanderungsfragebogen; Geni,,als Geburtsdatum wird neben dem 27.05.1931 (DÖW; Auswanderungsfragebogen; Geni) auch der 17.05.1931 (Yad Vashem) angegeben
348,Weisz,Moritz,-,-,"Keplerstraße 78, 8020 Graz",15.42375546,47.07446837,-,-,-,19.05.1882,"Budapest, Ungarn",-,KZ Buchenwald,11.24944041,51.02172998,jüdischeopfer;jüdisch,"vor dem 2. Weltkrieg in der Keplerstraße 78, 8020 Graz; 25.06.1938 Deportation nach Dachau; 23.09.1938 Überstellung von Dachau nach Buchenwald, wo er ermordet wurde",männlich,nein,-,Liste DÖW Wohnadresse_Graz; Geni,,als Geburtsdatum wird neben dem 19.05.1882 (Liste DÖW Wohnadresse_Graz) auch der 19.05.1892 (Geni) angegeben
349,Welisch ,Richard,-,Wellisch,"Mandellstraße 8, 8010 Graz",15.44816215,47.06809504,-,-,-,18.04.1874,"Prag, Tschechien",27.11.1938,KZ Dachau,11.46869264,48.26883841,jüdischeopfer;jüdisch,"Sohn von Welisch Albert und Rosa, geb. Freund; Ehemann von Welisch Bertha Josefa; vor dem 2. Weltkrieg in der Mandellstraße 8, 8010 Graz; Inhaber der ""Züricher Seidenfabrik"" in Graz ""Am Eisernen Tor 2""; Enteignung der Firma zwischen April und Dezember 1938; 12.11.1938 Deportation ins KZ Dachau, wo er ermordet wurde",männlich,nein,-,"DÖW; Yad Vashem; Geni; Halbrainer, H./ Hainzl, J.: ""Ersuche um Mitteilung, wie ich zu einem jüdischen Geschäft komme."" In: Korso 11 (1998). Online verfügbar unter: http://korso.at/korso/DStmk/mitteilung.html (am 15.05.2025).",,
350,Werdisheim ,Sara Charlotte,Zitrin,Szarolta Werdisheim; Charlotte Werdisheim,Graz,-,-,"Seidlgasse 39, 1030 Wien",16.38847800,48.20497175,18.03.1860,"Tarnów, Polen",-,-,-,-,jüdischeopfer;jüdisch,"verheiratet mit Werdisheim Jakob Samuel; Mutter von Weiss Auguste, Werdisheim Max, Porges Helena, Werdisheim Rudolf, Werdisheim Julius, Werdisheim Natalia, Werdisheim Dagobert, Werdisheim Richard, Werdisheim Erwin und Werdisheim Lila; vor dem 2. Weltkrieg in Graz; März 1939 Zwangsumsiedlung nach Wien; während des 2. Weltkriegs in einer ""Ghetto""-Wohnung in der Seidlgasse 39, 1030 Wien; April 1939 Tod von Ehemann Jakob Samuel; Flucht nach Kroatien mit Schwiegertochter Bertha Werdisheim und ihren Enkelkindern; wohnhaft in Zagreb; nach dem Einmarsch der Nationalsozialisten 1941 in Kroatien zogen sie gemeinsam aufs Land; letztmalig zu Begin des Jahres 1944 auf der Insel Rab gesehen, von wo sie deportiert und ermordet wurden",weiblich,nein,-,"Yad Vashem; DÖW; Stolperstein von Max Werdisheim; Geni; Zarfati, A.: Interaction, Confusion and Potential. On the Clash between Archives (on Nazi History) and Family Research. In: Borggräfe, H./ Jah, A.: Deportations in the Nazi Era. Sources and Research. Berlin/Boston 2023, S. 119-134.",,"als Sterbeort wird neben der Insel Rab (DÖW)  auch Čapljina, Bosnien und Herzegowina  im August 1942 (Yad Vashem) angegeben "
351,Werdisheim ,Erwin,-,-,"Lendkai 31, 8020 Graz",15.43352551,47.07424894,-,-,-,27.06.1904,"Stockerau, Niederösterreich",-,-,-,-,jüdischeopfer;jüdisch,"Sohn von Werdisheim Jacob Samuel und Sarah Charlotte, geb. Zitrin; vor dem 2. Weltkrieg in Lendkai 31, 8020 Graz; seit Sommer 1938 in Jugoslawien; Deportation von Jugoslawien ins KZ Jasenovac",männlich,nein,-,DÖW; Yad Vashem; Stolpersteine: Bertha Werdisheim. In: https://www.stolpersteine-graz.at/ststeiermark/werdisheim-bertha/ (am 15.05.2025).; Geni,,
352,Werdisheim ,Julius,-,-,"Radetzkystraße 10, 8010 Graz",15.43969858,47.06672940,-,-,-,28.11.1892,"Pécs, Ungarn",-,-,-,-,jüdischeopfer;jüdisch,"Sohn von Werdisheim Jacob Samuel und Sarah Charlotte, geb. Zitrin; Rechtsanwalt in Graz in der Klosterwiesgasse 24; vor dem 2. Weltkrieg in der Radetzkystraße 10, 8010 Graz; 23.12.1938 Flucht nach Jugoslawien; November 1939 Auslieferung an die Gestapo gemeinsam mit seinem Bruder Max; 17 Monate lang in Haft in Wien; Julius Werdisheim ging nach der Haft zurück nach Kroatien; Deportation von Jugoslawien ins KZ Jasenovac",männlich,nein,-,DÖW; Yad Vashem; Stolpersteine: Bertha Werdisheim. In: https://www.stolpersteine-graz.at/ststeiermark/werdisheim-bertha/ (am 15.05.2025); Geni; Findbuch for Victims of National Socialism,,
353,Wiener ,Johann,-,Hans,"Wielandgasse 2, 8010 Graz",15.43801438,47.06631169,-,-,-,03.09.1892,"Graz, Steiermark",13.02.1945,KZ Dachau,11.46869264,48.26883841,jüdischeopfer;als Jude verfolgt,"Sohn von  Wiener Albert und Rosa Ernestine, geb. Österreicher; 1906 zum römisch-katholischen Christentum konvertiert; vor dem 2. Weltkrieg in der Wielandgasse 2, 8010 Graz; 14.09.1944 Deportation von Veldes ins KZ Dachau, wo er ermordet wurde",männlich,nein,-,DÖW; Yad Vashem; Arolsen; Geni,,laut Geni 1906 zum römisch-katholischen Christentum konvertiert (auch Arolsen)
354,Würzburger,Helene,Breier,Helena; Virtzburger,"Krenngasse 43, 8010 Graz",15.45983010,47.06787049,"Hammer-Purgstall-Gasse 1, 1020 Wien",16.37664860,48.21503223,05.04.1895,"Podunajské Biskupice, Bratislava, Slowakei",26.05.1942,Maly Trostinec,27.70358964,53.83507935,jüdischeopfer;jüdisch,"verheiratet mit Würzburger Hugo; zunächst in Jennersdorf wohnhaft; vor dem 2. Weltkrieg in der Krenngasse 43, 8010 Graz; Zwangsumsiedlung nach Wien; während des 2. Weltkriegs in einer Sammelwohnung in der Hammer-Purgstall-Gasse 1, 1020 Wien; 20.05.1942 Deportation von Wien nach Maly Trostinec, wo sie ermordet wurde",weiblich,nein,-,Liste DÖW Auswanderungsfragebogen; DÖW; Yad Vashem; Auswanderungsfragebogen; Geni,,als Geburtsdatum wird neben dem 05.04.1895 (DÖW) auch das Jahr 1890 (Yad Vashem) angegeben
355,Würzburger,Hugo,-,Virtzburger,"Krenngasse 43, 8010 Graz",15.45983010,47.06787049,"Hammer-Purgstall-Gasse 1, 1020 Wien",16.37664860,48.21503223,11.01.1884,"Aschau, Burgenland",26.05.1942,Maly Trostinec,27.70358964,53.83507935,jüdischeopfer;jüdisch,"Sohn von Würzburger Gaspar Karl (Gershon) und Sara, geb. Braun; verheiratet mit Helene, geb. Breier; Viehändler; von 1892 bis 1938 wohnhaft in Jennersdorf, Burgenland; ab 1938 und während des 2. Weltkriegs in der Krenngasse 43, 8010 Graz; Zwangsumsiedlung nach Wien; während des 2. Weltkriegs gemeinsam mit Schwester Rosine und Ehefrau Helene in einer Sammelwohnung in der Hammer-Purgstall-Gasse 1, 1020 Wien; 20.05.1942 Deportation von Wien nach Maly Trostinec, wo er ermordet wurde",männlich,nein,-,Liste DÖW Auswanderungsfragebogen; DÖW; Yad Vashem; Auswanderungsfragebogen; Geni,,als Geburtsdatum wird neben dem 10.01.1894 (Auswanderungsfragebogen) auch der 11.01.1894 (DÖW) angegeben
356,Würzburger,Rosine,-,Rosa; Rosina; Virtzburger,"Krenngasse 43, 8010 Graz",15.45983010,47.06787049,"Hammer-Purgstall-Gasse 1, 1020 Wien",16.37664860,48.21503223,24.02.1888,"Aschau, Burgenland",26.05.1942,Maly Trostinec,27.70358964,53.83507935,jüdischeopfer;jüdisch,"Tochter von Würzburger Gaspar Karl (Gershon) und Sara, geb. Braun; ledig; wohnhaft in Jennersdorf, Burgenland; ab 1938 und während des 2. Weltkriegs in Graz; während des 2. Weltkriegs gemeinsam mit Bruder Sigmund Vari in einer Sammelwohnung in der Hammer-Purgstall-Gasse 1, 1020 Wien; 20.05.1942 Deportation von Wien nach Maly Trostinec, wo sie ermordet wurde",weiblich,nein,-,Yad Vashem; DÖW; Auswanderungsfragebogen; Geni,,"fälschlicherweise ""Aschach, Oberösterreich"" auf Yad Vashem"
357,Zerkowitz,Bruno,-,-,"Wastlergasse 8, 8010 Graz",15.44269469,47.08045008,-,-,-,02.03.1889,"Banja Luka, Bosnien und Herzegowina",24.02.1942,KZ Jasenovac,16.92189235,45.27730038,jüdischeopfer;jüdisch,"Sohn von Zerkowitz Alexander und Jeanette, geb. Nettel; Baumeister in Graz; zunächst wohnhaft in der Humboldtstraße 33, 8010 Graz; zuetzt in Graz wohnhaft in der Wastlergasse 8, 8010 Graz; als Baumeister beteiligt am Bau des Margaretenbades in Graz;1933 Heirat mit Anny, geb. Rappel (1905-1999); Vater von Claus (09.11.1936); 1937 Brandanschlag auf das Bauunternehmen Zerkowitz; 1938 wird das Margaretenbad durch den Nationalsozialisten Otto Bröderer ""arisiert""; 10.11.1938 anlässlich des Pogroms ins KZ Dachau überstellt; nach drei Monaten Rückkehr nach Graz; 31.07.1939 Abmeldung aus Graz; 1940 Emigration nach Jugoslawien; 04.08.1941 Verhaftung in Jugoslawien; 01.10.1941 Ankunft im KZ Jasenovac, wo er erschossen wurde",männlich,nein,o:derla.sty633; o:derla.sty634,"DÖW; DERLA; Yad Vashem; Geni; Senarclens de Grancy, A.: Bruno Zerkowitz (1889-1942). In: Senarclens de Grancy, A./ Zettelbauer, H. (Hrsg.): Architektur, Vergessen. Jüdische Archtekten in Graz. Wien/Köln/Weimar, 2011, S. 247-253.; Doujenis, D.: Das Margaretenbad. In: Halbrainer, H./ Lamprecht, G.: Jüdisches Geidorf? Eine historische Spurensuche. Graz 2020, S. 23f.; Halbrainer, H.: Opfer rassistischer Verfolgung aus dem Bezirk Geidorf. In: Halbrainer, H./ Lamprecht, G.: Jüdisches Geidorf? Eine historische Spurensuche. Graz 2020, S. 76.",,"Bild verfügbar unter Yad Vashem; Bilder verrfügbar in Senarclens de Grancy, A.: Bruno Zerkowitz (1889-1942). In: Senarclens de Grancy, A./ Zettelbauer, H. (Hrsg.): Architektur, Vergessen. Jüdische Archtekten in Graz. Wien/Köln/Weimar, 2011, S. 247-253.; als Sterbedatum findet sich neben dem 24.02.1942 (DÖW; DERLA; Geni) auch der 28.02.1942 (Halbrainer)"
358,Zerkowitz,Jenny,Nettel,Jeanette,"Humboldtstraße 33, 8010 Graz",15.44414419,47.08017974,"Hohe Warte 32, 1190 Wien",16.35604515,48.24748535,05.03.1860,"Náchod, Tschechien",22.12.1942,Theresienstadt,14.15064358,50.51089063,jüdischeopfer;jüdisch,"Tochter von Nettel Adalbert/Albert und Rosalie, geb. Wiesner; verheiratet mit Zerkowitz Alexander; Mutter von Zerkowitz Bruno, Oskar, Flecker-Königstein Sylvia, Zerkowtiz Berta, Ernst, Friedrich und Elsa; um 1885 mit Ehemann nach Banja Luka, Bosnien und Herzegowina übersiedelt, wo sie ihre fünf ersten Kinder gebar; im Jahr 1895 Übersiedlung nach Graz; zunächst wohnhaft in der Bergmanngasse 18, 8010 Graz und in der Humboldtstraße 19, 8010 Graz; seit 1911 in dem von Alexander Zerkowitz erbauten Haus Humboldtstraße 33, 8010 Graz wohnhaft; 01.01.1927 Tod des Ehemanns Alexander; Erbauerin und Eigentümerin des Margaretenbads; 1938 wird das Margaretenbad durch den Nationalsozialisten Otto Bröderer ""arisiert""; am 28.11.1938 von den Nationalsozialisten zum Ausziehen gezwungen; zuletzt gemeltet bei ihrem Sohn Bruno und seiner Frau Anna Zerkowitz in der Wastlergasse 8, 8010 Graz; im Alter von 82 Jahren im Oktober 1941 in ein Pensionistenheim auf der Hohen Warte 32, 1190 Wien gebracht; 28.06.1942 Deportation von Wien nach Theresienstadt, wo sie am 22.12.1942 starb",weiblich,nein,o:derla.sty634,"Yad Vashem; DÖW; DERLA; Geni; Senarclens de Grancy, A.: Alexander Zerkowitz (Wien 1860-1927 Graz). In: Senarclens de Grancy, A./ Zettelbauer, H. (Hrsg.): Architektur, Vergessen. Jüdische Architekten in Graz. Wien/Köln/Weimar, 2011, S. 233-246.; Doujenis, D.: Das Margaretenbad. In: Halbrainer, H./ Lamprecht, G.: Jüdisches Geidorf? Eine historische Spurensuche. Graz 2020, S. 23f.; Halbrainer, H.: Opfer rassistischer Verfolgung aus dem Bezirk Geidorf. In: Halbrainer, H./ Lamprecht, G.: Jüdisches Geidorf? Eine historische Spurensuche. Graz 2020, S. 76f. ",,"Bilder verfügbar unter Yad Vashem und Geni; Bilder verfügbar in Senarclens de Grancy, A.: Alexander Zerkowitz (Wien 1860-1927 Graz). In: Senarclens de Grancy, A./ Zettelbauer, H. (Hrsg.): Architektur, Vergessen. Jüdische Architekten in Graz. Wien/Köln/Weimar, 2011, S. 233-246.; als Geburtsdatum wird neben dem 05.03.1860 (DERLA; Halbrainer) auch der 08.03.1860 (DÖW; Geni) und der 08.03.1858 (Yad Vashem) "
359,Bander,Maria,Singer,Marie; Bender,"Keplerstraße 49, 8020 Graz",15.42686729,47.07518370,"Rotensterngasse 33/17, 1020 Wien",16.38618307,48.21667488,06.09.1874,"Boliso, Slowakei",1941,Minsk,27.56037720,53.89713764,jüdischeopfer;jüdisch,"Tochter von Singer Jakob und Rosa, geb. Kohn; verheiratet mit dem Grazer Kaufmann Bander Josef; Mutter von Bander Max, Schubert Liesel, Lenhof Martha und Hornung Grete; vor dem 2. Weltkrieg in der Keplerstraße 49, 8020 Graz; 1939 Zwangsübersiedlung nach Wien; zuletzt wohnhaft in einer Sammelwohnung in der Rotensterngasse 33/17, 1020 Wien; 28.11.1941 Deportation von Wien nach Minsk, wo sie ermordet wurde",weiblich,nein,o:derla.sty496,Verzeichnis der von Graz nach Wien übersiedelten Juden; DERLA; DÖW; Yad Vashem; Geni,,
360,Dukatenzeiler,Mina,-,-,"Reitschulgasse 10, 8010 Graz",15.44412988,47.06667638,"Floßgasse 8/54, 1020 Wien",16.37486479,48.21667345,30.08.1903,"Drohobycz, Ukraine",-,-,-,-,jüdischeopfer;jüdisch,"Tochter von Wieser Aron und Cywja, geb. Schwarz; verheiratet mit Dukatenzeiler Lepold; Mutter von Dukatnzeiler Sascha und Heinrich; vor dem 2. Weltkrieg in der Reitschulgasse 10, 8010 Graz wohnhaft; Zwangsübersiedlung nach Wien; zuletzt wohnhaft in einer Alterswohngemeinschaft in der Floßgasse 8/54, 1020 Wien; 26.02.1941 Deportation von Wien nach Opole",weiblich,nein,-,Verzeichnis der von Graz nach Wien übersiedelten Juden; DÖW; Yad Vashem; Geni,,
361,Enis,Rafael,-,Raphael; Anis; Einis,"Annenstraße 36, 8020 Graz",15.42585418,47.07137865,"Lichtenauergasse 9/7, 1020 Wien",16.38965561,48.21461928,15.07.1890,"Iwano-Frankiwsk, Ukraine",02.04.1940,KZ Buchenwald,11.24944041,51.02172998,jüdischeopfer;jüdisch,"Sohn von Dienst Meir und Enis Roza; verheiratet mit Charlotte, geb. Szeindel Treude Klein; Vater von Enis Tzvi, Leopold, Blanka und Arie; vor dem 2. Weltkrieg in der Annenstraße 36, 8020 Graz wohnhaft; ab 1924 gemeinsam mit seinem Bruder Nathan Enis Betreiber des „Kreditwarenhaus Brüder Enis“ in der Annenstraße 43, 8010 Graz; nach einem Ausgleich 1931 ging er nach Palästina; 1937 Rückkehr nach Graz und Aufbau eines neuen Geschäfts in der Annenstraße 36; im Zuge des Novemberpogroms 1938 verhaftet umd am 12.11.1938 Deportation von Graz nach Dachau;nach der Freilassung aus dem KZ Dachau Zwangsumsiedlung nach Wien; zuletzt wohnhaft in einer Sammelwohnung in der Lichtenauergasse 9/7, 1020 Wien; September 1939 Verhaftung im Zuge einer Razzia; 02.10.1939 Überstllung von Wien in das KZ Buchenwald, wo er ermordet wurde",männlich,nein,-,"Verzeichnis der von Graz nach Wien übersiedelten Juden; DÖW; Yad Vashem; Auswanderungsfragebogen; Geni; Lamprecht, G./ Halbrainer, H./ Haizl, J.: Annenstraße 1938. Raub und Vertreibung. Graz 2025.",,als Geburtsdatum findet sich neben dem 15.07.1890 (DÖW; Yad Vashem; Auswanderungsfragebogen; Geni Lamprecht/Halbrainer/Haindl) auch der 15.07.1892 (Yad Vashem) und das Jahr 1895 (Yad Vashem)
362,Glück,Alfred,-,-,Graz (Rettenbacher Straße 12?),-,-,"Krummbaumgasse 6/12a, 1020 Wien",16.37618753,48.21679094,03.01.1906,"Wien, Österreich",-,-,-,-,jüdischeopfer;jüdisch,"Sohn von Glück Abraham Adolf und Marie, geb. Fuchs; ledig; Vertreter; vor dem 2. Weltkrieg in Graz; Zwangsumsiedlung nach Wien; zuletzt wohnhaft in einer Sammelwohnung in der Krummbaumgasse 6/12a, 1020 Wien; 09.10.1942 Deportation von Wien nach Theresienstadt; 06.09.1943 Überstellung von Theresienstadt nach Auschwitz",männlich,nein,-,Verzeichnis der von Graz nach Wien übersiedelten Juden; DÖW; Yad Vashem; Auswanderungsfragebogen; Geni,,
363,Guttfeld,Walter,-,Gutfeld; Valter Marcus,Graz,-,-,"Obere Donaustraße 87, 1020 Wien",16.37610792,48.21391312,16.01.1904,"Legnica, Polen",-,-,-,-,jüdischeopfer;jüdisch,"Sohn von Guttfeld Moritz und Rosalie; verheiratet mit Rita, geb. Seiter; wohl geschieden; Elektro-Monteur und Textilverkäufer; vor dem 2. Weltkrieg wohnhaft in Triest, Magdeburg und zuletzt in Graz; zwischen 1936 und 20. März 1938 in Graz wohnhaft; seit 20.03.1938 in Wien wohnhaft, zunächst in Große Schiffgasse 22/2, 1020 Wien; zuletzt wohnhaft in Obere Donaustraße 87, 1020 Wien; 20.10.1939 Deportation von Wien nach Nisko",männlich,nein,-,Verzeichnis der von Graz nach Wien übersiedelten Juden; DÖW; Yad Vashem; Auswanderungsfragebogen; Geni,,als Geburtsdatum wird neben dem 16.01.1904 (Auswanderungsfragebogen; Yad Vashem) auch der 18.01.1904 (DÖW) und der 13.01.1904 (Geni) angegeben
364,Reich,Josef,-,-,"Dominikanergasse 1, 8020 Graz",15.43047020,47.07064836,"Konradgasse 1/10, 1020 Wien",16.38223576,48.22151581,06.03.1870,"Krakau, Polen",15.01.1944,Theresienstadt,14.15064358,50.51089063,jüdischeopfer;jüdisch,"Sohn von Reich Israel Leib und Dorothea Golde, geb. Rosenblüth; Heirat am 04.04.1897 in Graz mit Kornelia, geb. Bodansky; Kaufmann; vor dem 2. Weltrieg in der Dominikanergasse 1, 8020 Graz; Zwangsumsiedlung nach Wien; zuletzt wohnhaft in der Konradgasse 1/10, 1020 Wien; 10.09.1942 Deportation von Wien nach Theresienstadt, wo er ermordet wurde",männlich,nein,-,Verzeichnis der von Graz nach Wien übersiedelten Juden; DÖW; Yad Vashem; Geni,,
365,Rokach,Salomon Jakob,-,Jakob; Rockach,"Lagergasse 67, 8020 Graz",15.43321782,47.06112988,"Rembrandtstraße 22, 1020 Wien",16.37243420,48.22207308,16.11.1872,"Brody, Polen",12.03.1942,Bernburg an der Saale,11.72926966,51.78731508,jüdischeopfer;jüdisch,"verheiratet mit Berta; vor dem 2. Weltkrieg in der Lagergasse 67, 8020 Graz wohnhaft; Zwangsumsiedlung nach Wien; zuletzt wohnhaft in einer Sammelwohnung in der Rembrandtstraße 22, 1020 Wien; 02.10.1939 Deportation von Wien nach Buchenwald; 24.10.1940 Überstellung von Buchenwald nach Dachau; 12.07.1942 Überstellung von Dachau nach Buchenwald; 12.03.1941 in der Tötungsanstalt Bernburg an der Saale ermordet",männlich,nein,-,Verzeichnis deer von Graz nach Wien übersiedelten Juden; DÖW; Yad Vashem,,als Todesdatum wird neben dem 12.03.1942 in Bernburg (DÖW; Yad Vashem) auch der 08.04.1942 im KZ Buchenwald (Yad Vashem) angegeben
366,Rosenberger,Moritz,-,Moriz; Rosenberg,"Neutorgasse 35, 8010 Graz",15.43620135,47.06929030,"Nickelgasse 3/9, 1020 Wien",16.37504520,48.21814658,01.04.1871,"Stadtschlaining, Burgenland",-,Treblinka,22.02263844,52.66443665,jüdischeopfer;jüdisch,"Sohn von Rosenberg Heinrich und Rosenberger Johanna, geb. Braun; verheiratet mit Rosenberger Therese; selbstständiger Kaufmann in Graz; vor dem 2. Weltkrieg wohnhaft in der Neutorgasse 35, 8010 Graz; Zwangsumsiedlung nach Wien; zuletzt wohnhaft in einer Sammelwohnung in der Nickelgasse 3/9, 1020 Wien; 10.07.1942 Deportation von Wien nach Theresienstadt; 23.09.1942 Überstellung von Thersienstadt nach Treblinka, wo er ermordet wurde",männlich,nein,-,Verzeichnis der von Graz nach Wien übersiedelten Juden; DÖW; Yad Vashem; Auswanderungsfragebogen; Geni,,
367,Stern,Samuel,-,-,"Mariahilfer Straße 22, 8020 Graz",15.43319974,47.07336318,"Große Schiffgasse 3, 1020 Wien",16.37527219,48.21642325,29.05.1867,"Rechnitz, Burgenland",08.04.1943,Theresienstadt,14.15064358,50.51089063,jüdischeopfer;jüdisch,"verheiratet mit Marie, geb. Schwarz; Vater von Kahane Hermine, Stern Mathilde, Wilhelmine und Robert; Schächter, Vorbeter und Musiker; vor dem 2. Weltkrieg in der Mariahilfer Straße 22, 8020 Graz; während des 2. Weltkriegs in einem jüdischen Altersheim in Große Schiffgasse 3, 1020 Wien, 24.09.1942 Deportation von Wien nach Theresienstadt, wo er ermordet wurde",männlich,nein,-,Verzeichnis der von Graz nach Wien übersiedelten Juden; DÖW; Auswanderungsfragebogen; Geni,,
368,Tillemann,Herbert,-,Hubert,Graz,-,-,"Grünentorgasse 26, 1090 Wien",16.36631457,48.22075220,09.06.1931,"Graz, Steiermark",18.09.1942,Maly Trostinec,27.70358964,53.83507935,jüdischeopfer;jüdisch,"Sohn von Tillemann Isak und Irma, geb. Kohn; 1934 Tod der Mutter Irma; vor dem 2. Weltkrieg in Graz; Zwangsumsiedlung nach Wien; während des 2. Weltrkiegs in einem ""Jüdischen Lehrlingsheim für Knaben"" in Grünentorrgasse 26, 1090 Wien; 14.09.1942 Deportation von Wien nach Maly Trostinec, wo er ermordet wurde",männlich,ja,-,Verzeichnis der von Graz nach Wien übersiedelten Juden; DÖW; Yad Vashem; Auswanderungsfragebogen; Geni,,
369,Tillemann,Izak,-,Isak; Isaac,Graz,-,-,"Praterstraße 50/8a, 1020 Wien",16.38671342,48.21568166,21.04.1900,"Drohobycz, Ukraine",03.02.1940,KZ Buchenwald,11.24944041,51.02172998,jüdischeopfer;jüdisch,"Sohn von Tillemann David und Lei Heni, geb. Lautner; 1. Ehe mit Irma, geb. Kohn; aus dieser Ehe Sohn Herbert; 1934 Tod der Ehefrau Irma; 2. Ehe mit Ilona, geb. Schischa; aus dieser Ehe Tochter Susanne; Monteur; seit 11.11.1926 in Graz; Zwangsumsiedlung nach Wien; seit 23.März 1938 in einer Sammelwohnung in der Praterstraße 50/8a, 1020 Wien; 02.10.1939 Deportation von Wien ins KZ Buchenwald, wo er ermordet wurde",männlich,nein,-,Verzeichnis der von Graz nach Wien übersiedelten Juden; DÖW; Yad Vashem; Auswanderungsfragebogen; Geni,,Bild online verfügbar unter Yad Vashem;
370,Wieselmann,Rosalie,Rosenfeld,Rosaly,"Keplerstraße 49, 8020 Graz",15.42686729,47.07518370,"Alxingergasse 97, 1100 Wien",16.36660168,48.16914860,20.07.1854,"Lackenbach, Burgenland",28.10.1942,Theresienstadt,14.15064358,50.51089063,jüdischeopfer;jüdisch,"Tochter von Rosenfeld Ignatz und Betty; verheiratet mit Wieselmann Ignaz; Mutter von Wieselmann Anna; vor dem 2. Weltkrieg in der Keplerstraße 49, 8020 Graz; Zwangsumsiedlung nach Wien; zuletzt wohnhaft im Altersheim der IKG Wien in der Alxingergasse 97, 1100 Wien, 22.07.1942 Deportation von Wien nach Theresienstadt, wo sie ermordet wurde",weiblich,nein,-,Verzeichnis der von Graz nach Wien übersiedelten Juden; DÖW; Yad Vashem; Geni,,
371,Latzer,Bernhard,-,-,"Georgigasse 5, 8020 Graz",15.40728319,47.07283325,"Obere Donaustraße 49/18, 1020 Wien",16.37193887,48.21895957,15.07.1872,"Graz, Steiermark",27.10.1942,Theresienstadt,14.15064358,50.51089063,jüdischeopfer;jüdisch,"Sohn von Latzer Heinrich und Helene; vor dem 2. Weltkrieg in der Georgigasse 5, 8020 Graz wohnhaft; Zwangsumsiedlung nach Wien; zuletzt wohnhaft in einer Sammelwohnung in Obere Donaustraße 49/18, 1020 Wien; 28.07.1942 Deportation von Wien nach Theresienstadt, wo er ermordet wurde",männlich,nein,-,Verzeichnis der von Graz nach Wien übersiedelten Juden; DÖW; Yad Vashem; Geni,,
372,Fischer,Ferdinand,-,-,"Fellingergasse 3, 8020 Graz",15.43294385,47.07509489,"Schmelzgasse 10/14, 1020 Wien",16.38283590,48.21580755,14.08.1873,"Dobrá Voda, Slowakei",-,Treblinka,22.02263844,52.66443665,jüdischeopfer;jüdisch,"Sohn von Fischer David und Netti, geb. Reich; Heirat am 22.08.1901 in Bratislava mit Bertha, geb. Feldmar; Vater von Neubauer Vilma und Fischer Hans; Kaufmann; vor dem 2. Weltkrieg wohnhaft in der Fellingergasse 3, 8020 Graz; Zwangsumsiedlung nach Wien in eine Sammelwohnung am Esteplatz 7, 1030 Wien; zuletzt wohnhaft in eine Alterswohngemeinschaft in der Schmelzgasse 10/14, 1020 Wien; 10.07.1942 Deportation von Wien nach Theresienstadt; 23.09.1942 Überstellung von Theresienstadt nach Treblinka, wo er ermordet wurde",männlich,nein,o:derla.vie1290,Verzeichnis der von Graz nach Wien übersiedelten Juden; DERLA; DÖW; Yad Vashem; Geni,,
373,Fischer,Bertha,Feldmár,Berta; Feldmann,"Fellingergasse 3, 8020 Graz",15.43294385,47.07509489,"Schmelzgasse 10/14, 1020 Wien",16.38283590,48.21580755,28.04.1882,"Orechová Potôň, Slowakei",06.02.1944,Theresienstadt,14.15064358,50.51089063,jüdischeopfer;jüdisch,"Tochter von Feldmár Samuel und Sali, geb. Felix; Heirat am 22.08.1901 in Bratislava mit Fischer Ferdinand; Mutter von Neubauer Vilma und Fischer Hans; vor dem 2. Weltkrieg wohnhaft in der Fellingergasse 3, 8020 Graz; Zwangsumsiedlung nach Wien in eine Sammelwohnung am Esteplatz 7, 1030 Wien; zuletzt wohnhaft in eine Alterswohngemeinschaft in der Schmelzgasse 10/14, 1020 Wien; 10.07.1942 Deportation von Wien nach Theresienstadt, wo sie möglicherweise am 06.02.1944 ermordet wurde; vielleicht wurde sie allerdings auch wie ihr Mann am 23.09.1942 von Theresienstadt nach Treblinka überstellt und dort ermordet",weiblich,nein,o:derla.vie1290,Verzeichnis der von Graz nach Wien übersiedelten Juden; DERLA; DÖW; Yad Vashem; Geni,,"laut DÖW und Yad Vashem wurde sie am 23.09.1942, wie ihr Mann, von Theresienstadt nach Treblinka überstellt; laut Yad Vashem und DERLA verstarb sie am 06.02.1944 in Theresienstadt"
374,Kraus,Josef,-,-,"Schmiedgasse 31, 8010 Graz",15.44029853,47.06782808,"Haasgasse 8, 1020 Wien",16.37260673,48.22145531,14.12.1869,"Dolní Kralovice, Tschechien",-,Treblinka,22.02263844,52.66443665,jüdischeopfer;jüdisch,"Sohn von Kraus Isak und Ludmilla Karoline, geb. Klineberger; Heirat am 08.12.1907 in Wien mit Olga, geb. Reis; Vater von Kraus Rudolf und N.N.; Lederhändler; zugewandert aus Unter-Kralowitz, Böhmen nach Graz; vor dem 2. Weltkrieg in der Schmiedgasse 31, 8010 Graz; Zwangsumsiedlung in die Margaretenstraße 52, 1040 Wien; zuletzt wohnhaft im Jüdischen Altersheim in der Haasgasse 8, 1020 Wien; 27.08.1942 Deportation von Wien nach Theresienstadt; 29.09.1942 Deportation von Theresienstadt nach Treblinka, wo er und seine Frau Olga ermordet wurde",männlich,nein,-,Verzeichnis der von Graz nach Wien übersiedelten Juden; DÖW; Yad Vashem; Geni,,als Geburtsdatum wird neben dem 17.12.1869 auch der 14.12.1869 angegeben;